time,latitude,longitude,depth,mag,magType,nst,gap,dmin,rms,net,id,updated,place,type,horizontalError,depthError,magError,magNst,status,locationSource,magSource
2026-08-31T04:48:48.350Z,34.039833333333,-117.24616666667,12.75,0.74,ml,20,222,0.181,0.13,ci,ci41539544,2026-08-31T04:52:19.494Z,"2 km SE of Loma Linda, CA",earthquake,0.6,1.18,0.2009427035061,21,automatic,ci,ci
2026-08-31T04:44:45.689Z,60.623,-142.663,17.1,1.5,ml,22,67,0.2,0.8,ak,aka2026rfiulb,2026-08-31T04:48:56.464Z,"91 km S of McCarthy, Alaska",earthquake,2.9,1.8594,0.1,16,automatic,ak,ak
2026-08-31T04:38:22.200Z,-25.2065,179.8021,508.306,4.5,mb,39,94,4.501,1.03,us,us7000td2f,2026-08-31T04:52:25.040Z,south of the Fiji Islands,earthquake,12.73,8.867,0.071,58,reviewed,us,us
2026-08-31T04:19:03.620Z,36.069166666667,-117.84433333333,2.1,0.93,ml,16,67,0.04906,0.11,ci,ci41539536,2026-08-31T04:22:23.601Z,"10 km ENE of Coso Junction, CA",earthquake,0.16,0.2,0.18188107506346,13,automatic,ci,ci
2026-08-31T04:14:47.740Z,19.062166213989,-155.37832641602,32.380001068115,2.15,md,42,204,0.122,0.219999999,hv,hv75027092,2026-08-31T04:18:22.670Z,"18 km SE of Pāhala, Hawaii",earthquake,1.03,0.730000019,0.1599947252126,13,automatic,hv,hv
2026-08-31T04:14:37.930Z,36.071833333333,-117.84216666667,2.74,0.74,ml,16,66,0.0468,0.08,ci,ci41539528,2026-08-31T04:18:07.779Z,"10 km ENE of Coso Junction, CA",earthquake,0.12,0.41,0.093908050713788,8,automatic,ci,ci
2026-08-31T04:04:34.127Z,9.6408,126.1362,83.891,4.9,mb,49,45,13.969,0.97,us,us7000td2c,2026-08-31T04:53:05.352Z,"13 km SSE of Union, Philippines",earthquake,10.73,6.268,0.092,37,reviewed,us,us
2026-08-31T03:49:29.050Z,38.835834503174,-122.80750274658,2.2799999713898,0.2,md,7,158,0.01365,0.01,nc,nc75427522,2026-08-31T03:51:07.450Z,"7 km WNW of Cobb, CA",earthquake,0.53,1.32000005,0.04,8,automatic,nc,nc
2026-08-31T03:48:10.073Z,31.399,-103.224,0,2.2,ml,5,224,0.2,0.9,tx,tx2026rcnhqt,2026-08-31T03:53:23.087Z,"17 km ESE of Barstow, Texas",earthquake,0,,1,3,automatic,tx,tx
2026-08-31T03:35:30.890Z,38.823665618896,-122.80283355713,2.2300000190735,0.74,md,14,76,0.005662,0.02,nc,nc75427512,2026-08-31T04:27:21.498Z,"7 km NW of The Geysers, CA",earthquake,0.28,0.680000007,0.1,15,automatic,nc,nc
2026-08-31T03:32:13.190Z,34.0655,-117.24833333333,12.9,0.98,ml,56,30,0.04904,0.18,ci,ci41539520,2026-08-31T03:35:40.599Z,"2 km NNE of Loma Linda, CA",earthquake,0.16,0.37,0.16707700263761,26,automatic,ci,ci
2026-08-31T03:30:16.730Z,33.343333333333,-116.56866666667,12.39,1.18,ml,14,124,0.1474,0.24,ci,ci41539512,2026-08-31T03:33:39.248Z,"9 km NE of Warner Springs, CA",earthquake,0.92,2.57,0.34925109526123,16,automatic,ci,ci
2026-08-31T03:10:50.540Z,36.109,-117.74516666667,5.45,0.86,ml,23,47,0.08519,0.13,ci,ci41539504,2026-08-31T03:14:16.350Z,"20 km ENE of Coso Junction, CA",earthquake,0.19,0.53,0.12755875393603,10,automatic,ci,ci
2026-08-31T02:58:17.310Z,38.507666666667,-112.88583333333,1.71,1.85,ml,19,57,0.006111,0.14,uu,uu80152431,2026-08-31T03:29:47.580Z,"16 km NE of Milford, Utah",earthquake,0.29,0.42,0.019765539506619,2,reviewed,uu,uu
2026-08-31T02:43:30.220Z,19.034833908081,-155.35249328613,29.540000915527,1.76,md,14,251,0.1585,0.200000003,hv,hv75027062,2026-08-31T02:47:13.420Z,"22 km SE of Pāhala, Hawaii",earthquake,1.83,1.37,0.21402502401652,13,automatic,hv,hv
2026-08-31T02:38:43.785Z,62.018,-149.334,3.7,1.6,ml,22,98,0.3,0.7,ak,aka2026rfepeh,2026-08-31T02:40:16.854Z,"30 km N of Fishhook, Alaska",earthquake,3.6,2.3613,0.1,7,automatic,ak,ak
2026-08-31T02:38:21.308Z,58.156,-155.301,5,0.9,ml,8,109,0.1,0.6,ak,aka2026rfeovr,2026-08-31T02:39:09.400Z,"82 km NW of Karluk, Alaska",earthquake,5.9,,0.2,6,automatic,ak,ak
2026-08-31T02:30:54.220Z,35.650166666667,-117.56033333333,8.23,0.98,ml,32,53,0.1123,0.14,ci,ci41539496,2026-08-31T02:34:19.948Z,"11 km ENE of Ridgecrest, CA",earthquake,0.15,0.64,0.20118985888257,11,automatic,ci,ci
2026-08-31T02:24:35.425Z,56.967,-155.735,14.5,2,ml,20,187,0.7,0.4,ak,aka2026rfecwp,2026-08-31T02:25:46.308Z,"95 km W of Akhiok, Alaska",earthquake,9.6,4.0877,0.1,5,automatic,ak,ak
2026-08-31T02:16:31.390Z,32.3685,-115.211,17.87,2.63,ml,28,56,0.09439,0.28,ci,ci41539488,2026-08-31T02:20:00.500Z,"2 km NW of Delta, B.C., MX",earthquake,0.43,1.07,0.19193411386311,27,automatic,ci,ci
2026-08-31T01:54:43.870Z,35.9525,-117.67966666667,4.06,0.88,ml,22,52,0.0242,0.14,ci,ci41539480,2026-08-31T01:58:08.885Z,"21 km E of Little Lake, CA",earthquake,0.18,0.3,0.076191628989429,11,automatic,ci,ci
2026-08-31T01:47:39.648Z,60.481,-151.729,74.6,1.6,ml,26,89,0.3,0.7,ak,aka2026rfcwxb,2026-08-31T01:49:21.765Z,"25 km WNW of Kalifornsky, Alaska",earthquake,4.4,3.8648,0.1,15,automatic,ak,ak
2026-08-31T01:43:26.237Z,60.252,-141.167,5,1.2,ml,11,126,0.1,0.4,ak,aka2026rfctfq,2026-08-31T01:44:31.131Z,"112 km NW of Yakutat, Alaska",earthquake,7.6,,0.1,4,automatic,ak,ak
2026-08-31T01:35:46.361Z,62.199,-152.775,5,1.5,ml,11,194,0.6,0.4,ak,aka2026rfcmpi,2026-08-31T01:36:52.080Z,"75 km WNW of Skwentna, Alaska",earthquake,6.5,,0.2,4,automatic,ak,ak
2026-08-31T01:35:24.310Z,35.767,-117.5935,6.66,1.52,ml,36,54,0.1454,0.14,ci,ci41539472,2026-08-31T01:46:19.090Z,"17 km W of Searles Valley, CA",earthquake,0.15,0.56,0.18442560974093,24,automatic,ci,ci
2026-08-31T01:24:44.530Z,19.183500289917,-155.4836730957,29.610000610352,1.98,md,23,77,0.03458,0.109999999,hv,hv75027032,2026-08-31T01:28:23.290Z,"2 km SSW of Pāhala, Hawaii",earthquake,0.6,0.829999983,0.13280671588649,11,automatic,hv,hv
2026-08-31T01:24:18.180Z,19.13450050354,-155.50050354004,29.069999694824,1.83,md,22,218,0.1133,0.300000012,hv,hv75027027,2026-08-31T01:27:53.050Z,"7 km SSW of Pāhala, Hawaii",earthquake,1.42,2.28999996,0.10705758198063,13,automatic,hv,hv
2026-08-31T01:21:27.333Z,31.124,-103.057,0,2.2,ml,6,179,0.3,0.8,tx,tx2026rcilex,2026-08-31T01:24:35.044Z,"13 km S of Coyanosa, Texas",earthquake,0,,1.1,6,automatic,tx,tx
2026-08-31T01:18:37.776Z,62.235,-152.323,5,2,ml,28,51,0.7,0.6,ak,aka2026rfbxsl,2026-08-31T02:28:17.512Z,"55 km WNW of Skwentna, Alaska",earthquake,3.7,,0.1,10,automatic,ak,ak
2026-08-31T01:08:05.874Z,-9.6152,-79.0145,59.386,4.5,mb,38,137,3.18,0.83,us,us7000td1g,2026-08-31T02:21:50.040Z,"71 km WSW of Puerto Casma, Peru",earthquake,13.75,9.917,0.078,48,reviewed,us,us
2026-08-31T00:58:02.876Z,61.19,-150.314,48.9,2.1,ml,39,57,0.1,0.7,ak,aka2026rfbfts,2026-08-31T02:30:11.682Z,"22 km W of Anchorage, Alaska",earthquake,3.3,4.7267,0.3,6,automatic,ak,ak
2026-08-31T00:45:49.530Z,36.474666595459,-121.10483551025,1.7599999904633,1.87,md,21,78,0.1162,0.2,nc,nc75427462,2026-08-31T02:07:24.578Z,"7 km SSE of Pinnacles, CA",earthquake,0.44,16.1900005,0.27,16,automatic,nc,nc
2026-08-31T00:42:28.180Z,18.013333333333,-66.809166666667,16.66,2.88,md,25,126,0.01804,0.12,pr,pr71530403,2026-08-31T01:57:55.040Z,"1 km WSW of Guayanilla, Puerto Rico",earthquake,0.22,0.34,0.03426974072695,6,reviewed,pr,pr
2026-08-31T00:17:13.020Z,35.950166666667,-117.6775,4.38,1.12,ml,25,52,0.02212,0.13,ci,ci41539448,2026-08-31T00:20:36.801Z,"21 km E of Little Lake, CA",earthquake,0.16,0.26,0.15950400719224,16,automatic,ci,ci
2026-08-31T00:16:45.209Z,35.04638672,-97.64770508,3.811602116,1.87,ml,13,76.9594574,0.09532146156,0.8948128743,ok,ok2026raeh,2026-08-31T00:18:26.932Z,"2 km NW of Dibble, Oklahoma",earthquake,3.534081445,2.125463705,0.25,8,automatic,ok,ok
2026-08-31T00:02:33.590Z,38.795166015625,-122.76349639893,3.2999999523163,1.07,md,19,64,0.006201,0.03,nc,nc75427442,2026-08-31T01:07:20.167Z,"2 km NNW of The Geysers, CA",earthquake,0.3,0.629999995,0.23,19,automatic,nc,nc
2026-08-31T00:00:48.170Z,36.07,-117.84116666667,2.2,0.91,ml,19,51,0.04876,0.15,ci,ci41539440,2026-08-31T00:04:15.691Z,"10 km ENE of Coso Junction, CA",earthquake,0.19,0.23,0.18698685029211,14,automatic,ci,ci
2026-08-30T23:51:59.282Z,57.892,-155.861,9.3,1.3,ml,16,163,0.2,0.4,ak,aka2026rezaox,2026-08-30T23:53:11.693Z,"91 km WNW of Karluk, Alaska",earthquake,7.1,6.2708,0.3,6,automatic,ak,ak
2026-08-30T23:51:12.980Z,36.0715,-117.844,2.76,0.85,ml,17,67,0.04682,0.12,ci,ci41539432,2026-08-30T23:54:42.455Z,"10 km ENE of Coso Junction, CA",earthquake,0.18,0.62,0.252936138048,13,automatic,ci,ci
2026-08-30T23:40:32.480Z,33.705833333333,-118,11.32,1.99,ml,77,93,0.0224,0.27,ci,ci41539424,2026-08-31T01:20:07.701Z,"1 km N of Huntington Beach, CA",earthquake,0.24,0.27,0.18286053224919,27,automatic,ci,ci
2026-08-30T23:15:46.500Z,33.942666666667,-116.743,13.8,1.14,ml,42,27,0.1068,0.2,ci,ci41539408,2026-08-30T23:19:15.563Z,"5 km NE of Cabazon, CA",earthquake,0.2,0.54,0.13238888819013,27,automatic,ci,ci
2026-08-30T22:51:07.295Z,-21.2884,-177.8697,408.405,4.2,mb,45,105,5.216,0.64,us,us7000td13,2026-08-31T01:52:12.040Z,"266 km W of Houma, Tonga",earthquake,12.44,6.236,0.1,28,reviewed,us,us
2026-08-30T22:43:57.369Z,32.425,-102.054,4.9892,1.1,ml,30,136,0,0.5,tx,tx2026rcdcou,2026-08-30T23:18:25.875Z,"33 km WSW of Ackerly, Texas",earthquake,0,0.97235143184662,0.2,22,automatic,tx,tx
2026-08-30T22:38:08.640Z,35.950333333333,-117.67866666667,4.42,1.05,ml,27,52,0.02308,0.13,ci,ci41539400,2026-08-30T22:41:34.470Z,"21 km E of Little Lake, CA",earthquake,0.16,0.24,0.12609911356643,16,automatic,ci,ci
2026-08-30T22:35:32.500Z,37.602001190185,-122.4554977417,7.4699997901917,1.12,md,11,89,0.03437,0.05,nc,nc75427412,2026-08-30T23:32:22.509Z,"3 km ESE of Pacifica, CA",earthquake,0.38,0.74000001,0.23,5,automatic,nc,nc
2026-08-30T22:27:18.320Z,59.937,-140.627,3.3,2.9,ml,41,142,0.2,0.7,ak,aka2026rewfee,2026-08-31T01:45:32.040Z,"66 km NW of Yakutat, Alaska",earthquake,6.8,3.164,0.1,13,automatic,ak,ak
2026-08-30T22:21:26.057Z,31.613,-104.12,3.7802,1.5,ml,34,58,0,0.4,tx,tx2026rcclzd,2026-08-30T22:24:55.661Z,"45 km NW of Toyah, Texas",earthquake,0,0.94342195987701,0.2,25,automatic,tx,tx
2026-08-30T22:20:27.732Z,31.65,-104.336,4.7453,1.9,ml,23,70,0.1,0.4,tx,tx2026rccktt,2026-08-30T23:00:22.712Z,"58 km S of Whites City, New Mexico",earthquake,0,1.1723439693451,0.1,18,automatic,tx,tx
2026-08-30T22:08:03.257Z,-36.8873,177.4474,180.094,4.5,mb,16,197,0.961,0.98,us,us7000td0v,2026-08-31T04:16:59.040Z,"109 km NW of Hicks Bay, New Zealand",earthquake,10.87,9.446,0.156,12,reviewed,us,us
2026-08-30T22:07:25.896Z,-3.9287,141.3649,52.064,4.5,mb,30,113,1.552,0.49,us,us7000td0w,2026-08-31T01:34:09.040Z,"137 km S of Vanimo, Papua New Guinea",earthquake,6.64,7.648,0.121,20,reviewed,us,us
2026-08-30T22:06:36.930Z,38.5145,-112.88466666667,3.48,1.71,md,12,63,0.003328,0.08,uu,uu80152191,2026-08-30T22:33:28.780Z,"17 km NE of Milford, Utah",earthquake,0.27,0.56,0.33160271614036,2,reviewed,uu,uu
2026-08-30T22:02:57.350Z,60.33,-143.031,5,1.2,ml,9,174,0.1,0.7,ak,aka2026revkbe,2026-08-30T22:04:02.630Z,"123 km S of McCarthy, Alaska",earthquake,11,,0.1,6,automatic,ak,ak
2026-08-30T21:51:05.000Z,38.825164794922,-122.79833221435,2.0999999046326,0.76,md,12,58,0.00934,0.02,nc,nc75427392,2026-08-30T22:37:21.142Z,"6 km NW of The Geysers, CA",earthquake,0.3,0.720000029,0.14,14,automatic,nc,nc
2026-08-30T21:43:30.805Z,58.069,-154.729,79.2,1.9,ml,32,82,0.1,0.4,ak,aka2026reutey,2026-08-30T21:44:41.521Z,"58 km NNW of Karluk, Alaska",earthquake,6.2,2.9587,0.3,13,automatic,ak,ak
2026-08-30T21:37:01.950Z,36.409999847412,-120.90599822998,4.9299998283386,2,md,22,54,0.09763,0.24,nc,nc75427382,2026-08-30T22:12:22.947Z,"21 km W of New Idria, CA",earthquake,0.49,2.68000007,0.12,16,automatic,nc,nc
2026-08-30T21:31:46.560Z,37.441665649414,-118.83333587647,2.1800000667572,2.37,md,18,106,0.1786,0.07,nc,nc75427372,2026-08-30T21:52:21.810Z,"19 km SW of Toms Place, CA",earthquake,0.49,3.26999998,0.31,17,automatic,nc,nc
2026-08-30T21:31:39.582Z,31.651,-104.32,4.1487,1.9,ml,34,69,0.1,0.2,tx,tx2026rcavee,2026-08-30T21:36:43.907Z,"58 km S of Whites City, New Mexico",earthquake,0,0.97456437349319,0.2,25,automatic,tx,tx
2026-08-30T21:18:37.350Z,19.066333770752,-155.36633300781,31.170000076294,3.09,md,55,207,0.1267,0.150000006,hv,hv75026967,2026-08-31T01:01:25.040Z,"19 km SE of Pāhala, Hawaii",earthquake,0.47,0.620000005,0.21573439782316,12,automatic,hv,hv
2026-08-30T21:13:00.800Z,33.569,-116.80766666667,5.6,0.87,ml,47,39,0.04392,0.18,ci,ci41539392,2026-08-30T21:16:24.573Z,"13 km W of Anza, CA",earthquake,0.17,0.44,0.12981371419629,24,automatic,ci,ci
2026-08-30T21:06:41.540Z,34.3125,-116.95483333333,2.51,0.8,ml,35,39,0.05748,0.19,ci,ci41539384,2026-08-30T21:10:07.143Z,"9 km NNW of Big Bear Lake, CA",earthquake,0.2,0.59,0.14524338615948,16,automatic,ci,ci
2026-08-30T20:59:59.400Z,33.215333333333,-115.46933333333,3.2,1.38,ml,32,53,0.1115,0.25,ci,ci41539376,2026-08-30T21:03:18.711Z,"5 km ESE of Niland, CA",earthquake,0.24,0.42,0.17594410115945,31,automatic,ci,ci
2026-08-30T20:47:58.500Z,33.241166666667,-116.06783333333,3.72,0.79,ml,34,55,0.07891,0.22,ci,ci41539368,2026-08-30T20:51:28.900Z,"12 km WSW of Salton City, CA",earthquake,0.22,0.52,0.11549912239063,17,automatic,ci,ci
2026-08-30T20:36:48.915Z,31.318,-103.132,15.674,1.8,ml,5,251,0.3,0.2,tx,tx2026rbyzxi,2026-08-30T20:40:47.582Z,"10 km NW of Coyanosa, Texas",earthquake,0,15.926074981689,0.8,5,automatic,tx,tx
2026-08-30T20:14:43.137Z,31.637,-104.215,4.5255,1.6,ml,31,66,0.1,0.2,tx,tx2026rbyglx,2026-08-30T21:00:36.882Z,"53 km NW of Toyah, Texas",earthquake,0,1.0105147361755,0.2,23,automatic,tx,tx
2026-08-30T20:09:07.458Z,31.634,-104.395,3.5717,1.8,ml,20,91,0.1,0.2,tx,tx2026rbycbf,2026-08-30T21:00:23.466Z,"60 km S of Whites City, New Mexico",earthquake,0,1.3440775871277,0.2,16,automatic,tx,tx
2026-08-30T20:01:04.836Z,59.712,-152.046,61.7,2.1,ml,27,113,0.5,0.4,ak,aka2026rerhnf,2026-08-30T20:02:10.405Z,"14 km WSW of Anchor Point, Alaska",earthquake,6.4,4.3226,0.1,11,automatic,ak,ak
2026-08-30T19:55:28.590Z,35.325,-117.818,8.74,0.97,ml,32,56,0.06179,0.18,ci,ci41539360,2026-08-30T19:58:51.953Z,"17 km WSW of Johannesburg, CA",earthquake,0.22,0.51,0.18490272428246,14,automatic,ci,ci
2026-08-30T19:50:19.690Z,40.909832000732,-123.50550079346,25.729999542236,1.93,md,6,121,0.1112,0.02,nc,nc75427342,2026-08-30T21:27:22.642Z,"11 km ESE of Willow Creek, CA",earthquake,0.93,1.45000005,0.02,3,automatic,nc,nc
2026-08-30T19:48:36.072Z,31.687,-104.312,4.4334,1.9,ml,29,71,0,0.4,tx,tx2026rbxkhy,2026-08-31T05:06:05.780Z,"54 km S of Whites City, New Mexico",earthquake,0,1.0528469085693,0.2,21,automatic,tx,tx
2026-08-30T19:44:52.050Z,35.333166666667,-117.79933333333,6.34,1.53,ml,46,36,0.07582,0.17,ci,ci41539352,2026-08-30T19:59:27.426Z,"16 km WSW of Johannesburg, CA",earthquake,0.16,0.44,0.12356360667063,27,reviewed,ci,ci
2026-08-30T19:35:38.270Z,38.820835113525,-122.81283569336,2.6500000953674,0.72,md,12,62,0.003345,0.01,nc,nc75427337,2026-08-30T21:07:22.513Z,"7 km NW of The Geysers, CA",earthquake,0.3,0.870000005,0.47,15,automatic,nc,nc
2026-08-30T19:20:17.880Z,33.417333333333,-116.64466666667,5.82,0,ml,30,56,0.08494,0.18,ci,ci41539344,2026-08-30T19:59:41.392Z,"15 km N of Warner Springs, CA",earthquake,0.23,0.73,0.066368587581488,3,reviewed,ci,ci
2026-08-30T19:01:16.990Z,34.7065,-120.25766666667,4.86,1.44,ml,27,62,0.03428,0.2,ci,ci41539336,2026-08-30T20:34:08.572Z,"5 km SSE of Los Alamos, CA",earthquake,0.26,0.62,0.11282365263975,21,reviewed,ci,ci
2026-08-30T18:55:17.160Z,33.861666666667,-118.23283333333,10.28,1.37,ml,29,45,0.02479,0.22,ci,ci41539320,2026-08-30T20:28:50.495Z,"4 km SSW of Compton, CA",earthquake,0.35,0.6,0.25080695455258,29,reviewed,ci,ci
2026-08-30T18:50:16.450Z,38.80016708374,-122.77866363525,3.7699999809265,0.8,md,14,67,0.01005,0.02,nc,nc75427322,2026-08-30T19:42:22.933Z,"3 km NW of The Geysers, CA",earthquake,0.31,0.839999974,0.19,15,automatic,nc,nc
2026-08-30T18:41:19.640Z,19.179666519165,-155.49566650391,30.510000228882,2.63,ml,55,93,0.03985,0.129999995,hv,hv75026922,2026-08-30T19:49:51.040Z,"3 km SW of Pāhala, Hawaii",earthquake,0.51,0.639999986,0.32,19,automatic,hv,hv
2026-08-30T18:35:20.160Z,17.916833333333,-66.905666666667,12.6,2.36,md,11,226,0.05514,0.07,pr,pr71530388,2026-08-30T18:50:23.802Z,"6 km S of Guánica, Puerto Rico",earthquake,0.55,0.27,0.08184329582274,5,reviewed,pr,pr
2026-08-30T18:25:38.525Z,61.75,-150.716,63,2.8,ml,36,64,0.6,0.6,ak,aka2026reoczv,2026-08-30T22:28:16.171Z,"25 km NNW of Susitna, Alaska",earthquake,4.3,4.6332,0.1,6,automatic,ak,ak
2026-08-30T18:20:15.271Z,32.218,-101.419,3.5208,1.5,ml,37,67,0,0.4,tx,tx2026rbumfg,2026-08-30T23:18:22.406Z,"6 km ESE of Big Spring, Texas",earthquake,0,1.0153857469559,0.1,17,automatic,tx,tx
2026-08-30T18:18:49.879Z,-3.85,141.779,46.147,4.5,mb,45,69,1.707,0.75,us,us7000tczy,2026-08-30T19:30:12.040Z,"101 km SW of Aitape, Papua New Guinea",earthquake,5.94,6.19,0.092,35,reviewed,us,us
2026-08-30T18:10:21.540Z,35.699833333333,-117.52516666667,7.04,0.64,ml,19,68,0.08957,0.13,ci,ci41539312,2026-08-30T18:43:24.834Z,"13 km SW of Searles Valley, CA",earthquake,0.24,0.69,0.090195999366815,6,reviewed,ci,ci
2026-08-30T18:09:21.581Z,61.546,-150.32,32.8,1.6,ml,27,83,0.5,0.7,ak,aka2026renpmy,2026-08-30T18:10:27.696Z,"10 km E of Susitna, Alaska",earthquake,3.8,4.7928,0.1,6,automatic,ak,ak
2026-08-30T17:43:13.380Z,36.872501373291,-121.45933532715,7.6700000762939,1.31,md,15,115,0.06445,0.09,nc,nc75427307,2026-08-30T19:12:21.750Z,"6 km WNW of Hollister, CA",earthquake,0.33,1.23000002,0.1,13,automatic,nc,nc
2026-08-30T17:36:03.510Z,33.332,-116.87783333333,9.41,0.78,ml,49,31,0.02502,0.18,ci,ci41539304,2026-08-30T18:44:04.490Z,"3 km SSW of Palomar Observatory, CA",earthquake,0.16,0.41,0.18007175508235,23,reviewed,ci,ci
2026-08-30T17:28:20.380Z,33.646166666667,-116.713,16.14,0.86,ml,54,52,0.03979,0.18,ci,ci41539296,2026-08-30T17:45:43.750Z,"10 km S of Idyllwild, CA",earthquake,0.17,0.31,0.19666904956168,26,reviewed,ci,ci
2026-08-30T17:27:04.280Z,38.810665130615,-122.79533386231,2.8699998855591,0.76,md,11,92,0.01715,0.01,nc,nc75427302,2026-08-30T17:52:20.227Z,"5 km NW of The Geysers, CA",earthquake,0.34,1.05999994,0.13,14,automatic,nc,nc
2026-08-30T17:23:54.800Z,19.17816734314,-155.50534057617,29.049999237061,2.13,ml,46,99,0.04671,0.159999996,hv,hv75026897,2026-08-30T17:27:28.620Z,"3 km SW of Pāhala, Hawaii",earthquake,0.51,0.730000019,0.27,5,automatic,hv,hv
2026-08-30T17:10:14.160Z,39.286334991455,-123.2123336792,5.7300000190735,1.42,md,7,109,0.02172,0.01,nc,nc75427297,2026-08-30T18:47:25.588Z,"2 km NNW of Redwood Valley, CA",earthquake,0.3,1.33000004,0.17,7,automatic,nc,nc
2026-08-30T17:04:32.090Z,38.834331512451,-122.81233215332,2.0099999904633,1.04,md,19,54,0.01106,0.01,nc,nc75427292,2026-08-30T18:22:22.418Z,"8 km W of Cobb, CA",earthquake,0.25,0.449999988,0.12,19,automatic,nc,nc
2026-08-30T17:02:07.900Z,33.3745,-116.9655,5.62,1.01,ml,59,19,0.05736,0.21,ci,ci41539280,2026-08-30T17:45:39.490Z,"10 km WNW of Palomar Observatory, CA",earthquake,0.15,0.59,0.12781228738475,25,reviewed,ci,ci
2026-08-30T16:38:22.670Z,37.604499816895,-122.46116638184,7.4800000190735,1.64,md,22,100,0.03439,0.07,nc,nc75427287,2026-08-30T17:52:21.227Z,"2 km ESE of Pacifica, CA",earthquake,0.31,0.349999994,0.18,15,automatic,nc,nc
2026-08-30T16:31:39.419Z,38.4846,-116.4705,2.3284,1.73,ml,10,199,1.067,0.2897,nn,nn00924002,2026-08-30T16:34:09.119Z,"81 km NE of Tonopah, Nevada",earthquake,,1.5779,0.36,3,automatic,nn,nn
2026-08-30T16:31:12.690Z,38.82466506958,-122.79516601562,2.5299999713898,1.34,md,30,58,0.01171,0.03,nc,nc75427282,2026-08-30T17:27:22.078Z,"6 km NNW of The Geysers, CA",earthquake,0.23,0.349999994,0.13,30,automatic,nc,nc
2026-08-30T16:21:57.800Z,35.886166666667,-117.70433333333,2.79,0.67,ml,19,47,0.07558,0.12,ci,ci41539264,2026-08-30T16:52:07.698Z,"19 km ESE of Little Lake, CA",earthquake,0.16,0.32,0.12325863577079,8,reviewed,ci,ci
2026-08-30T16:21:03.690Z,33.27,-116.41866666667,5.36,0.74,ml,33,60,0.002195,0.18,ci,ci41539256,2026-08-30T16:50:56.126Z,"4 km WNW of Borrego Springs, CA",earthquake,0.18,0.35,0.11822003149692,9,reviewed,ci,ci
2026-08-30T16:15:07.101Z,38.5104,-116.4012,1.4894,1.74,ml,8,243,1.109,0.2486,nn,nn00924001,2026-08-30T16:17:39.900Z,"87 km NE of Tonopah, Nevada",earthquake,,2.2989,0.48,3,automatic,nn,nn
2026-08-30T16:05:33.920Z,33.533666666667,-116.72483333333,5.87,0.48,ml,26,42,0.0333,0.13,ci,ci41539248,2026-08-30T17:02:53.176Z,"5 km WSW of Anza, CA",earthquake,0.16,0.45,0.17019461466335,7,reviewed,ci,ci
2026-08-30T16:04:07.774Z,-18.2459,-69.6387,102.036,4.7,mb,68,66,0.153,1.22,us,us7000tczt,2026-08-30T20:33:00.831Z,"62 km SSE of Palca, Peru",earthquake,6.24,5.008,0.041,178,reviewed,us,us
2026-08-30T15:56:59.680Z,34.117666666667,-117.46766666667,6.59,0.77,ml,36,53,0.03002,0.15,ci,ci41539240,2026-08-30T16:00:20.728Z,"2 km NNW of Fontana, CA",earthquake,0.23,0.4,0.24560496193529,26,automatic,ci,ci
2026-08-30T15:50:24.210Z,35.6335,-117.46666666667,5.93,0.74,ml,26,51,0.0471,0.14,ci,ci41539224,2026-08-30T16:51:27.820Z,"16 km SSW of Searles Valley, CA",earthquake,0.21,0.51,0.1228921617033,7,reviewed,ci,ci
2026-08-30T15:42:18.850Z,19.201333999634,-155.47883605957,29.319999694824,2.61,md,51,90,0.04834,0.170000002,hv,hv75026867,2026-08-30T15:46:18.970Z,"0 km S of Pāhala, Hawaii",earthquake,0.52,0.589999974,0.13916199749379,12,automatic,hv,hv
2026-08-30T15:40:19.970Z,38.82466506958,-122.76766967773,2.210000038147,0.69,md,8,113,0.006056,0.01,nc,nc75427257,2026-08-30T16:57:22.875Z,"4 km W of Cobb, CA",earthquake,0.39,0.75,0.05,9,automatic,nc,nc
2026-08-30T15:33:18.200Z,33.648,-116.915,12.56,-0.04,ml,12,90,0.03967,0.07,ci,ci41539216,2026-08-30T17:11:13.661Z,"11 km S of Valle Vista, CA",earthquake,0.28,0.37,0.12046460729098,5,reviewed,ci,ci
2026-08-30T15:33:01.080Z,18.822166666667,-65.0275,54.32,3.32,md,12,224,0.4721,0.41,pr,pr71530363,2026-08-30T17:32:58.040Z,"54 km N of Charlotte Amalie, U.S. Virgin Islands",earthquake,4.85,6.15,0.12658205535294,11,reviewed,pr,pr
2026-08-30T15:29:14.980Z,38.809833526611,-122.80016326904,3.5299999713898,0.74,md,11,58,0.01919,0.02,nc,nc75427252,2026-08-30T16:32:23.706Z,"5 km NW of The Geysers, CA",earthquake,0.36,1.14999998,0.06,12,automatic,nc,nc
2026-08-30T15:10:09.390Z,18.96883392334,-155.4443359375,35.229999542236,2.53,md,49,228,0.1864,0.140000001,hv,hv75026862,2026-08-30T17:30:17.040Z,"17 km SE of Naalehu, Hawaii",earthquake,0.74,0.639999986,0.13881468381219,12,automatic,hv,hv
2026-08-30T15:08:52.268Z,64.988,-147.426,6.8,0.8,ml,10,93,0.1,0.4,ak,aka2026rehpaf,2026-08-30T15:09:55.037Z,"9 km ENE of Fox, Alaska",earthquake,8.5,7.8558,0.2,4,automatic,ak,ak
2026-08-30T14:50:32.433Z,42.3245,80.5213,10,4.6,mb,39,83,1.259,1.06,us,us7000tczi,2026-08-30T18:29:03.040Z,"128 km N of Aksu, China",earthquake,8.08,1.913,0.125,19,reviewed,us,us
2026-08-30T14:44:16.300Z,33.478333333333,-116.41033333333,4.23,0.68,ml,37,81,0.1555,0.19,ci,ci41539208,2026-08-30T16:51:59.765Z,"23 km SSW of La Quinta, CA",earthquake,0.22,0.54,0.14975045427012,11,reviewed,ci,ci
2026-08-30T14:39:54.300Z,33.8805,-116.17116666667,3.92,0.84,ml,34,52,0.04487,0.18,ci,ci41539200,2026-08-30T16:52:03.781Z,"18 km NNE of Indio, CA",earthquake,0.18,0.47,0.20287761345037,18,reviewed,ci,ci
2026-08-30T14:28:29.976Z,32.484,-101.871,12.8726,1.6,ml,9,124,0.1,0.6,tx,tx2026rbmunq,2026-08-30T14:32:23.485Z,"15 km WSW of Ackerly, Texas",earthquake,0,6.3929977416992,0.3,7,automatic,tx,tx
2026-08-30T14:27:57.251Z,31.649,-104.26,7.1381,2.6,ml,18,67,0,0.2,tx,tx2026rbmtxj,2026-08-30T14:49:32.521Z,"57 km NW of Toyah, Texas",earthquake,0.54066411041285,0.57403130094958,0.2,10,reviewed,tx,tx
2026-08-30T14:18:34.780Z,35.8865,-117.7055,3.48,0.98,ml,22,47,0.07587,0.15,ci,ci41539192,2026-08-30T14:25:52.416Z,"19 km ESE of Little Lake, CA",earthquake,0.18,0.53,0.20347926200343,13,reviewed,ci,ci
2026-08-30T14:09:38.990Z,18.015,-66.734666666667,14.15,2.32,md,27,132,0.05434,0.32,pr,pr71530353,2026-08-30T17:19:17.040Z,"2 km NW of Tallaboa, Puerto Rico",earthquake,0.5,0.86,0.099782497078532,8,reviewed,pr,pr
2026-08-30T13:59:29.452Z,31.659,-102.024,0,1.2,ml,13,137,0.1,0.7,tx,tx2026rbltwx,2026-08-30T14:05:07.548Z,"37 km S of Midland, Texas",earthquake,0,,0.6,9,automatic,tx,tx
2026-08-30T13:56:01.902Z,52.449,-163.25,5,2.8,ml,6,347,2.2,0.3,ak,aka2026refedq,2026-08-30T17:48:21.040Z,"252 km SE of Akutan, Alaska",earthquake,45.4,0,0.1,6,reviewed,ak,ak
2026-08-30T13:45:51.476Z,61.747,-146.941,20.6,1.6,ml,26,64,0.2,1.2,ak,aka2026reevam,2026-08-30T13:47:17.286Z,"24 km SSE of Eureka Roadhouse, Alaska",earthquake,3.2,2.277,0.1,11,automatic,ak,ak
2026-08-30T13:28:54.964Z,31.965,-101.488,2.8378,1.1,ml,21,99,0.2,0.5,tx,tx2026rbkvbc,2026-08-30T23:18:05.247Z,"11 km N of Garden City, Texas",earthquake,0,1.486022233963,0.2,16,automatic,tx,tx
2026-08-30T13:16:52.687Z,61.729,-146.424,35.9,1.2,ml,5,173,0.3,0.1,ak,aka2026redvxn,2026-08-30T13:20:01.682Z,"34 km SSE of Nelchina, Alaska",earthquake,10.9,5.8466,0.3,5,automatic,ak,ak
2026-08-30T13:08:14.467Z,59.999,-153.126,8.8,0.4,ml,6,179,0,0.1,ak,aka2026redoku,2026-08-30T13:08:47.113Z,"59 km ENE of Pedro Bay, Alaska",earthquake,28.4,16.0221,0.1,5,automatic,ak,ak
2026-08-30T13:07:59.435Z,64.43,-145.404,5,1.5,ml,19,42,0.2,0.6,ak,aka2026redoff,2026-08-30T13:09:04.144Z,"37 km NE of Big Delta, Alaska",earthquake,3,,0.1,5,automatic,ak,ak
2026-08-30T13:06:50.050Z,36.187333333333,-117.876,1.91,1.04,ml,20,60,0.185,0.14,ci,ci41539184,2026-08-30T13:10:13.834Z,"16 km SE of Olancha, CA",earthquake,0.2,1,0.13825677453315,12,automatic,ci,ci
2026-08-30T12:59:27.360Z,19.042833328247,-155.35932922363,29.510000228882,1.99,md,37,213,0.1483,0.170000002,hv,hv75026817,2026-08-30T13:03:03.830Z,"21 km SE of Pāhala, Hawaii",earthquake,0.7,1.00999999,0.11155960541509,13,automatic,hv,hv
2026-08-30T12:35:23.870Z,35.9755,-117.49316666667,3.91,1,ml,21,51,0.08239,0.18,ci,ci41539176,2026-08-30T14:26:23.286Z,"24 km NNW of Searles Valley, CA",earthquake,0.25,0.69,0.20594089523868,10,reviewed,ci,ci
2026-08-30T12:34:37.937Z,60.01,-153.298,151,2,ml,52,56,0.1,0.6,ak,aka2026reclgo,2026-08-30T12:36:42.537Z,"51 km ENE of Pedro Bay, Alaska",earthquake,4.9,2.5484,0.4,24,automatic,ak,ak
2026-08-30T12:26:52.770Z,32.9495,-116.8745,17.92,0.69,ml,9,245,0.07505,0.05,ci,ci41539168,2026-08-30T12:30:14.431Z,"10 km S of Ramona, CA",earthquake,0.41,0.25,0.13030992012899,9,automatic,ci,ci
2026-08-30T12:13:26.970Z,19.051666259766,-155.35316467285,30.090000152588,1.75,md,23,214,0.1458,0.159999996,hv,hv75026812,2026-08-30T12:17:00.150Z,"21 km SE of Pāhala, Hawaii",earthquake,0.83,1.07000005,0.18520073982354,14,automatic,hv,hv
2026-08-30T12:07:46.960Z,38.802833557129,-122.74633026123,0.25,1.34,md,15,106,0.01069,0.04,nc,nc75427207,2026-08-30T13:37:21.511Z,"3 km SW of Cobb, CA",earthquake,0.25,0.479999989,0.14,15,automatic,nc,nc
2026-08-30T12:07:08.600Z,38.837501525879,-122.78616333008,1.7599999904633,0.7,md,7,131,0.003388,0.02,nc,nc75427202,2026-08-30T13:12:22.357Z,"6 km WNW of Cobb, CA",earthquake,0.54,0.709999979,0.44,10,automatic,nc,nc
2026-08-30T12:02:02.550Z,38.951667785645,-122.72816467285,2.7400000095367,2.16,md,31,91,0.03735,0.1,nc,nc75427197,2026-08-31T02:44:02.897Z,"8 km SE of Soda Bay, CA",earthquake,0.21,0.74000001,0.17,30,automatic,nc,nc
2026-08-30T11:45:51.450Z,35.8855,-117.70566666667,3.58,0.91,ml,18,49,0.07676,0.15,ci,ci41539160,2026-08-30T14:26:39.949Z,"19 km ESE of Little Lake, CA",earthquake,0.2,0.53,0.11922925583105,9,reviewed,ci,ci
2026-08-30T11:34:03.427Z,60.838,-151.402,76.3,2.4,ml,27,89,0.5,0.3,ak,aka2026reaktv,2026-08-30T16:31:15.353Z,"17 km NNW of Nikiski, Alaska",earthquake,5.2,4.8663,0,5,automatic,ak,ak
2026-08-30T11:31:19.970Z,19.197999954224,-155.47799682617,29.809999465942,2.29,md,48,103,0.04494,0.150000006,hv,hv75026802,2026-08-30T11:34:56.790Z,"0 km S of Pāhala, Hawaii",earthquake,0.64,0.589999974,0.17825077814149,13,automatic,hv,hv
2026-08-30T11:24:13.340Z,38.810665130615,-122.81900024414,2.8800001144409,1.07,md,13,63,0.008152,0.01,nc,nc75427182,2026-08-30T11:57:21.864Z,"7 km NW of The Geysers, CA",earthquake,0.35,0.74000001,0.3,14,automatic,nc,nc
2026-08-30T11:21:28.783Z,14.0451,-92.8925,34.44,4.3,mb,38,188,2.34,1.14,us,us7000tcyl,2026-08-30T11:43:02.040Z,"90 km SW of Brisas Barra de Suchiate, Mexico",earthquake,10.05,8.992,0.07,57,reviewed,us,us
2026-08-30T11:14:59.510Z,35.883,-117.70233333333,3.6,1.44,ml,28,42,0.07728,0.17,ci,ci41539152,2026-08-30T14:27:24.942Z,"19 km ESE of Little Lake, CA",earthquake,0.17,0.52,0.17241928859058,18,reviewed,ci,ci
2026-08-30T11:14:25.718Z,58.322,-154.89,5,0.7,ml,6,217,0.1,0.1,ak,aka2026rdzttb,2026-08-30T11:15:50.251Z,"87 km NNW of Karluk, Alaska",earthquake,31.6,,0.1,6,automatic,ak,ak
2026-08-30T11:13:59.696Z,63.066,-149.272,76.1,2.4,ml,27,52,0.4,0.5,ak,aka2026rdztjd,2026-08-30T11:28:24.040Z,"39 km SSW of Cantwell, Alaska",earthquake,5,4.4381,0.2,5,automatic,ak,ak
2026-08-30T11:03:03.581Z,-8.1634,120.6265,10,4.6,mb,24,96,3.247,0.79,us,us7000tcyr,2026-08-30T11:51:05.040Z,"52 km NNE of Ruteng, Indonesia",earthquake,11.88,1.91,0.125,19,reviewed,us,us
2026-08-30T10:57:43.380Z,19.058000564575,-155.35983276367,29.180000305176,1.73,md,23,213,0.1369,0.189999998,hv,hv75026787,2026-08-30T11:01:25.060Z,"20 km SE of Pāhala, Hawaii",earthquake,0.81,1.30999994,0.14139495183529,14,automatic,hv,hv
2026-08-30T10:31:26.800Z,33.212833333333,-115.6605,3.71,1.84,ml,50,41,0.04346,0.24,ci,ci41539144,2026-08-30T15:20:00.248Z,"14 km WSW of Niland, CA",earthquake,0.22,0.43,0.16013533851278,50,reviewed,ci,ci
2026-08-30T10:23:50.804Z,31.522,-104.411,0,1.3,ml,8,268,0.2,0.5,tx,tx2026rberrs,2026-08-30T11:00:27.246Z,"63 km WNW of Toyah, Texas",earthquake,0,,0.4,6,automatic,tx,tx
2026-08-30T10:16:18.960Z,19.369832992554,-155.24667358398,35.740001678467,1.86,md,10,179,0.0162,0.119999997,hv,hv75026767,2026-08-30T10:19:51.520Z,"8 km S of Volcano, Hawaii",earthquake,1.14,1.07000005,0.14318303472225,12,automatic,hv,hv
2026-08-30T10:13:43.890Z,38.793998718262,-122.80766296387,4.3200001716614,0.75,md,7,148,0.006706,0.02,nc,nc75427177,2026-08-30T11:32:21.697Z,"5 km WNW of The Geysers, CA",earthquake,1.02,2.42000008,0.09,7,automatic,nc,nc
2026-08-30T09:56:17.950Z,38.831001281738,-122.875831604,2.6400001049042,0.62,md,6,125,0.0106,0,nc,nc75427172,2026-08-30T11:07:22.516Z,"12 km WNW of The Geysers, CA",earthquake,0.44,0.860000014,0.49,6,automatic,nc,nc
2026-08-30T09:56:11.086Z,61.31,-152.556,3.3,1.6,ml,23,116,0,0.6,ak,aka2026rdxdxg,2026-08-30T09:57:06.125Z,"80 km WNW of Tyonek, Alaska",earthquake,5,3.26,0.2,6,automatic,ak,ak
2026-08-30T09:17:01.614Z,42.834,-111.323,7.153,2.9,ml,49,62,0.127,0.7,us,us7000tcy1,2026-08-30T15:33:10.303Z,"26 km W of Auburn, Wyoming",earthquake,1.8,3.257,0.032,128,reviewed,us,us
2026-08-30T09:13:55.515Z,-23.414,-179.9128,532.696,4.5,mb,61,67,6.073,0.83,us,us7000tcy0,2026-08-30T09:31:42.040Z,south of the Fiji Islands,earthquake,12.05,8.179,0.05,117,reviewed,us,us
2026-08-30T09:06:51.230Z,33.507833333333,-116.46066666667,4.25,0.88,ml,58,31,0.119,0.19,ci,ci41539128,2026-08-30T14:30:16.200Z,"20 km ESE of Anza, CA",earthquake,0.15,0.49,0.15220576467826,26,reviewed,ci,ci
2026-08-30T09:05:00.160Z,38.849998474121,-122.84600067139,1.5700000524521,0.75,md,9,112,0.01404,0.01,nc,nc75427157,2026-08-30T09:27:22.836Z,"11 km WNW of Cobb, CA",earthquake,0.36,0.620000005,0.22,11,automatic,nc,nc
2026-08-30T09:04:12.390Z,37.599666595459,-122.46900177002,8.7799997329712,2.13,md,51,70,0.02947,0.06,nc,nc75427152,2026-08-30T15:47:34.665Z,"2 km SE of Pacifica, CA",earthquake,0.17,0.280000001,0.17,44,automatic,nc,nc
2026-08-30T09:02:09.229Z,-30.1462,-177.8882,35,5.8,mb,79,65,0.899,1.05,us,us7000tcxn,2026-08-30T11:10:41.640Z,"Kermadec Islands, New Zealand",earthquake,4.37,1.827,0.029,435,reviewed,us,us
2026-08-30T09:01:26.094Z,29.234,-97.796,4.9204,1.6,ml,18,138,0,0.5,tx,tx2026rbbyqs,2026-08-30T10:14:14.213Z,"4 km SW of Nixon, Texas",earthquake,0,1.4636009931564,0.1,12,automatic,tx,tx
2026-08-30T08:58:14.705Z,32.464,-101.18,3.1482,1,ml,10,100,0,0.4,tx,tx2026rbbvxy,2026-08-30T11:20:08.284Z,"19 km NW of Westbrook, Texas",earthquake,0,1.9551638364792,0.1,8,automatic,tx,tx
2026-08-30T08:39:41.590Z,38.809501647949,-122.80982971191,2.75,0.97,md,11,58,0.01387,0.02,nc,nc75427147,2026-08-30T09:52:21.011Z,"6 km NW of The Geysers, CA",earthquake,0.33,0.959999979,0.22,12,automatic,nc,nc
2026-08-30T08:35:54.010Z,38.810001373291,-122.80766296387,2.5599999427795,2.09,md,50,47,0.01351,0.05,nc,nc75427142,2026-08-30T09:27:21.836Z,"6 km NW of The Geysers, CA",earthquake,0.16,0.25,0.15,55,automatic,nc,nc
2026-08-30T08:35:21.830Z,38.840831756592,-122.87633514404,2.4100000858307,0.7,md,9,114,0.006081,0.01,nc,nc75427137,2026-08-30T09:07:21.682Z,"13 km NW of The Geysers, CA",earthquake,0.53,0.769999981,0.2,11,automatic,nc,nc
2026-08-30T08:24:02.619Z,58.238,-153.054,52.7,1.8,ml,6,129,0.5,0.1,ak,aka2026rdubzz,2026-08-30T08:27:12.237Z,"21 km NNW of Aleneva, Alaska",earthquake,16.5,17.478,0.2,4,automatic,ak,ak
2026-08-30T08:09:44.363Z,51.5864,159.1009,54.889,4.5,mb,38,137,1.75,1.01,us,us7000tcxi,2026-08-30T12:59:14.040Z,"156 km SSE of Vilyuchinsk, Russia",earthquake,12.42,7.671,0.088,38,reviewed,us,us
2026-08-30T08:08:19.030Z,33.2175,-115.47383333333,7.34,1.47,ml,29,53,0.1072,0.22,ci,ci41539120,2026-08-30T15:53:29.996Z,"5 km ESE of Niland, CA",earthquake,0.3,0.81,0.16973301550862,39,reviewed,ci,ci
2026-08-30T08:08:09.585Z,64.918,-147.816,15.4,1.2,ml,11,50,0.2,0.1,ak,aka2026rdtofx,2026-08-30T08:10:12.521Z,"5 km W of Farmers Loop, Alaska",earthquake,4,3.2884,0.2,9,automatic,ak,ak
2026-08-30T08:06:25.791Z,31.624,-104.448,2.8274,1.8,ml,24,102,0.1,0.5,tx,tx2026rbadhd,2026-08-30T09:00:37.290Z,"61 km S of Whites City, New Mexico",earthquake,0,1.296454668045,0.1,18,automatic,tx,tx
2026-08-30T08:03:57.820Z,38.786167144775,-122.77183532715,3.6400001049042,0.95,md,15,83,0.01439,0.03,nc,nc75427132,2026-08-30T08:37:23.471Z,"2 km NW of The Geysers, CA",earthquake,0.31,0.639999986,0.24,16,automatic,nc,nc
2026-08-30T07:37:53.032Z,-3.4659,101.6611,78.208,4.9,mb,39,76,5.661,1,us,us7000tcxc,2026-08-30T08:04:56.836Z,"76 km WNW of Bengkulu, Indonesia",earthquake,12.51,7.329,0.098,33,reviewed,us,us
2026-08-30T07:33:10.930Z,36.094333333333,-117.8715,3.45,0.98,ml,21,45,0.02683,0.14,ci,ci41539112,2026-08-30T14:27:43.079Z,"9 km NE of Coso Junction, CA",earthquake,0.19,0.37,0.26640189626496,13,reviewed,ci,ci
2026-08-30T07:27:38.652Z,62.608,-151.113,77.9,1.9,ml,35,41,0.2,0.7,ak,aka2026rdsfbv,2026-08-30T07:29:11.793Z,"21 km NW of Petersville, Alaska",earthquake,3.3,3.2461,0.2,9,automatic,ak,ak
2026-08-30T07:27:14.540Z,38.838832855225,-122.83683013916,1.4700000286102,0.51,md,9,89,0.001077,0,nc,nc75427127,2026-08-30T08:07:21.272Z,"10 km NW of The Geysers, CA",earthquake,0.36,0.779999971,0.27,11,automatic,nc,nc
2026-08-30T07:25:00.640Z,34.030166666667,-117.88233333333,3.37,0.84,ml,31,91,0.01662,0.2,ci,ci41539104,2026-08-30T07:28:32.201Z,"2 km NW of Walnut, CA",earthquake,0.25,0.29,0.16503556497392,28,automatic,ci,ci
2026-08-30T07:24:17.320Z,18.888,-64.3826,19,3.77,md,22,286,0.398,0.29,pr,pr2026242000,2026-08-30T12:51:51.040Z,"75 km NE of Cruz Bay, U.S. Virgin Islands",earthquake,3.67,7.21,0.22,15,reviewed,pr,pr
2026-08-30T07:24:01.330Z,33.571833333333,-116.80383333333,5.93,0.32,ml,30,35,0.03969,0.15,ci,ci41539096,2026-08-30T14:29:08.470Z,"12 km W of Anza, CA",earthquake,0.18,0.4,0.12517071578253,7,reviewed,ci,ci
2026-08-30T07:22:58.900Z,34.236,-117.49133333333,9.06,0.5,ml,21,82,0.02904,0.1,ci,ci41539088,2026-08-30T16:18:28.584Z,"3 km SSE of Lytle Creek, CA",earthquake,0.24,0.27,0.13297457376638,4,reviewed,ci,ci
2026-08-30T07:12:56.500Z,38.505166666667,-112.88683333333,1.62,1.93,ml,21,44,0.003585,0.12,uu,uu80151801,2026-08-30T07:32:39.580Z,"16 km NE of Milford, Utah",earthquake,0.29,0.44,0.10563816165408,9,reviewed,uu,uu
2026-08-30T07:01:51.570Z,38.81266784668,-122.83032989502,1.3700000047684,0.94,md,8,107,0.0039,0.01,nc,nc75427122,2026-08-30T07:32:20.035Z,"8 km WNW of The Geysers, CA",earthquake,0.35,0.75,0.19,9,automatic,nc,nc
2026-08-30T06:48:11.800Z,33.4775,-116.40816666667,4.79,0.65,ml,34,82,0.1542,0.16,ci,ci41539080,2026-08-30T14:30:02.132Z,"23 km SSW of La Quinta, CA",earthquake,0.23,0.57,0.11426499375565,11,reviewed,ci,ci
2026-08-30T06:45:09.580Z,34.067333333333,-117.23966666667,13.92,0.85,ml,44,35,0.05649,0.17,ci,ci41539072,2026-08-30T06:48:30.785Z,"3 km NE of Loma Linda, CA",earthquake,0.19,0.41,0.16118362437169,23,automatic,ci,ci
2026-08-30T06:33:53.190Z,32.7595,-115.62066666667,13.98,1.58,ml,30,57,0.005765,0.27,ci,ci41539064,2026-08-30T15:34:53.859Z,"7 km WSW of El Centro, CA",earthquake,0.4,0.56,0.19012040627877,30,reviewed,ci,ci
2026-08-30T06:32:17.830Z,63.16,-150.583,119,1.6,ml,25,68,0.6,0.4,ak,aka2026rdqjct,2026-08-30T06:34:11.498Z,"71 km SE of Denali National Park, Alaska",earthquake,4.3,3.5284,0.2,8,automatic,ak,ak
2026-08-30T06:24:31.260Z,32.391,-101.706,4.2858,1.1,ml,49,69,0,0.5,tx,tx2026rawtgl,2026-08-30T11:20:06.282Z,"15 km S of Ackerly, Texas",earthquake,0,0.77757215499878,0.2,32,automatic,tx,tx
2026-08-30T06:14:31.198Z,64.77,-149.026,5,0.9,ml,10,116,0.2,0.6,ak,aka2026rdptsc,2026-08-30T06:15:42.092Z,"19 km NNE of Four Mile Road, Alaska",earthquake,5.9,,0.2,6,automatic,ak,ak
2026-08-30T06:09:03.730Z,36.094166666667,-117.87016666667,3.73,1.26,ml,20,54,0.02645,0.12,ci,ci41539056,2026-08-30T14:30:33.869Z,"9 km NE of Coso Junction, CA",earthquake,0.18,0.3,0.21731841216511,15,reviewed,ci,ci
2026-08-30T06:07:59.740Z,33.570833333333,-116.805,5.51,0.48,ml,29,41,0.04105,0.2,ci,ci41539048,2026-08-30T14:30:50.679Z,"12 km W of Anza, CA",earthquake,0.24,0.6,0.11648697145165,11,reviewed,ci,ci
2026-08-30T05:47:53.850Z,46.2035,-122.19016666667,0.31,1.38,md,9,93,0.003752,0.03,uw,uw714091751,2026-08-31T04:39:34.070Z,"38 km NNE of Amboy, Washington",earthquake,0.34,0.38,0.022082395252255,5,reviewed,uw,uw
2026-08-30T05:47:03.570Z,18.9116,-67.2885,53,3.96,md,29,175,0.4782,0.61,pr,pr2026242001,2026-08-30T12:15:38.387Z,"50 km NNW of San Antonio, Puerto Rico",earthquake,2.97,6.15,0.09,24,reviewed,pr,pr
2026-08-30T05:43:30.658Z,31.164,-103.453,2.2072,1.7,ml,4,169,0.1,0.7,tx,tx2026ravkda,2026-08-30T05:45:27.968Z,"24 km SSE of Lindsay, Texas",earthquake,0,4.7071232795715,0.6,4,automatic,tx,tx
2026-08-30T05:34:09.780Z,35.3315,-117.80366666667,6.38,1.27,ml,42,52,0.07264,0.22,ci,ci41539040,2026-08-30T14:30:54.738Z,"16 km WSW of Johannesburg, CA",earthquake,0.18,0.5,0.14680942178971,25,reviewed,ci,ci
2026-08-30T05:34:05.080Z,36.488166809082,-121.08333587647,4.9099998474121,1.33,md,7,151,0.09679,0.25,nc,nc75427112,2026-08-30T06:07:20.513Z,"7 km SE of Pinnacles, CA",earthquake,1.27,5.05999994,0.22,4,automatic,nc,nc
2026-08-30T05:19:51.149Z,-22.1794,-70.4392,52.115,4.7,mb,53,138,0.649,1.22,us,us7000tcwp,2026-08-30T20:34:08.278Z,"26 km WSW of Tocopilla, Chile",earthquake,4.89,6.706,0.043,161,reviewed,us,us
2026-08-30T05:06:00.750Z,35.828166666667,-117.67283333333,6.81,1.58,ml,36,48,0.07733,0.16,ci,ci41539032,2026-08-30T14:31:25.920Z,"23 km N of Ridgecrest, CA",earthquake,0.16,0.47,0.17421376639194,26,reviewed,ci,ci
2026-08-30T04:55:41.610Z,34.006833333333,-116.80716666667,17.77,0.75,ml,39,38,0.02825,0.15,ci,ci41539024,2026-08-30T14:31:21.540Z,"10 km N of Cabazon, CA",earthquake,0.19,0.4,0.20052838364882,17,reviewed,ci,ci
2026-08-30T04:29:32.550Z,34.329833333333,-116.72266666667,1.55,1.02,ml,42,60,0.0886,0.13,ci,ci41539016,2026-08-30T04:32:58.907Z,"14 km NE of Big Bear City, CA",earthquake,0.12,0.25,0.20072184924658,23,automatic,ci,ci
2026-08-30T04:29:14.480Z,1.3834,126.3683,35.107,4.7,mb,37,122,14.185,1.07,us,us7000tcwg,2026-08-30T22:17:05.040Z,"130 km WNW of Ternate, Indonesia",earthquake,14.24,4.418,0.1,30,reviewed,us,us
2026-08-30T04:23:35.621Z,32.418,-100.978,1.5439,1.6,ml,22,137,0.2,0.4,tx,tx2026rasthb,2026-08-30T04:31:35.172Z,"7 km NNE of Westbrook, Texas",earthquake,0,1.3399976491928,0.2,12,automatic,tx,tx
2026-08-30T04:10:35.920Z,32.623333333333,-115.5585,4.11,1.54,ml,24,69,0.07225,0.23,ci,ci41539008,2026-08-30T15:39:50.695Z,"5 km NNE of Progreso, B.C., MX",earthquake,0.31,0.94,0.18787882978137,19,reviewed,ci,ci
2026-08-30T04:06:58.974Z,36.4209,71.4072,119.132,4.2,mb,31,85,2.075,1.21,us,us7000tcwe,2026-08-30T21:19:30.040Z,"31 km SSW of Ashkāsham, Afghanistan",earthquake,6.97,9.26,0.118,21,reviewed,us,us
2026-08-30T04:04:43.700Z,38.238334655762,-122.15183258057,20.040000915527,1.07,md,5,127,0.06019,0.06,nc,nc75427102,2026-08-30T04:37:21.899Z,"2 km SSE of Green Valley, CA",earthquake,1.7,0.629999995,0.11,6,automatic,nc,nc
2026-08-30T03:55:28.753Z,-56.4575,-27.0033,135.686,5.1,mb,48,71,5.83,0.85,us,us7000tcwd,2026-08-30T04:10:47.040Z,South Sandwich Islands region,earthquake,11.93,8.073,0.065,78,reviewed,us,us
2026-08-30T03:35:14.396Z,60.985,-152.433,133.9,2.5,ml,81,74,0.2,0.6,ak,aka2026rdklpn,2026-08-30T04:38:56.192Z,"70 km WNW of Nikiski, Alaska",earthquake,3.6,2.2766,0.3,31,automatic,ak,ak
2026-08-30T02:56:45.140Z,46.208,-122.19083333333,2.56,0.35,ml,7,123,0.0338,0.05,uw,uw714091691,2026-08-31T04:32:31.740Z,"38 km NNE of Amboy, Washington",earthquake,0.43,1.33,0.08382452268104,2,reviewed,uw,uw
2026-08-30T02:50:44.122Z,60.159,-150.861,54.8,2.2,ml,36,78,0.4,0.6,ak,aka2026rdiyze,2026-08-30T03:11:24.046Z,"30 km SE of Kasilof, Alaska",earthquake,3.4,4.8819,0.5,4,automatic,ak,ak
2026-08-30T02:41:24.504Z,60.439,-143.057,10.1,1.3,ml,8,135,0.1,0.6,ak,aka2026rdiqya,2026-08-30T02:42:31.631Z,"111 km S of McCarthy, Alaska",earthquake,15.8,11.5828,0.3,4,automatic,ak,ak
2026-08-30T02:32:16.590Z,39.41533279419,-123.33433532715,7.25,1.44,md,7,106,0.05364,0.04,nc,nc75427087,2026-08-30T03:52:22.621Z,"2 km ENE of Willits, CA",earthquake,0.57,1.85000002,0.2,3,automatic,nc,nc
2026-08-30T02:29:16.100Z,33.291666666667,-116.73516666667,12.72,1.56,ml,24,63,0.1181,0.19,ci,ci41538992,2026-08-30T14:31:25.824Z,"6 km NNE of Lake Henshaw, CA",earthquake,0.32,0.78,0.45356517492923,19,reviewed,ci,ci
2026-08-30T02:17:49.960Z,19.028833389282,-155.34066772461,29.14999961853,1.76,md,16,222,0.1704,0.230000004,hv,hv75026637,2026-08-30T02:21:25.210Z,"24 km SE of Pāhala, Hawaii",earthquake,1.75,1.38999999,0.11971224564032,13,automatic,hv,hv
2026-08-30T02:15:50.960Z,19.05916595459,-155.34700012207,31.979999542236,2.04,md,26,264,0.145,0.140000001,hv,hv75026632,2026-08-30T02:19:21.740Z,"21 km SE of Pāhala, Hawaii",earthquake,1.24,0.829999983,0.18215844595671,10,automatic,hv,hv
2026-08-30T02:11:51.580Z,38.836334228516,-122.81366729736,2.3599998950958,0.69,md,5,179,0.01322,0.01,nc,nc75427072,2026-08-30T02:13:29.111Z,"8 km WNW of Cobb, CA",earthquake,0.91,2.19000006,0.07,7,automatic,nc,nc
2026-08-30T02:05:26.257Z,31.981,-103.324,8.7729,1.4,ml,18,65,0.1,0.4,tx,tx2026raodzx,2026-08-30T03:00:10.771Z,"19 km SW of Jal, New Mexico",earthquake,0,2.1185572147369,0.2,12,automatic,tx,tx
2026-08-30T02:00:45.954Z,32.098,-101.952,3.7343,1.1,ml,56,35,0.1,0.4,tx,tx2026raoaeu,2026-08-30T11:20:04.167Z,"15 km WSW of Stanton, Texas",earthquake,0,0.73238849639893,0.2,36,automatic,tx,tx
2026-08-30T01:52:58.690Z,38.82483291626,-122.80383300781,2.7300000190735,1.02,md,19,34,0.005082,0.02,nc,nc75427047,2026-08-30T02:32:22.031Z,"7 km NW of The Geysers, CA",earthquake,0.26,0.479999989,0.29,18,automatic,nc,nc
2026-08-30T01:50:22.410Z,18.558166666667,-67.561833333333,119.49,3.34,md,7,320,0.697,0.15,pr,pr71530298,2026-08-30T10:27:08.520Z,"40 km NW of Rincón, Puerto Rico",earthquake,3.4,2.47,0.028325542978304,4,reviewed,pr,pr
2026-08-30T01:45:21.550Z,37.601165771484,-119.33000183106,12.579999923706,1.86,md,5,229,0.1245,0,nc,nc75427042,2026-08-30T03:22:20.406Z,"27 km SE of Yosemite Valley, CA",earthquake,1.28,0.800000012,0.61,2,automatic,nc,nc
2026-08-30T01:43:10.650Z,32.6005,-117.07216666667,16.92,1.17,ml,30,125,0.09133,0.13,ci,ci41538984,2026-08-30T18:42:37.436Z,"4 km SW of Chula Vista, CA",earthquake,0.24,0.45,0.19094297667713,14,reviewed,ci,ci
2026-08-30T01:28:42.647Z,32.066,-103.736,9.2757,1.6,ml,37,47,0,0.5,tx,tx2026ramyos,2026-08-30T07:12:32.768Z,"36 km ESE of Malaga, New Mexico",earthquake,0,1.7051988840103,0.2,27,automatic,tx,tx
2026-08-30T01:25:16.704Z,62.238,-149.896,1.7,1.8,ml,19,147,0.2,0.8,ak,aka2026rdgcxo,2026-08-30T01:26:31.633Z,"8 km NNW of Susitna North, Alaska",earthquake,4.3,3.1994,0.1,4,automatic,ak,ak
2026-08-30T01:20:57.770Z,38.814666748047,-122.78182983398,1.0900000333786,0.76,md,8,98,0.001666,0.02,nc,nc75427032,2026-08-30T01:52:21.759Z,"5 km NNW of The Geysers, CA",earthquake,0.34,0.99000001,0.07,9,automatic,nc,nc
2026-08-30T00:56:01.810Z,19.060167312622,-155.36199951172,30.020000457764,1.75,md,31,211,0.1339,0.200000003,hv,hv75026597,2026-08-30T00:59:58.910Z,"20 km SE of Pāhala, Hawaii",earthquake,1.04,1.24000001,0.13237866173724,12,automatic,hv,hv
2026-08-30T00:45:32.750Z,38.460166931152,-122.8544998169,-0.70999997854233,2.3,md,5,217,0.3176,0.29,nc,nc75427012,2026-08-30T02:07:22.868Z,"3 km NNE of Graton, CA",earthquake,17.35,9.69999981,,1,automatic,nc,nc
2026-08-30T00:25:05.120Z,33.513833333333,-116.73616666667,4.23,0.48,ml,26,43,0.05141,0.15,ci,ci41538968,2026-08-30T03:07:31.381Z,"7 km SW of Anza, CA",earthquake,0.17,0.35,0.10316326282899,11,reviewed,ci,ci
2026-08-30T00:14:19.915Z,42.0423,142.6167,63.625,4.5,mb,41,119,0.404,0.72,us,us7000tcvt,2026-08-30T03:22:38.040Z,"18 km SW of Urakawa, Japan",earthquake,6.23,7.14,0.093,34,reviewed,us,us
2026-08-30T00:03:13.530Z,46.426666666667,-121.623,4.25,1.53,ml,31,132,0.1694,0.15,uw,uw714091521,2026-08-31T04:17:20.040Z,"20 km S of Packwood, Washington",earthquake,0.31,1.36,0.04522606220563,3,reviewed,uw,uw
2026-08-30T00:00:13.286Z,38.3485,-118.1653,4.3546,1.61,ml,11,101,0.284,0.2762,nn,nn00923980,2026-08-30T00:02:20.797Z,"6 km SW of Mina, Nevada",earthquake,,1.9726,0.84,5,automatic,nn,nn
2026-08-29T23:55:24.160Z,38.810501098633,-122.79133605957,3.1400001049042,0.82,md,17,47,0.0175,0.01,nc,nc75426977,2026-08-30T00:32:21.232Z,"5 km NW of The Geysers, CA",earthquake,0.3,0.610000014,0.19,16,automatic,nc,nc
2026-08-29T23:52:31.580Z,46.853,-121.7655,1.42,-0.47,md,12,118,0.01896,0.06,uw,uw714091491,2026-08-31T03:44:49.890Z,"22 km ENE of Ashford, Washington",earthquake,0.32,0.55,0.23393673393267,12,reviewed,uw,uw
2026-08-29T23:26:17.542Z,-22.6579,-67.5745,158.92,4.5,mb,40,71,0.63,0.81,us,us7000tcvp,2026-08-30T05:39:20.407Z,"70 km ENE of San Pedro de Atacama, Chile",earthquake,6.4,6.011,0.112,23,reviewed,us,us
2026-08-29T23:23:34.310Z,38.791667938232,-122.76100158691,0.94999998807907,0.9,md,10,75,0.009001,0.02,nc,nc75426957,2026-08-29T23:25:12.835Z,"2 km NNW of The Geysers, CA",earthquake,0.27,0.550000012,0.28,11,automatic,nc,nc
2026-08-29T23:11:08.200Z,18.2475,-67.587,112.13,3.35,md,30,172,0.1704,0.17,pr,pr71530283,2026-08-29T23:44:18.040Z,"36 km WSW of Stella, Puerto Rico",earthquake,1.14,0.59,0.060023235922129,6,reviewed,pr,pr
2026-08-29T23:10:01.490Z,58.187166666667,-155.27766666667,1.87,0.18,ml,8,90,0.03566,0.08,av,av93066364,2026-08-30T23:45:27.170Z,"84 km NW of Karluk, Alaska",earthquake,0.2,0.48,0.39998575856875,8,reviewed,av,av
2026-08-29T23:08:13.610Z,35.326166666667,-117.80233333333,5.68,1.44,ml,35,59,0.06856,0.19,ci,ci41538952,2026-08-30T18:04:06.844Z,"16 km WSW of Johannesburg, CA",earthquake,0.23,0.59,0.17139500522774,25,reviewed,ci,ci
2026-08-29T22:57:38.160Z,38.830665588379,-122.81983184815,1.6100000143051,0.74,md,6,128,0.01053,0.01,nc,nc75426947,2026-08-29T23:32:25.848Z,"8 km NW of The Geysers, CA",earthquake,0.51,1.20000005,0.25,8,automatic,nc,nc
2026-08-29T22:53:09.680Z,38.545333862305,-122.32983398438,5.0300002098083,1.73,md,24,73,0.03564,0.15,nc,nc75426942,2026-08-30T00:12:21.115Z,"11 km ESE of Angwin, CA",earthquake,0.32,0.800000012,0.14,20,automatic,nc,nc
2026-08-29T22:49:47.829Z,60.144,-140.963,0.9,2,ml,23,148,0.2,1.1,ak,aka2026rdaycp,2026-08-29T22:51:51.675Z,"96 km NW of Yakutat, Alaska",earthquake,5.1,2.7705,0.1,12,automatic,ak,ak
2026-08-29T22:44:31.112Z,62.243,-152.344,0.3,2.3,ml,26,77,0.5,0.5,ak,aka2026rdatne,2026-08-29T22:59:22.292Z,"56 km WNW of Skwentna, Alaska",earthquake,4.6,2.988,0.1,4,automatic,ak,ak
2026-08-29T22:38:50.993Z,55.122,-157.737,117.5,3.9,ml,90,204,1.3,2.8,ak,aka2026rdaolu,2026-08-30T03:44:40.777Z,"125 km SE of Perryville, Alaska",earthquake,8.9,3.8571,0.1,54,reviewed,ak,ak
2026-08-29T22:36:30.580Z,47.406333333333,-122.07233333333,15.01,1.16,ml,13,114,0.01566,0.13,uw,uw714091311,2026-08-31T03:39:55.950Z,"2 km NW of Maple Valley, Washington",earthquake,0.47,0.64,0.080467560018753,3,reviewed,uw,uw
2026-08-29T22:35:22.010Z,40.1538,19.8822,10,4.8,mb,76,45,1.088,0.88,us,us7000tcvf,2026-08-31T04:03:13.958Z,"13 km ENE of Himarë, Albania",earthquake,3.98,1.866,0.068,67,reviewed,us,us
2026-08-29T22:27:23.060Z,47.674166666667,-122.745,50.94,1.29,ml,10,123,0.03711,0.14,uw,uw714091281,2026-08-31T03:33:00.540Z,"5 km NW of Silverdale, Washington",earthquake,1.21,0.79,0.039931751624411,2,reviewed,uw,uw
2026-08-29T22:14:05.910Z,19.286500930786,-155.39782714844,31.379999160767,2.24,ml,48,88,0.04804,0.140000001,hv,hv75026562,2026-08-29T22:17:45.090Z,"12 km NE of Pāhala, Hawaii",earthquake,0.42,0.519999981,0.37,8,automatic,hv,hv
2026-08-29T22:12:37.022Z,63.421,-151.311,5,1.9,ml,16,55,0.3,0.6,ak,aka2026rczrwh,2026-08-29T22:13:52.792Z,"24 km ESE of Denali National Park, Alaska",earthquake,4,,0.1,5,automatic,ak,ak
2026-08-29T21:55:08.151Z,31.885,-101.76,2.9044,1,ml,44,35,0.1,0.5,tx,tx2026rafwnb,2026-08-29T21:58:21.641Z,"26 km W of Garden City, Texas",earthquake,0,0.86732095479965,0.3,28,automatic,tx,tx
2026-08-29T21:52:28.900Z,38.774333953857,-122.94249725342,6.6399998664856,1.8,md,40,58,0.06839,0.05,nc,nc75426917,2026-08-29T23:42:23.920Z,"7 km ESE of Cloverdale, CA",earthquake,0.21,0.660000026,0.11,37,automatic,nc,nc
2026-08-29T21:45:46.339Z,31.141,-103.526,1.3894,2.1,ml,5,186,0.2,0.4,tx,tx2026rafolf,2026-08-29T22:00:12.066Z,"25 km S of Lindsay, Texas",earthquake,0,4.2686576843262,0.6,5,automatic,tx,tx
2026-08-29T21:25:35.552Z,38.6651,-117.0296,6.5206,1.55,ml,9,229,0.594,0.1911,nn,nn00923978,2026-08-29T21:28:09.013Z,"60 km S of Kingston, Nevada",earthquake,,2.4273,0.77,4,automatic,nn,nn
2026-08-29T21:23:24.110Z,33.363166666667,-117.9645,13.41,1.25,ml,20,259,0.2443,0.17,ci,ci41538928,2026-08-30T19:58:22.179Z,"26 km SW of Laguna Beach, CA",earthquake,0.7,1.35,0.07559567805024,13,reviewed,ci,ci
2026-08-29T21:19:35.457Z,64.996,-147.358,5,0.8,ml,8,80,0.1,0.9,ak,aka2026rcxxwn,2026-08-29T21:20:33.897Z,"12 km ENE of Fox, Alaska",earthquake,7.3,,0.2,4,automatic,ak,ak
2026-08-29T21:00:19.499Z,29.9927,131.0784,35,4.8,mb,43,129,1.605,0.68,us,us7000tcv5,2026-08-29T21:56:50.040Z,"58 km ESE of Koshima, Japan",earthquake,8.55,1.93,0.081,49,reviewed,us,us
2026-08-29T20:53:31.190Z,58.2445,-155.09783333333,9.09,0.33,ml,8,120,0.05501,0.23,av,av93066359,2026-08-30T23:38:26.770Z,"84 km NNW of Karluk, Alaska",earthquake,0.58,1.1,0.32443498022143,8,reviewed,av,av
2026-08-29T20:49:48.110Z,46.455666666667,-122.45116666667,16.22,0.85,md,10,156,0.129,0.07,uw,uw714091101,2026-08-30T18:43:48.090Z,"8 km SSE of Mossyrock, Washington",earthquake,0.41,0.75,0.22521462777346,9,reviewed,uw,uw
2026-08-29T20:06:49.723Z,32.111,-101.689,2.6804,1,ml,28,86,0,0.5,tx,tx2026rachfi,2026-08-29T23:20:58.782Z,"9 km ESE of Stanton, Texas",earthquake,0,1.1519912481308,0.2,18,automatic,tx,tx
2026-08-29T20:01:59.433Z,32.116,-101.699,3.7829,1.1,ml,43,45,0,0.5,tx,tx2026raccvz,2026-08-29T23:20:56.548Z,"8 km E of Stanton, Texas",earthquake,0,0.82710093259811,0.2,31,automatic,tx,tx
2026-08-29T20:00:42.900Z,41.020168304443,-123.68933105469,25.959999084473,2.18,md,17,89,0.04848,0.14,nc,nc75426872,2026-08-29T22:22:23.348Z,"10 km NNW of Willow Creek, CA",earthquake,0.52,1.17999995,0.24,9,automatic,nc,nc
2026-08-29T19:57:44.210Z,33.893,-117.69633333333,10.52,0.91,ml,24,98,0.02067,0.11,ci,ci41538920,2026-08-30T18:20:28.498Z,"11 km E of Yorba Linda, CA",earthquake,0.21,0.29,0.21304044678678,11,reviewed,ci,ci
2026-08-29T19:55:59.760Z,35.978,-118.38283333333,11.41,1.23,ml,28,52,0.1826,0.18,ci,ci41538912,2026-08-30T03:10:02.770Z,"25 km N of Kernville, CA",earthquake,0.25,0.96,0.19786890212848,18,reviewed,ci,ci
2026-08-29T19:53:41.853Z,36.4842,70.3199,208.135,4.2,mb,29,67,2.19,0.87,us,us7000tcus,2026-08-29T20:23:04.040Z,"42 km ESE of Farkhār, Afghanistan",earthquake,6.23,7.746,0.125,18,reviewed,us,us
2026-08-29T19:47:06.360Z,34.248,-116.79066666667,7.7,0.73,ml,25,66,0.1043,0.18,ci,ci41538904,2026-08-29T19:50:35.795Z,"5 km ESE of Big Bear City, CA",earthquake,0.22,0.88,0.16254850183107,11,automatic,ci,ci
2026-08-29T19:42:56.227Z,57.586,-156.159,5,1.8,ml,9,244,0.1,0.5,ak,aka2026rcuscf,2026-08-29T19:43:41.584Z,"74 km E of Ugashik, Alaska",earthquake,17,,0.3,4,automatic,ak,ak
2026-08-29T19:36:06.021Z,14.4444,51.4684,10,4.6,mb,31,98,6.859,1.17,us,us7000tcyu,2026-08-30T12:31:27.040Z,"209 km SSW of Al Ghayz̧ah, Yemen",earthquake,10.69,1.926,0.114,23,reviewed,us,us
2026-08-29T19:00:04.020Z,47.4025,-122.05883333333,15.76,1.27,ml,13,103,0.02523,0.13,uw,uw714090751,2026-08-30T18:37:23.920Z,"1 km NW of Maple Valley, Washington",earthquake,0.54,0.38,0.12905936111719,7,reviewed,uw,uw
2026-08-29T18:56:07.380Z,33.045,-114.94,-0.2,1.36,ml,13,82,0.07932,0.26,ci,ci41538888,2026-08-30T18:22:13.591Z,"43 km NNW of Los Algodones, B.C., MX",quarry blast,0.65,31.61,0.17020344980782,7,reviewed,ci,ci
2026-08-29T18:49:29.837Z,57.605,-154.262,34,1.9,ml,9,269,0.1,0.3,ak,aka2026rcsxtf,2026-08-29T18:50:31.752Z,"12 km ENE of Karluk, Alaska",earthquake,48.4,12.2054,0.4,5,automatic,ak,ak
2026-08-29T18:40:29.280Z,31.574333333333,-115.60266666667,10.5,2.42,ml,8,92,0.2393,0.1,ci,ci41538880,2026-08-30T15:07:12.484Z,"83 km SSW of Alberto Oviedo Mota, B.C., MX",earthquake,0.23,0.78,0.15837086122175,22,reviewed,ci,ci
2026-08-29T18:31:28.635Z,32.078,-103.732,7.4103,1.6,ml,24,52,0,0.6,tx,tx2026qzzdam,2026-08-29T19:00:21.364Z,"35 km ESE of Malaga, New Mexico",earthquake,0,2.0016679763794,0.2,17,automatic,tx,tx
2026-08-29T18:25:13.110Z,33.965166666667,-116.96,9.67,0.72,ml,28,70,0.1296,0.11,ci,ci41538872,2026-08-29T18:28:40.696Z,"4 km NNE of Beaumont, CA",earthquake,0.16,0.63,0.26882105023601,14,automatic,ci,ci
2026-08-29T18:22:11.990Z,34.01,-117.57616666667,5.04,0.75,ml,23,46,0.08734,0.14,ci,ci41538864,2026-08-29T18:25:38.268Z,"6 km WNW of Mira Loma, CA",earthquake,0.21,0.51,0.19377562116481,19,automatic,ci,ci
2026-08-29T18:16:47.290Z,47.299833333333,-122.9165,29.1,0.72,ml,11,133,0.02023,0.13,uw,uw714090611,2026-08-30T18:30:16.610Z,"7 km WSW of Grapeview, Washington",earthquake,0.53,0.8,0.21533500349323,4,reviewed,uw,uw
2026-08-29T18:14:30.320Z,33.6475,-116.71266666667,13.57,0.54,ml,26,33,0.03881,0.13,ci,ci41538856,2026-08-30T03:11:53.079Z,"10 km S of Idyllwild, CA",earthquake,0.25,0.43,0.13466302782821,8,reviewed,ci,ci
2026-08-29T18:13:57.350Z,36.453666666667,-117.991,6.76,2.1,ml,33,48,0.0732,0.19,ci,ci41538848,2026-08-30T03:12:55.033Z,"16 km SSE of Lone Pine, CA",earthquake,0.2,0.56,0.14572877914741,25,reviewed,ci,ci
2026-08-29T17:58:54.820Z,32.7845,-117.60416666667,13.19,1.62,ml,29,220,0.3334,0.18,ci,ci41538840,2026-08-30T17:46:59.653Z,"32 km WSW of La Jolla, CA",earthquake,0.44,1.24,0.15294471302171,30,reviewed,ci,ci
2026-08-29T17:56:14.410Z,38.822498321533,-122.79866790772,2.7699999809265,0.89,md,10,55,0.008955,0.01,nc,nc75426837,2026-08-29T18:52:23.874Z,"6 km NW of The Geysers, CA",earthquake,0.38,0.899999976,0.21,11,automatic,nc,nc
2026-08-29T17:47:18.650Z,36.067833333333,-117.847,2.35,1.12,ml,22,70,0.05005,0.13,ci,ci41538832,2026-08-30T03:13:26.803Z,"9 km ENE of Coso Junction, CA",earthquake,0.15,0.18,0.19342553944515,20,reviewed,ci,ci
2026-08-29T17:36:19.199Z,18.4995,-69.0589,103.877,3.9,ml,24,97,0.419,0.62,us,us7000tcue,2026-08-29T18:52:56.040Z,"12 km NW of La Romana, Dominican Republic",earthquake,5.01,6.225,0.065,31,reviewed,us,us
2026-08-29T17:35:05.471Z,32.438,-102.065,4.577,1.4,ml,34,96,0,0.5,tx,tx2026qzxgaa,2026-08-29T18:01:30.545Z,"34 km SSW of Los Ybanez, Texas",earthquake,0,0.95537614822388,0.1,18,automatic,tx,tx
2026-08-29T17:35:05.259Z,32.441,-102.065,5.6089,1.4,ml,46,88,0.1,0.4,tx,tx2026qzxgio,2026-08-29T23:20:38.188Z,"33 km SSW of Los Ybanez, Texas",earthquake,0,1.0595453977585,0.2,31,automatic,tx,tx
2026-08-29T17:34:40.440Z,46.824833333333,-121.9735,10.21,-0.18,md,15,178,0.02391,0.07,uw,uw714090481,2026-08-30T18:20:35.900Z,"8 km NNE of Ashford, Washington",earthquake,0.58,0.41,0.12610289758716,13,reviewed,uw,uw
2026-08-29T17:26:17.330Z,58.184,-155.28033333333,-0.32,-0.3,ml,7,150,0.03681,0.07,av,av93066354,2026-08-30T23:21:25.830Z,"84 km NW of Karluk, Alaska",earthquake,0.24,2.69,0.25542545540482,7,reviewed,av,av
2026-08-29T17:22:50.692Z,32.13,-101.68,4.0667,1.2,ml,19,150,0,0.2,tx,tx2026qzwvyf,2026-08-29T23:18:36.264Z,"10 km E of Stanton, Texas",earthquake,0,1.3055981397629,0.1,15,automatic,tx,tx
2026-08-29T17:22:14.220Z,38.836334228516,-122.87550354004,2.039999961853,1,md,15,126,0.006489,0.01,nc,nc75426832,2026-08-29T18:07:20.559Z,"12 km WNW of The Geysers, CA",earthquake,0.46,0.479999989,0.18,16,automatic,nc,nc
2026-08-29T17:12:32.170Z,40.453666687012,-125.17316436768,22.85000038147,2.94,md,26,280,0.6557,0.24,nc,nc75426827,2026-08-29T17:42:21.404Z,"77 km W of Petrolia, CA",earthquake,5.14,21.1800003,0.1,7,automatic,nc,nc
2026-08-29T17:12:19.000Z,32.116,-101.692,3.2605,1.2,ml,33,57,0,0.4,tx,tx2026qzwltv,2026-08-29T23:18:17.120Z,"9 km E of Stanton, Texas",earthquake,0,0.92339241504669,0.1,24,automatic,tx,tx
2026-08-29T17:11:52.670Z,46.247166666667,-122.64733333333,17.33,0.59,md,9,188,0.1148,0.08,uw,uw714090441,2026-08-30T18:10:31.990Z,"20 km E of Castle Rock, Washington",earthquake,0.59,0.84,0.19331488153632,6,reviewed,uw,uw
2026-08-29T17:05:38.634Z,61.002,-151.529,75.6,2,ml,34,59,0.3,0.6,ak,aka2026rcplrx,2026-08-29T17:34:16.433Z,"22 km WSW of Tyonek, Alaska",earthquake,4.1,3.4388,0.2,10,automatic,ak,ak
2026-08-29T17:03:42.670Z,33.398166666667,-116.43416666667,11.82,0.57,ml,34,64,0.09068,0.16,ci,ci41538824,2026-08-30T03:13:43.495Z,"17 km NNW of Borrego Springs, CA",earthquake,0.22,0.54,0.15134505881579,8,reviewed,ci,ci
2026-08-29T17:03:07.430Z,33.394,-116.44483333333,11.79,1.27,ml,79,17,0.09343,0.2,ci,ci41538816,2026-08-30T03:14:47.310Z,"17 km NNW of Borrego Springs, CA",earthquake,0.15,0.46,0.17455081986413,26,reviewed,ci,ci
2026-08-29T17:02:38.260Z,33.397,-116.43683333333,11.45,0.61,ml,34,63,0.09118,0.2,ci,ci41538808,2026-08-30T03:14:16.958Z,"17 km NNW of Borrego Springs, CA",earthquake,0.24,0.63,0.12394127857595,12,reviewed,ci,ci
2026-08-29T16:57:09.073Z,32.115,-101.693,3.5755,0.9,ml,11,181,0,0.6,tx,tx2026qzvzsy,2026-08-29T17:13:40.964Z,"9 km E of Stanton, Texas",earthquake,0,1.7968635559082,0.3,9,automatic,tx,tx
2026-08-29T16:54:03.877Z,61.842,-151.192,76.6,1.4,ml,6,200,0.2,0.2,ak,aka2026rcpbqy,2026-08-29T16:55:11.408Z,"19 km SSE of Skwentna, Alaska",earthquake,28.3,7.1238,0.2,5,automatic,ak,ak
2026-08-29T16:49:16.220Z,38.827499389648,-122.81466674805,1.75,1.02,md,18,56,0.005447,0.02,nc,nc75426822,2026-08-29T17:22:25.288Z,"8 km NW of The Geysers, CA",earthquake,0.23,0.409999996,0.25,18,automatic,nc,nc
2026-08-29T16:42:43.142Z,1.8152,126.6085,53.142,4.3,mb,31,78,9.64,0.69,us,us7000tcu7,2026-08-29T18:11:37.040Z,"142 km NW of Ternate, Indonesia",earthquake,10.88,6.83,0.103,31,reviewed,us,us
2026-08-29T16:31:07.678Z,61.399,-147.739,36.1,0.8,ml,9,139,0.3,0.7,ak,aka2026rcohum,2026-08-29T16:32:22.798Z,"45 km S of Glacier View, Alaska",earthquake,9.5,8.067,0.2,4,automatic,ak,ak
2026-08-29T16:09:29.130Z,47.402666666667,-122.04166666667,15.94,1.6,ml,20,60,0.01918,0.29,uw,uw714090381,2026-08-30T18:05:13.990Z,"1 km NNE of Maple Valley, Washington",earthquake,0.6,0.85,0.1204427666789,9,reviewed,uw,uw
2026-08-29T16:02:02.800Z,36.03,-117.784,2.16,0.7,ml,15,65,0.01593,0.09,ci,ci41538792,2026-08-30T03:14:32.684Z,"15 km E of Coso Junction, CA",earthquake,0.15,0.14,0.11247706634579,4,reviewed,ci,ci
2026-08-29T15:43:32.980Z,36.031833333333,-117.78416666667,2.31,0.72,ml,18,65,0.01669,0.12,ci,ci41538784,2026-08-30T14:32:28.682Z,"15 km E of Coso Junction, CA",earthquake,0.15,0.11,0.26692731132448,5,reviewed,ci,ci
2026-08-29T15:26:46.371Z,32.097,-102.083,6.8121,1.1,ml,8,85,0,0.3,tx,tx2026qzszru,2026-08-29T15:29:08.695Z,"11 km N of Midland, Texas",earthquake,0,3.0783622264862,0.2,7,automatic,tx,tx
2026-08-29T15:24:47.674Z,51.5657,-173.3208,31.739,3.7,ml,39,209,0.837,0.69,us,us7000tcuf,2026-08-29T18:40:40.040Z,"92 km SE of Atka, Alaska",earthquake,5.63,15.87,0.071,26,reviewed,us,us
2026-08-29T15:17:06.003Z,35.8029,140.9937,34.783,4.7,mww,124,120,2.37,1.06,us,us7000tcu2,2026-08-30T12:02:16.625Z,"16 km ENE of Hasaki, Japan",earthquake,8.69,5.312,0.089,12,reviewed,us,us
2026-08-29T15:16:55.105Z,54.821,-156.951,5,4.8,ml,300,150,1.7,1.1,ak,aka2026rcluqc,2026-08-29T17:34:08.785Z,"184 km SE of Perryville, Alaska",earthquake,3.1,0,0.1,111,reviewed,ak,ak
2026-08-29T15:15:44.370Z,52.835166666667,-169.86033333333,11.13,0.83,ml,0,184,0.02412,0.29,av,av94408478,2026-08-30T23:10:55.150Z,"68 km W of Nikolski, Alaska",earthquake,2.39,1.49,0.30655799849548,5,reviewed,av,av
2026-08-29T14:53:24.860Z,36.034,-117.83416666667,1.18,0.89,ml,18,61,0.05258,0.15,ci,ci41538768,2026-08-29T14:56:54.094Z,"10 km E of Coso Junction, CA",earthquake,0.18,0.24,0.19143946246937,9,automatic,ci,ci
2026-08-29T14:47:31.660Z,36.034,-117.782,2.22,0.7,ml,18,67,0.01616,0.09,ci,ci41538760,2026-08-29T15:35:35.508Z,"15 km E of Coso Junction, CA",earthquake,0.13,0.12,0.10583621126928,9,reviewed,ci,ci
2026-08-29T14:34:29.873Z,58.145,-156.384,10.9,1.7,ml,17,168,0.3,0.4,ak,aka2026rckkql,2026-08-29T14:35:21.586Z,"58 km E of Egegik, Alaska",earthquake,7.3,6.3251,0.2,7,automatic,ak,ak
2026-08-29T14:28:29.840Z,34.099666666667,-117.194,7.13,1.03,ml,43,32,0.0299,0.16,ci,ci41538752,2026-08-30T18:38:20.535Z,"3 km SSE of Highland, CA",earthquake,0.15,0.34,0.22150880139367,23,reviewed,ci,ci
2026-08-29T14:06:56.763Z,61.959,-150.601,72.2,1.9,ml,25,74,0.5,0.6,ak,aka2026rcjmts,2026-08-29T14:08:31.586Z,"37 km NW of Willow, Alaska",earthquake,3.7,4.413,0.2,13,automatic,ak,ak
2026-08-29T13:55:59.140Z,51.801,-178.8,12.71,0.91,ml,5,112,0.01858,0.16,av,av94408393,2026-08-30T22:57:25.390Z,"149 km W of Adak, Alaska",earthquake,1.28,1,0.34803356235015,5,reviewed,av,av
2026-08-29T13:54:42.020Z,35.7805,-117.59666666667,7.57,1.31,ml,31,54,0.03517,0.13,ci,ci41538744,2026-08-29T15:36:23.387Z,"17 km W of Searles Valley, CA",earthquake,0.15,0.4,0.17400736990296,21,reviewed,ci,ci
2026-08-29T13:44:24.910Z,19.212165832519,-155.49183654785,29.389999389648,2.33,ml,52,76,0.03665,0.159999996,hv,hv75026372,2026-08-29T13:48:04.000Z,"1 km NW of Pāhala, Hawaii",earthquake,0.41,0.560000002,0.36,10,automatic,hv,hv
2026-08-29T13:41:15.240Z,34.036666666667,-117.09816666667,8.74,0.82,ml,45,48,0.01189,0.18,ci,ci41538736,2026-08-30T14:32:58.662Z,"5 km SE of Mentone, CA",earthquake,0.17,0.41,0.24098587528665,22,reviewed,ci,ci
2026-08-29T13:34:41.350Z,36.027333333333,-117.777,1.74,1.16,ml,26,51,0.00975,0.15,ci,ci41538728,2026-08-29T15:37:25.281Z,"15 km NE of Little Lake, CA",earthquake,0.14,0.13,0.19824745693623,18,reviewed,ci,ci
2026-08-29T13:28:26.720Z,34.406,-119.86483333333,9.09,1.28,ml,21,170,0.01959,0.19,ci,ci41538720,2026-08-30T17:53:02.967Z,"1 km SSW of Isla Vista, CA",earthquake,0.54,0.94,0.11858420707444,20,reviewed,ci,ci
2026-08-29T13:25:14.872Z,43.8866,138.2924,257.202,4,mb,43,74,3.112,0.73,us,us7000tctu,2026-08-29T14:52:12.040Z,"186 km SE of Terney, Russia",earthquake,8.2,8.951,0.096,29,reviewed,us,us
2026-08-29T13:15:19.852Z,37.1093,-115.3027,8.6259,1.69,ml,28,128,0.358,0.3351,nn,nn00923972,2026-08-29T13:19:13.286Z,"30 km SSW of Alamo, Nevada",earthquake,,0.7331,0.27,15,automatic,nn,nn
2026-08-29T13:13:41.000Z,60.7045,-152.71933333333,13.65,0.17,ml,7,273,0.1147,0.09,av,av94408343,2026-08-30T22:53:25.070Z,"77 km W of Salamatof, Alaska",earthquake,0.74,0.88,0.18056325970158,7,reviewed,av,av
2026-08-29T13:07:26.920Z,34.011833333333,-116.76733333333,13.35,0.47,ml,24,64,0.04086,0.12,ci,ci41538712,2026-08-29T15:38:55.398Z,"11 km N of Cabazon, CA",earthquake,0.17,0.38,0.068149038495598,9,reviewed,ci,ci
2026-08-29T13:00:53.500Z,51.581,-177.02216666667,22.55,0.87,ml,12,236,0.2242,0.25,av,av94408313,2026-08-30T22:44:24.530Z,"42 km SW of Adak, Alaska",earthquake,1.32,3.06,0.24895654165636,11,reviewed,av,av
2026-08-29T12:44:13.668Z,58.178,-155.263,11.6,0.6,ml,7,90,0,0.5,ak,aka2026rcgtar,2026-08-30T21:41:50.460Z,"83 km NW of Karluk, Alaska",earthquake,11,20.1607,0.2,7,automatic,ak,ak
2026-08-29T12:32:52.747Z,36.2182,27.5734,14.336,4.5,mb,42,55,0.443,0.61,us,us7000tctp,2026-08-30T04:56:31.040Z,"25 km W of Émponas, Greece",earthquake,3.6,4.449,0.081,45,reviewed,us,us
2026-08-29T12:16:10.300Z,51.791166666667,-178.803,4.88,0.14,ml,5,109,0.02813,0.03,av,av94408278,2026-08-30T21:37:21.070Z,"149 km W of Adak, Alaska",earthquake,0.35,0.6,0.30925864960433,5,reviewed,av,av
2026-08-29T12:02:11.982Z,59.919,-152.197,89.6,3.9,ml,268,56,0.4,0.9,ak,aka2026rcfhvc,2026-08-30T06:31:00.036Z,"25 km NW of Anchor Point, Alaska",earthquake,1.7,1.1414,0.2,155,reviewed,ak,ak
2026-08-29T11:50:30.730Z,58.239166666667,-155.16583333333,4.29,-0.13,ml,7,136,0.04124,0.08,av,av94408243,2026-08-30T21:34:49.840Z,"85 km NNW of Karluk, Alaska",earthquake,0.34,0.64,0.18616530095421,7,reviewed,av,av
2026-08-29T11:47:54.696Z,21.5766,142.9231,317.525,4.3,mb,43,146,14.51,0.61,us,us7000tctm,2026-08-29T12:04:04.040Z,Mariana Islands region,earthquake,12.57,8.188,0.092,33,reviewed,us,us
2026-08-29T11:42:50.070Z,18.0495,-66.702833333333,6.79,2.2,md,6,170,0.1203,0.25,pr,pr71530248,2026-08-29T11:53:39.760Z,"0 km WSW of Tallaboa Alta, Puerto Rico",earthquake,1.95,2.14,0.0997794877326,6,reviewed,pr,pr
2026-08-29T11:24:30.230Z,35.890166666667,-117.70666666667,8.54,0.82,ml,24,59,0.07353,0.12,ci,ci41538704,2026-08-29T15:39:13.030Z,"19 km ESE of Little Lake, CA",earthquake,0.16,0.42,0.17539014741924,11,reviewed,ci,ci
2026-08-29T11:22:44.390Z,51.764166666667,-178.8615,23.34,1.22,ml,5,280,0.01383,0.07,av,av94408218,2026-08-30T23:48:57.460Z,"154 km W of Adak, Alaska",earthquake,2.95,1.2,0.18787436638956,5,reviewed,av,av
2026-08-29T11:11:39.960Z,38.792835235596,-122.80383300781,3.2200000286102,0.74,md,10,117,0.004542,0.01,nc,nc75426782,2026-08-29T11:42:24.038Z,"4 km WNW of The Geysers, CA",earthquake,0.35,0.850000024,0.38,11,automatic,nc,nc
2026-08-29T11:10:07.629Z,59,-137.139,5,3.3,ml,48,120,0.6,0.8,ak,aka2026rcdpmb,2026-08-29T17:06:17.481Z,"78 km SW of Covenant Life, Alaska",earthquake,4,0,0.1,36,reviewed,ak,ak
2026-08-29T11:06:06.304Z,32.132,-102.222,7.1045,2.6,ml,37,47,0,0.1,tx,tx2026qzkjfo,2026-08-29T14:18:07.657Z,"19 km NE of Gardendale, Texas",earthquake,0.39105410218337,0.49278469989168,0.2,24,reviewed,tx,tx
2026-08-29T10:50:24.152Z,4.5688,-76.8503,58.147,4.5,mb,41,104,2.08,1.04,us,us7000tcth,2026-08-29T17:59:09.382Z,"24 km WSW of Sipí, Colombia",earthquake,8.37,8.827,0.065,70,reviewed,us,us
2026-08-29T10:38:59.949Z,36.5655,70.881,210.598,4.1,mb,31,107,2.493,0.57,us,us7000tctg,2026-08-29T11:24:37.040Z,"33 km S of Jurm, Afghanistan",earthquake,9.38,9.259,0.135,15,reviewed,us,us
2026-08-29T10:10:33.170Z,33.576,-116.79833333333,7.67,0.24,ml,25,43,0.03358,0.11,ci,ci41538696,2026-08-29T15:39:29.861Z,"12 km WNW of Anza, CA",earthquake,0.17,0.37,0.073475383467286,4,reviewed,ci,ci
2026-08-29T10:08:39.209Z,63.531,-149.958,143.7,1.5,ml,15,123,0.5,0.5,ak,aka2026rcboct,2026-08-29T10:10:11.925Z,"52 km WNW of Cantwell, Alaska",earthquake,12,6.1313,0.1,5,automatic,ak,ak
2026-08-29T10:01:59.870Z,39.23783493042,-123.20600128174,5.0700001716614,1.74,md,14,43,0.06717,0.04,nc,nc75426767,2026-08-29T11:17:23.866Z,"3 km S of Redwood Valley, CA",earthquake,0.26,0.860000014,0.05,13,automatic,nc,nc
2026-08-29T09:56:18.750Z,35.89,-117.70883333333,7.89,0.84,ml,23,57,0.07476,0.14,ci,ci41538688,2026-08-29T15:39:45.538Z,"19 km ESE of Little Lake, CA",earthquake,0.19,0.51,0.17272358691478,10,reviewed,ci,ci
2026-08-29T09:52:24.370Z,31.786,-103.752,4.8244,1.6,ml,31,93,0.1,0.4,tx,tx2026qzhxnm,2026-08-29T09:56:13.835Z,"17 km WNW of Mentone, Texas",earthquake,0,0.93399113416672,0.1,23,automatic,tx,tx
2026-08-29T09:49:01.290Z,38.830501556396,-122.81366729736,2.4400000572205,0.69,md,10,84,0.007631,0.01,nc,nc75426762,2026-08-29T10:17:23.492Z,"8 km NW of The Geysers, CA",earthquake,0.39,0.980000019,0.18,12,automatic,nc,nc
2026-08-29T09:32:05.978Z,61.119,-141.207,18.3,1.4,ml,6,234,0.3,0.1,ak,aka2026rcailk,2026-08-29T09:33:18.743Z,"98 km ESE of McCarthy, Alaska",earthquake,20.8,18.2962,0.2,6,automatic,ak,ak
2026-08-29T09:26:34.689Z,31.796,-103.749,7.9123,1.8,ml,47,52,0.1,0.5,tx,tx2026qzhblg,2026-08-29T19:13:04.972Z,"17 km NW of Mentone, Texas",earthquake,0,1.9679745435715,0.2,32,automatic,tx,tx
2026-08-29T09:22:26.160Z,19.242666244507,-155.50199890137,32.330001831055,2.06,md,39,96,0.006357,0.140000001,hv,hv75026267,2026-08-29T09:26:08.190Z,"5 km NNW of Pāhala, Hawaii",earthquake,0.58,0.680000007,0.1232217275657,13,automatic,hv,hv
2026-08-29T09:18:38.800Z,40.6091,-127.3911,10,2.6,ml,20,281,2.563,0.62,us,us7000tct5,2026-08-29T09:54:26.040Z,"264 km W of Ferndale, California",earthquake,11.64,2.024,0.052,48,reviewed,us,us
2026-08-29T09:15:49.724Z,32.002,-103.715,9.8574,1.5,ml,6,127,0,0.7,tx,tx2026qzgsev,2026-08-29T10:00:11.645Z,"34 km NNW of Mentone, Texas",earthquake,0,3.0365419387817,0.3,4,automatic,tx,tx
2026-08-29T09:15:46.801Z,-8.588,127.2223,10,4.7,mb,33,96,5.714,0.63,us,us7000tct6,2026-08-29T09:51:31.040Z,"25 km ESE of Lospalos, Timor Leste",earthquake,11.37,1.886,0.096,33,reviewed,us,us
2026-08-29T09:11:51.399Z,64.891,-148.93,20.2,0.7,ml,6,202,0.3,0.2,ak,aka2026rbzqxb,2026-08-29T09:12:51.416Z,"33 km NNE of Four Mile Road, Alaska",earthquake,8.4,9.841,0.3,4,automatic,ak,ak
2026-08-29T09:10:49.150Z,58.292333333333,-154.9825,3.58,0.17,ml,7,147,0.04318,0.15,av,av94408088,2026-08-30T21:27:50.220Z,"86 km NNW of Karluk, Alaska",earthquake,0.4,0.85,0.34715773508374,7,reviewed,av,av
2026-08-29T09:03:25.070Z,38.822498321533,-122.84233093262,1.6100000143051,0.53,md,11,113,0.005736,0.03,nc,nc75426752,2026-08-29T09:37:23.241Z,"9 km NW of The Geysers, CA",earthquake,0.34,0.579999983,0.18,12,automatic,nc,nc
2026-08-29T09:01:27.307Z,61.592,-151.765,100.8,2.4,ml,53,58,0.1,0.5,ak,aka2026rbziag,2026-08-29T09:57:34.040Z,"48 km SSW of Skwentna, Alaska",earthquake,4,2.5556,0.4,7,automatic,ak,ak
2026-08-29T08:56:30.901Z,60.821,-146.879,25.7,1.9,ml,21,51,0.1,0.6,ak,aka2026rbzdpd,2026-08-29T08:57:41.278Z,"11 km WSW of Tatitlek, Alaska",earthquake,4.3,2.7724,0.2,6,automatic,ak,ak
2026-08-29T08:54:39.380Z,35.677,-117.523,2.16,0.88,ml,31,49,0.08171,0.12,ci,ci41538680,2026-08-29T15:40:30.443Z,"15 km SW of Searles Valley, CA",earthquake,0.15,0.27,0.11673452523418,11,reviewed,ci,ci
2026-08-29T08:50:41.150Z,19.057332992554,-155.33917236328,32.889999389648,1.7,md,20,264,0.1518,0.0900000036,hv,hv75026247,2026-08-29T08:54:19.220Z,"21 km SE of Pāhala, Hawaii",earthquake,1.53,0.930000007,0.081694625007041,15,automatic,hv,hv
2026-08-29T08:49:40.044Z,32.1,-101.955,4.3546,1.5,ml,88,28,0,0.4,tx,tx2026qzfvrd,2026-08-29T11:20:34.240Z,"16 km WSW of Stanton, Texas",earthquake,0,0.56269377470016,0.3,56,automatic,tx,tx
2026-08-29T08:34:47.869Z,61.673,-149.439,21.5,1.6,ml,22,95,0.2,0.7,ak,aka2026rbyktl,2026-08-29T08:35:51.116Z,"5 km N of Tanaina, Alaska",earthquake,3.8,3.2269,0.1,5,automatic,ak,ak
2026-08-29T08:25:10.090Z,33.914,-117.08066666667,14.05,0.91,ml,46,37,0.08355,0.17,ci,ci41538672,2026-08-29T15:40:34.503Z,"9 km SSW of Calimesa, CA",earthquake,0.16,0.56,0.28727418967315,24,reviewed,ci,ci
2026-08-29T08:23:22.410Z,-22.3237,-179.689,602.27,4.2,mb,25,97,5.025,0.58,us,us7000tcsv,2026-08-29T08:43:32.040Z,south of the Fiji Islands,earthquake,11.77,9.822,0.11,23,reviewed,us,us
2026-08-29T08:11:21.440Z,35.313833333333,-117.81166666667,6.89,0.79,ml,31,95,0.05408,0.21,ci,ci41538656,2026-08-30T14:33:16.266Z,"17 km WSW of Johannesburg, CA",earthquake,0.24,0.47,0.32453403816492,5,reviewed,ci,ci
2026-08-29T08:08:45.662Z,-0.7032,126.9069,41.899,5,mb,70,64,8.329,0.57,us,us7000tcsu,2026-08-29T08:28:19.040Z,"64 km W of Labuha, Indonesia",earthquake,9.45,7.614,0.067,72,reviewed,us,us
2026-08-29T08:05:01.030Z,52.074833333333,-176.15366666667,4.69,0.36,ml,6,144,0.01971,0.2,av,av93066349,2026-08-30T21:25:19.990Z,"39 km NE of Adak, Alaska",earthquake,0.65,0.5,0.23279472469953,6,reviewed,av,av
2026-08-29T07:53:12.860Z,32.536166666667,-116.18633333333,11.33,1.8,ml,43,69,0.1308,0.19,ci,ci41538640,2026-08-29T15:43:19.934Z,"28 km ESE of Campo, CA",earthquake,0.24,0.73,0.13878973609846,27,reviewed,ci,ci
2026-08-29T07:49:19.657Z,40.6417,-127.2233,10,2.9,ml,37,264,2.433,0.72,us,us7000tcss,2026-08-29T08:34:44.040Z,"250 km W of Ferndale, California",earthquake,9.39,2.022,0.038,92,reviewed,us,us
2026-08-29T07:48:40.054Z,40.8117,-126.7194,10,2.8,ml,33,264,2.041,1.29,us,us7000tcsr,2026-08-29T08:37:18.040Z,"209 km W of Ferndale, California",earthquake,4.43,2.02,0.046,62,reviewed,us,us
2026-08-29T07:45:21.430Z,33.235833333333,-116.28316666667,10.05,1.12,ml,61,32,0.04949,0.18,ci,ci41538632,2026-08-29T15:44:54.120Z,"9 km ESE of Borrego Springs, CA",earthquake,0.16,0.35,0.19883405885437,27,reviewed,ci,ci
2026-08-29T07:43:33.732Z,61.142,-141.236,5,2,ml,20,110,0.3,0.6,ak,aka2026rbwsim,2026-08-29T07:44:42.401Z,"96 km ESE of McCarthy, Alaska",earthquake,3.9,,0.1,7,automatic,ak,ak
2026-08-29T07:33:11.380Z,54.414666666667,-164.62933333333,17.74,1.03,ml,4,302,0.06307,0.28,av,av93066344,2026-08-30T21:17:19.520Z,"80 km ENE of Akutan, Alaska",earthquake,2.5,1.97,0.24841991266114,4,reviewed,av,av
2026-08-29T07:31:33.439Z,32.146,-102.495,0,1.7,ml,6,193,0.1,0.5,tx,tx2026qzdgja,2026-08-29T07:33:38.532Z,"17 km S of McKinney Acres, Texas",earthquake,0,,1,6,automatic,tx,tx
2026-08-29T07:25:46.402Z,58.186,-155.308,1.1,0.7,ml,6,99,0,0.3,ak,aka2026rbwcxo,2026-08-30T21:14:19.280Z,"85 km NW of Karluk, Alaska",earthquake,9.6,16.117,0.1,6,automatic,ak,ak
2026-08-29T07:21:27.510Z,39.345500946045,-123.19833374023,8.2799997329712,1.48,md,9,103,0.04068,0.04,nc,nc75426712,2026-08-29T09:47:25.303Z,"9 km N of Redwood Valley, CA",earthquake,0.4,0.680000007,0.17,6,automatic,nc,nc
2026-08-29T07:20:46.650Z,51.838166666667,-178.725,5.65,0.34,ml,5,305,0.03902,0.33,av,av94407958,2026-08-30T21:09:47.940Z,"144 km W of Adak, Alaska",earthquake,2.96,2.41,0.43813936719245,5,reviewed,av,av
2026-08-29T07:10:54.010Z,-57.4587,-25.7887,89.886,4.9,mb,50,68,6.808,0.8,us,us7000tcsm,2026-08-29T07:27:19.040Z,South Sandwich Islands region,earthquake,11.8,7.324,0.081,48,reviewed,us,us
2026-08-29T07:09:02.840Z,36.294166666667,-117.4455,1.67,1.8,ml,28,53,0.1206,0.17,ci,ci41538624,2026-08-29T15:44:25.765Z,"43 km SW of Stovepipe Wells, CA",earthquake,0.21,0.44,0.1413066154894,27,reviewed,ci,ci
2026-08-29T06:58:58.880Z,51.43,-178.606,-1.58,1.67,ml,16,243,0.1794,0.29,av,av94407928,2026-08-30T21:07:47.700Z,"145 km WSW of Adak, Alaska",earthquake,1.15,1.24,0.10570764892216,1,reviewed,av,av
2026-08-29T06:49:55.178Z,32.824,-100.962,2.7398,1.8,ml,40,101,0.1,0.7,tx,tx2026qzbwlz,2026-08-29T06:53:23.930Z,"12 km NNW of Snyder, Texas",earthquake,0,0.93164092302322,0.2,29,automatic,tx,tx
2026-08-29T06:40:41.590Z,33.036166666667,-116.36533333333,10.91,1.38,ml,67,33,0.07367,0.19,ci,ci41538608,2026-08-29T15:44:30.616Z,"23 km ESE of Julian, CA",earthquake,0.16,0.31,0.29802533455361,26,reviewed,ci,ci
2026-08-29T06:39:58.069Z,31.674,-101.996,3.3751,1,ml,25,70,0.1,0.4,tx,tx2026qzbnxm,2026-08-29T11:20:24.924Z,"36 km SSE of Midland, Texas",earthquake,0,1.1797890663147,0.3,19,automatic,tx,tx
2026-08-29T06:39:46.270Z,36.073166666667,-117.841,1.99,1.34,ml,28,51,0.04572,0.13,ci,ci41538600,2026-08-29T15:44:49.730Z,"10 km ENE of Coso Junction, CA",earthquake,0.15,0.18,0.2226365396511,21,reviewed,ci,ci
2026-08-29T06:32:54.139Z,9.976,126.3482,60.935,4.8,mb,68,111,2.986,1.13,us,us7000tcsc,2026-08-29T09:46:04.175Z,"29 km ENE of Pilar, Philippines",earthquake,11.72,6.134,0.058,94,reviewed,us,us
2026-08-29T06:24:44.670Z,38.787498474121,-122.7440032959,1.2999999523163,1.31,md,22,84,0.007104,0.05,nc,nc75426692,2026-08-29T08:12:23.726Z,"2 km NE of The Geysers, CA",earthquake,0.25,0.389999986,0.09,21,automatic,nc,nc
2026-08-29T06:16:33.995Z,60.518,-147.788,18.3,2.2,ml,29,82,0.5,0.7,ak,aka2026rbtuxk,2026-08-29T07:03:01.890Z,"51 km NNE of Chenega, Alaska",earthquake,3.4,2.7436,0.2,4,automatic,ak,ak
2026-08-29T06:14:47.810Z,38.534832000732,-122.764503479,1.460000038147,1.53,md,16,91,0.06718,0.05,nc,nc75426687,2026-08-29T07:42:22.520Z,"3 km NNW of Larkfield-Wikiup, CA",earthquake,0.24,1.25999999,0.05,10,automatic,nc,nc
2026-08-29T06:14:00.340Z,33.353666666667,-116.36583333333,11.89,0.68,ml,41,52,0.02689,0.19,ci,ci41538592,2026-08-29T15:44:42.002Z,"11 km N of Borrego Springs, CA",earthquake,0.23,0.42,0.14572130673042,12,reviewed,ci,ci
2026-08-29T06:04:04.818Z,60.424,-153.164,5,1.1,ml,6,315,0.2,1.4,ak,aka2026rbtkbx,2026-08-29T06:04:41.187Z,"68 km ENE of Port Alsworth, Alaska",earthquake,19.7,,0.2,5,automatic,ak,ak
2026-08-29T05:55:56.060Z,19.357334136963,-155.43682861328,6.3600001335144,1.85,md,40,46,0.0242,0.25,hv,hv75026147,2026-08-29T05:59:28.480Z,"17 km NNE of Pāhala, Hawaii",earthquake,0.36,0.649999976,0.20696445936389,11,automatic,hv,hv
2026-08-29T05:54:23.540Z,19.167999267578,-155.49299621582,29.540000915527,1.83,md,28,157,0.03177,0.180000007,hv,hv75026142,2026-08-29T05:57:59.160Z,"4 km SSW of Pāhala, Hawaii",earthquake,0.92,0.699999988,0.24224473250092,12,automatic,hv,hv
2026-08-29T05:46:56.764Z,43.8957,-129.0391,10,3.5,mb,40,222,2.684,1.09,us,us7000tcs8,2026-08-29T06:22:02.808Z,off the coast of Oregon,earthquake,11.96,2.011,0.222,5,reviewed,us,us
2026-08-29T05:46:10.926Z,64.917,-148.398,10.2,1.3,ml,7,145,0.1,0.3,ak,aka2026rbsuok,2026-08-29T05:46:55.583Z,"19 km WNW of Ester, Alaska",earthquake,8.9,11.9802,0.1,4,automatic,ak,ak
2026-08-29T05:40:06.207Z,-31.8483,56.9522,10,5.1,mb,68,49,10.689,0.68,us,us7000tcs7,2026-08-29T05:56:57.040Z,Southwest Indian Ridge,earthquake,10.05,1.858,0.071,65,reviewed,us,us
2026-08-29T05:39:30.638Z,59.171,-151.795,50.4,2.7,ml,46,146,0.5,0.6,ak,aka2026rbsotr,2026-08-29T05:40:31.829Z,"20 km S of Port Graham, Alaska",earthquake,4.5,4.882,0.2,5,automatic,ak,ak
2026-08-29T05:19:19.380Z,19.198165893555,-155.49433898926,30.540000915527,2.08,md,41,74,0.05014,0.159999996,hv,hv75026107,2026-08-29T05:22:55.380Z,"1 km WSW of Pāhala, Hawaii",earthquake,0.52,0.730000019,0.14672946595132,11,automatic,hv,hv
2026-08-29T05:13:23.595Z,61.568,-151.945,5.2,1.1,ml,7,144,0.1,0.4,ak,aka2026rbrsdd,2026-08-30T21:00:17.240Z,"55 km SSW of Skwentna, Alaska",earthquake,11.1,21.0794,0.2,4,automatic,ak,ak
2026-08-29T04:48:42.059Z,44.8019,149.9582,43.998,4.6,mb,47,183,5.316,0.68,us,us7000tcrx,2026-08-29T05:07:39.040Z,"170 km ESE of Kuril’sk, Russia",earthquake,12.89,10.056,0.07,62,reviewed,us,us
2026-08-29T04:46:36.970Z,19.17816734314,-155.48866271973,30.190000534058,2.19,md,36,152,0.0338,0.159999996,hv,hv75026097,2026-08-29T04:50:06.740Z,"2 km SSW of Pāhala, Hawaii",earthquake,0.64,0.589999974,0.1268550028327,10,automatic,hv,hv
2026-08-29T04:43:23.520Z,33.969666666667,-116.88866666667,16.67,1.33,ml,65,23,0.09032,0.15,ci,ci41538584,2026-08-29T15:46:00.550Z,"5 km NNW of Banning, CA",earthquake,0.13,0.37,0.15884208879892,28,reviewed,ci,ci
2026-08-29T04:40:51.070Z,34.402,-116.46133333333,6.23,0.89,ml,23,74,0.1281,0.1,ci,ci41538576,2026-08-29T15:45:30.535Z,"32 km N of Yucca Valley, CA",earthquake,0.18,0.44,0.18518063155443,9,reviewed,ci,ci
2026-08-29T04:13:48.860Z,38.427333831787,-122.63116455078,8.4300003051758,1.38,md,10,139,0.04553,0.07,nc,nc75426682,2026-08-29T07:17:26.354Z,"7 km ESE of Santa Rosa, CA",earthquake,0.49,0.980000019,0.13,7,automatic,nc,nc
2026-08-29T04:05:22.790Z,17.9955,-66.733666666667,12.94,2.01,md,10,194,0.1301,0.13,pr,pr71530238,2026-08-29T10:24:39.330Z,"1 km W of Tallaboa, Puerto Rico",earthquake,0.61,0.36,0.26071207092654,6,reviewed,pr,pr
2026-08-29T03:56:29.624Z,31.528,-104.159,4.9845,1.9,ml,30,73,0.1,0.3,tx,tx2026qywdam,2026-08-29T04:00:42.507Z,"42 km NW of Toyah, Texas",earthquake,0,1.1059257984161,0.2,23,automatic,tx,tx
2026-08-29T03:55:20.537Z,38.9629,-118.1955,12.4996,1.66,ml,16,117,0.717,0.2248,nn,nn00923961,2026-08-29T03:58:20.714Z,"25 km WNW of Gabbs, Nevada",earthquake,,0.7479,0.14,7,automatic,nn,nn
2026-08-29T03:52:01.390Z,33.420166666667,-116.6375,6.99,-0.12,ml,28,42,0.07998,0.16,ci,ci41538568,2026-08-29T15:47:04.950Z,"15 km N of Warner Springs, CA",earthquake,0.22,0.73,0.056656139524252,3,reviewed,ci,ci
2026-08-29T03:44:07.230Z,19.176666259766,-155.48533630371,28.489999771118,1.72,md,28,201,0.07249,0.119999997,hv,hv75026072,2026-08-29T03:47:44.500Z,"2 km SSW of Pāhala, Hawaii",earthquake,0.66,0.800000012,0.10298011016593,11,automatic,hv,hv
2026-08-29T03:40:34.236Z,61.334,-150.669,59.9,2.6,ml,43,41,0.5,0.7,ak,aka2026rbopqh,2026-08-29T04:10:48.124Z,"24 km SSW of Susitna, Alaska",earthquake,3.8,4.2514,0.1,4,automatic,ak,ak
2026-08-29T03:38:21.160Z,38.518666666667,-112.8875,2.1,1.24,md,12,112,0.007522,0.07,uu,uu80151251,2026-08-29T04:43:38.851Z,"17 km NE of Milford, Utah",earthquake,0.31,0.34,0.20861349468054,2,reviewed,uu,uu
2026-08-29T03:37:11.425Z,34.8393,-108.5465,10.372,3.4,ml,24,60,1.015,0.75,us,us7000tcrl,2026-08-30T02:49:03.297Z,"21 km SW of Pinehill, New Mexico",earthquake,2.63,8.582,0.042,75,reviewed,us,us
2026-08-29T03:20:57.690Z,35.698666666667,-117.4885,2.85,0.8,ml,21,66,0.06248,0.14,ci,ci41538560,2026-08-30T18:47:12.457Z,"11 km SW of Searles Valley, CA",earthquake,0.21,0.4,0.18313771083388,9,reviewed,ci,ci
2026-08-29T03:16:55.880Z,33.6505,-116.915,11.56,0.66,ml,32,42,0.03722,0.2,ci,ci41538552,2026-08-30T14:33:20.338Z,"11 km S of Valle Vista, CA",earthquake,0.3,0.46,0.21798847304894,12,reviewed,ci,ci
2026-08-29T03:15:15.500Z,38.839000701904,-122.83699798584,1.1499999761581,0.7,md,9,83,0.00125,0.01,nc,nc75426662,2026-08-29T03:52:22.000Z,"10 km NW of The Geysers, CA",earthquake,0.29,0.709999979,0.25,10,automatic,nc,nc
2026-08-29T03:14:30.430Z,38.839332580566,-122.83716583252,1.0900000333786,0.36,md,8,92,0.001507,0.01,nc,nc75426657,2026-08-29T03:37:20.901Z,"10 km NW of The Geysers, CA",earthquake,0.32,0.75,0.25,9,automatic,nc,nc
2026-08-29T03:06:33.210Z,38.826168060303,-122.83399963379,11.810000419617,0.32,md,8,121,0.003152,0.12,nc,nc75426652,2026-08-29T03:27:22.835Z,"9 km NW of The Geysers, CA",earthquake,1.53,0.939999998,0.16,6,automatic,nc,nc
2026-08-29T02:54:24.040Z,51.810666666667,-178.80933333333,10.64,0.82,ml,5,152,0.008824,0.16,av,av94407748,2026-08-30T20:48:16.600Z,"150 km W of Adak, Alaska",earthquake,1.76,0.89,0.30994170082136,5,reviewed,av,av
2026-08-29T02:47:40.690Z,38.5195,-112.8915,1.84,0,ml,9,116,0.01046,0.05,uu,uu80151196,2026-08-29T03:53:06.802Z,"17 km NE of Milford, Utah",earthquake,0.33,0.78,,1,reviewed,uu,uu
2026-08-29T02:47:04.220Z,38.792999267578,-122.76066589356,1.1299999952316,1.07,md,13,65,0.007651,0.02,nc,nc75426642,2026-08-29T03:12:21.739Z,"2 km NNW of The Geysers, CA",earthquake,0.24,0.469999999,0.26,14,automatic,nc,nc
2026-08-29T02:44:57.000Z,32.829333333333,-115.71133333333,10.93,2.39,ml,58,40,0.02556,0.32,ci,ci41538536,2026-08-29T15:50:10.520Z,"13 km W of Imperial, CA",earthquake,0.26,0.5,0.28704375951555,27,reviewed,ci,ci
2026-08-29T02:41:11.610Z,40.45,-125.27233333333,10,4.84,mw,149,239,0.7061,0.28,nc,nc75426637,2026-08-31T02:51:17.982Z,"85 km W of Petrolia, CA",earthquake,0.67,31.61,,35,reviewed,nc,nc
2026-08-29T02:32:53.584Z,35.23521042,-97.59499359,5,1.93,ml,14,83.26970291,0.1312052161,0.5040279917,ok,ok2026qwru,2026-08-29T03:44:53.006Z,"1 km SSE of Newcastle, Oklahoma",earthquake,,0,0.17,13,automatic,ok,ok
2026-08-29T02:21:04.260Z,32.9365,-115.53033333333,9.64,1.62,ml,36,64,0.04328,0.28,ci,ci41538528,2026-08-30T15:26:33.688Z,"5 km S of Brawley, CA",earthquake,0.29,0.78,0.18292277604406,40,reviewed,ci,ci
2026-08-29T02:15:35.090Z,37.52783203125,-118.8193359375,3.039999961853,1.78,md,8,232,0.09738,0.01,nc,nc75426627,2026-08-29T04:47:23.385Z,"13 km WSW of Toms Place, CA",earthquake,1.54,1.14999998,0.46,8,automatic,nc,nc
2026-08-29T01:59:41.410Z,38.9745,-118.122,6.6207,1.77,ml,15,104,0.312,0.215,nn,nn00923955,2026-08-29T02:02:15.413Z,"20 km NW of Gabbs, Nevada",earthquake,,0.6819,0.21,5,automatic,nn,nn
2026-08-29T01:46:04.977Z,46.4708,147.1842,306.863,4.2,mb,37,150,3.082,0.71,us,us7000tcr6,2026-08-29T04:22:58.040Z,"148 km NNW of Kuril’sk, Russia",earthquake,13.55,9.786,0.092,33,reviewed,us,us
2026-08-29T01:36:01.300Z,19.163166046143,-155.48567199707,30.659999847412,1.93,md,35,160,0.02357,0.129999995,hv,hv75025987,2026-08-29T01:39:31.910Z,"4 km S of Pāhala, Hawaii",earthquake,0.58,0.870000005,0.21074922285511,11,automatic,hv,hv
2026-08-29T01:35:12.670Z,60.4215,-152.70983333333,9.95,-0.05,ml,4,271,0.0367,0.22,av,av94407643,2026-08-30T20:20:14.970Z,"70 km NW of Ninilchik, Alaska",earthquake,2.46,1.22,0.12496028123269,4,reviewed,av,av
2026-08-29T01:24:18.930Z,34.312666666667,-117.0235,2.68,1.01,ml,43,34,0.05766,0.17,ci,ci41538520,2026-08-29T15:51:06.899Z,"13 km NW of Big Bear Lake, CA",earthquake,0.19,0.46,0.24853772333142,28,reviewed,ci,ci
2026-08-29T01:20:18.100Z,33.328166666667,-117.57233333333,15.72,1.26,ml,36,139,0.189,0.14,ci,ci41538512,2026-08-30T14:33:35.152Z,"12 km SSE of San Clemente, CA",earthquake,0.29,0.56,0.22536588686948,31,reviewed,ci,ci
2026-08-29T01:20:10.149Z,59.81,-152.607,77.8,1.8,ml,24,63,0.2,0.4,ak,aka2026rbjxxo,2026-08-29T01:21:25.850Z,"43 km W of Anchor Point, Alaska",earthquake,4.3,3.0485,0.2,10,automatic,ak,ak
2026-08-29T01:19:30.600Z,33.572333333333,-116.80516666667,5.87,0.38,ml,24,41,0.04036,0.15,ci,ci41538504,2026-08-30T14:33:43.152Z,"12 km W of Anza, CA",earthquake,0.21,0.46,0.12864999123417,8,reviewed,ci,ci
2026-08-29T01:11:15.260Z,38.829334259033,-122.87283325195,2.829999923706,0.69,md,9,153,0.01215,0.02,nc,nc75426612,2026-08-29T01:12:49.869Z,"12 km WNW of The Geysers, CA",earthquake,0.53,0.850000024,0.29,10,automatic,nc,nc
2026-08-29T01:02:52.090Z,36.093333333333,-117.87233333333,3.71,0.87,ml,21,55,0.02803,0.13,ci,ci41538496,2026-08-29T15:54:23.396Z,"9 km NE of Coso Junction, CA",earthquake,0.18,0.29,0.17123135647205,11,reviewed,ci,ci
2026-08-29T00:56:53.310Z,38.492833333333,-112.90683333333,3.62,0.95,ml,11,96,0.01027,0.05,uu,uu80151136,2026-08-29T02:26:48.300Z,"13 km NE of Milford, Utah",earthquake,0.3,0.5,0.0048506984652199,2,reviewed,uu,uu
2026-08-29T00:54:15.020Z,19.203666666667,-155.5,30.79,1.93,ml,46,73,0.04449,0.12,hv,hv75025972,2026-08-29T01:43:40.990Z,"2 km W of Pāhala, Hawaii",earthquake,0.41,0.56,0.1295019027368,23,reviewed,hv,hv
2026-08-29T00:42:16.670Z,38.42850112915,-122.63316345215,9.3500003814697,1.84,md,35,39,0.04569,0.09,nc,nc75426592,2026-08-29T01:42:23.154Z,"7 km ESE of Santa Rosa, CA",earthquake,0.18,0.550000012,0.18,31,automatic,nc,nc
2026-08-29T00:38:18.170Z,38.835998535156,-122.81233215332,1.7300000190735,1.04,md,13,69,0.01271,0.01,nc,nc75426587,2026-08-29T00:39:55.420Z,"8 km WNW of Cobb, CA",earthquake,0.29,0.600000024,0.13,13,automatic,nc,nc
2026-08-29T00:37:57.180Z,38.826168060303,-122.81616973877,2.1300001144409,0.75,md,9,65,0.005508,0.01,nc,nc75426582,2026-08-29T00:39:35.679Z,"8 km NW of The Geysers, CA",earthquake,0.42,0.850000024,0.28,11,automatic,nc,nc
2026-08-29T00:34:59.980Z,55.951,-159.693,11,2.5,ml,12,172,0.1,0.7,ak,aka2026rbikti,2026-08-30T20:43:16.140Z,"14 km WNW of Ivanof Bay, Alaska",earthquake,11.1,3.22,0.2,9,reviewed,ak,ak
2026-08-29T00:34:08.180Z,38.515833333333,-112.8855,2.03,1.74,ml,22,64,0.004512,0.12,uu,uu80151131,2026-08-29T00:56:45.120Z,"17 km NE of Milford, Utah",earthquake,0.24,0.51,0.12732940549009,4,reviewed,uu,uu
2026-08-29T00:30:37.661Z,60.14,-153.203,134.7,2.4,ml,50,78,0.1,0.5,ak,aka2026rbigqt,2026-08-29T04:56:03.540Z,"62 km E of Port Alsworth, Alaska",earthquake,4.3,1.9901,0.3,37,reviewed,ak,ak
2026-08-29T00:20:53.627Z,31.747,-101.939,3.5872,2.1,ml,105,49,0,0.4,tx,tx2026qyozgi,2026-08-29T11:20:21.582Z,"30 km SSE of Midland, Texas",earthquake,0,0.6517219543457,0.3,73,automatic,tx,tx
2026-08-29T00:19:40.270Z,25.8298,-109.734,10,4.2,mb,31,190,2.691,0.83,us,us7000tcqv,2026-08-29T04:36:57.928Z,"40 km W of Las Grullas Margen Derecha, Mexico",earthquake,7.97,1.971,0.064,67,reviewed,us,us
2026-08-29T00:17:48.320Z,18.819333333333,-67.384,7.76,3.06,md,16,219,0.4352,0.13,pr,pr71530223,2026-08-29T00:59:58.040Z,"47 km NW of San Antonio, Puerto Rico",earthquake,0.45,0.75,0.083617277179759,12,reviewed,pr,pr
2026-08-29T00:09:59.567Z,-16.5532,-175.6958,334.014,4.3,mb,24,114,4.602,0.67,us,us7000tcqt,2026-08-29T02:48:54.040Z,"213 km WSW of Hihifo, Tonga",earthquake,13.56,8.121,0.129,17,reviewed,us,us
2026-08-29T00:09:58.660Z,38.820167541504,-122.80416870117,2.3599998950958,1.79,md,38,35,0.005627,0.04,nc,nc75426572,2026-08-29T03:27:23.835Z,"6 km NW of The Geysers, CA",earthquake,0.18,0.300000012,0.14,40,automatic,nc,nc
2026-08-28T23:57:47.620Z,36.578498840332,-121.18049621582,3.8599998950958,1.32,md,8,106,0.00785,0.18,nc,nc75426567,2026-08-29T00:47:25.787Z,"6 km NNW of Pinnacles, CA",earthquake,0.77,1.39999998,0.17,7,automatic,nc,nc
2026-08-28T23:55:58.905Z,37.422,22.7096,89.639,4.5,mb,43,86,0.671,0.68,us,us7000tcqr,2026-08-29T06:04:06.440Z,"2 km NNW of Ástros, Greece",earthquake,5.22,5.264,0.077,50,reviewed,us,us
2026-08-28T23:52:51.470Z,39.325668334961,-123.26766967773,6.4499998092651,1.88,md,17,86,0.05831,0.05,nc,nc75426562,2026-08-29T00:32:20.684Z,"9 km NW of Redwood Valley, CA",earthquake,0.22,0.689999998,0.19,11,automatic,nc,nc
2026-08-28T23:48:03.675Z,-23.9509,-69.3994,77.041,4.3,mb,19,87,1.144,0.92,us,us7000tcqp,2026-08-29T01:52:08.040Z,"106 km ESE of Antofagasta, Chile",earthquake,4.88,10.067,0.217,6,reviewed,us,us
2026-08-28T23:34:23.230Z,51.805666666667,-178.81,11.67,0.7,ml,5,144,0.0138,0.11,av,av94407498,2026-08-29T01:54:43.980Z,"150 km W of Adak, Alaska",earthquake,1.49,0.71,0.27120509814323,5,reviewed,av,av
2026-08-28T23:28:35.281Z,53.1344,-162.0183,10,3.5,mb,34,232,1.825,0.55,us,us7000tcqn,2026-08-29T01:38:05.040Z,"212 km SSE of False Pass, Alaska",earthquake,3.15,2.011,0.35,2,reviewed,us,us
2026-08-28T23:28:31.980Z,38.8125,-122.79550170898,2.829999923706,0.97,md,11,74,0.01575,0.02,nc,nc75426547,2026-08-28T23:30:11.098Z,"5 km NW of The Geysers, CA",earthquake,0.35,0.870000005,0.24,13,automatic,nc,nc
2026-08-28T23:28:10.460Z,38.821834564209,-122.83333587647,8.7200002670288,0.78,md,8,176,0.01335,0.02,nc,nc75426542,2026-08-28T23:29:45.023Z,"8 km NW of The Geysers, CA",earthquake,1.85,6.36000013,0.04,6,automatic,nc,nc
2026-08-28T23:17:30.230Z,36.0945,-117.868,4.02,0.92,ml,20,54,0.02537,0.12,ci,ci41538480,2026-08-29T15:54:40.117Z,"9 km NE of Coso Junction, CA",earthquake,0.18,0.27,0.19134401120527,13,reviewed,ci,ci
2026-08-28T23:10:36.399Z,39.6554,143.2337,34.933,4.8,mww,63,134,2.01,0.61,us,us7000tcqg,2026-08-28T23:44:20.040Z,"110 km E of Miyako, Japan",earthquake,7.76,5.52,0.098,10,reviewed,us,us
2026-08-28T23:07:54.970Z,38.760833740234,-122.73049926758,2.7300000190735,1.09,md,9,125,0.004473,0.02,nc,nc75426537,2026-08-29T00:17:23.585Z,"3 km SE of The Geysers, CA",earthquake,0.39,0.74000001,0.05,9,automatic,nc,nc
2026-08-28T23:04:52.170Z,47.679333333333,-120.12466666667,1.05,0.7,ml,7,136,0.05953,0.14,uw,uw714089931,2026-08-29T15:49:22.240Z,"5 km NW of Waterville, Washington",earthquake,0.4,3.13,0.1759058519865,6,reviewed,uw,uw
2026-08-28T23:01:22.240Z,33.671666666667,-116.71983333333,15.14,0.45,ml,23,88,0.03968,0.13,ci,ci41538472,2026-08-30T14:33:39.084Z,"8 km S of Idyllwild, CA",earthquake,0.31,0.44,0.1186120469183,5,reviewed,ci,ci
2026-08-28T23:00:12.984Z,62.355,-151.209,80.2,2.2,ml,39,56,0.3,0.6,ak,aka2026rbfgoj,2026-08-28T23:36:20.453Z,"27 km SW of Petersville, Alaska",earthquake,3.1,3.2464,0.2,29,reviewed,ak,ak
2026-08-28T22:52:25.640Z,58.0195,-155.6615,3.12,0.26,ml,5,255,0.05702,0.23,av,av94407458,2026-08-29T01:56:14.160Z,"87 km NW of Karluk, Alaska",earthquake,0.86,0.94,0.17089599528216,5,reviewed,av,av
2026-08-28T22:50:59.650Z,33.656,-116.73383333333,13,0.45,ml,24,86,0.0517,0.15,ci,ci41538464,2026-08-30T14:33:57.209Z,"9 km S of Idyllwild, CA",earthquake,0.28,0.46,0.094694889112884,7,reviewed,ci,ci
2026-08-28T22:48:13.030Z,51.810833333333,-178.77933333333,9.62,0.47,ml,5,143,0.00698,0.18,av,av94407453,2026-08-29T01:51:13.670Z,"148 km W of Adak, Alaska",earthquake,2.08,0.98,0.22602963815977,5,reviewed,av,av
2026-08-28T22:41:43.840Z,48.615666666667,-119.66616666667,1.44,0.67,md,3,171,0.1828,0.04,uw,uw714089921,2026-08-29T15:43:45.190Z,"8 km NE of Conconully, Washington",earthquake,0.83,7.39,,1,reviewed,uw,uw
2026-08-28T22:35:53.284Z,61.056,-152.322,117.8,1.7,ml,20,81,0.1,0.3,ak,aka2026rbelmx,2026-08-28T23:34:44.157Z,"64 km W of Tyonek, Alaska",earthquake,8.3,4.0664,0.5,13,reviewed,ak,ak
2026-08-28T22:30:32.353Z,15.237,-92.9163,84.651,4.1,mb,24,205,1.282,0.81,us,us7000tcqc,2026-08-29T01:29:28.040Z,"20 km SSW of Nueva Sesecapa, Mexico",earthquake,10.28,12.194,0.083,43,reviewed,us,us
2026-08-28T22:13:32.120Z,38.814167022705,-122.78616333008,1.4900000095367,0.87,md,5,145,0.004375,0.01,nc,nc75426527,2026-08-28T22:15:08.366Z,"5 km NNW of The Geysers, CA",earthquake,1.06,1.80999994,0.3,8,automatic,nc,nc
2026-08-28T22:10:55.044Z,61.62,-150.375,55.3,1.7,ml,20,48,0.4,0.7,ak,aka2026rbdpuz,2026-08-28T23:30:16.562Z,"11 km NE of Susitna, Alaska",earthquake,3.8,6.0035,0.2,12,reviewed,ak,ak
2026-08-28T22:07:33.184Z,42.2861,80.5254,10,4.9,mb,62,97,1.292,0.78,us,us7000tcq8,2026-08-28T22:32:02.040Z,"124 km N of Aksu, China",earthquake,7.22,1.901,0.06,87,reviewed,us,us
2026-08-28T21:57:36.770Z,36.00966667,-96.53266667,0,1.53,ml,68,58,0.1691668037,0.26,ok,ok2026qwir,2026-08-28T22:12:28.938Z,"6 km ENE of Drumright, Oklahoma",quarry blast,,0.2,0.22,34,reviewed,ok,ok
2026-08-28T21:44:07.594Z,53.7809,-164.291,35,2.9,ml,21,210,0.714,0.65,us,us7000tcqi,2026-08-29T00:59:16.040Z,"105 km ESE of Akutan, Alaska",earthquake,3.21,1.943,0.105,12,reviewed,us,us
2026-08-28T21:40:35.340Z,33.357,-116.38466666667,11.34,1.6,ml,73,32,0.03357,0.21,ci,ci41538456,2026-08-29T15:57:19.540Z,"11 km N of Borrego Springs, CA",earthquake,0.15,0.27,0.14669128639071,28,reviewed,ci,ci
2026-08-28T21:36:05.950Z,40.8215,-111.7775,7.34,1.01,ml,11,95,0.04689,0.21,uu,uu80151111,2026-08-28T22:11:27.240Z,"11 km ESE of Woods Cross, Utah",earthquake,0.54,1.25,0.13624735900042,2,reviewed,uu,uu
2026-08-28T21:30:55.500Z,35.999332427979,-120.56183624268,1.7699999809265,1.16,md,18,84,0.02279,0.07,nc,nc75426517,2026-08-28T22:37:23.910Z,"16 km NW of Parkfield, CA",earthquake,0.28,0.74000001,0.21,5,automatic,nc,nc
2026-08-28T21:24:32.660Z,40.335666656494,-125.06400299072,10.670000076294,2.57,md,20,269,0.5537,0.22,nc,nc75426512,2026-08-29T01:57:25.271Z,"66 km W of Petrolia, CA",earthquake,6.89,5.90999985,0.05,8,automatic,nc,nc
2026-08-28T21:21:51.475Z,51.3345,-179.0731,54.143,2.6,ml,18,200,0.273,0.42,us,us7000tcqh,2026-08-29T00:06:06.040Z,"179 km WSW of Adak, Alaska",earthquake,5.75,12.499,0.085,18,reviewed,us,us
2026-08-28T21:19:28.139Z,55.386,-159.541,15.3,2.4,ml,16,230,0.7,0.5,ak,aka2026rbbxfx,2026-08-28T23:19:00.650Z,"57 km S of Ivanof Bay, Alaska",earthquake,9.7,5.618,0.2,13,reviewed,ak,ak
2026-08-28T21:16:29.017Z,60.222,-141.086,18.3,1.7,ml,16,130,0.2,0.8,ak,aka2026rbbuqc,2026-08-28T22:49:30.788Z,"106 km NW of Yakutat, Alaska",earthquake,5,2.1989,0.2,13,reviewed,ak,ak
2026-08-28T21:16:13.980Z,47.330333333333,-117.89916666667,-0.67,1.86,md,7,99,0.1268,0.23,uw,uw714089871,2026-08-28T22:02:40.890Z,"6 km ENE of Sprague, Washington",explosion,0.95,31.61,0.28505915428957,5,reviewed,uw,uw
2026-08-28T21:10:06.570Z,36.07,-117.84816666667,2.34,1.28,ml,21,93,0.04779,0.13,ci,ci41538448,2026-08-29T15:56:28.861Z,"9 km ENE of Coso Junction, CA",earthquake,0.16,0.15,0.1135720344344,18,reviewed,ci,ci
2026-08-28T21:01:37.250Z,33.537833333333,-116.71033333333,5.3,0.28,ml,11,133,0.03554,0.06,ci,ci10251062,2026-08-28T21:32:43.843Z,"4 km WSW of Anza, CA",earthquake,0.18,0.45,0.11012163001037,5,reviewed,ci,ci
2026-08-28T21:01:03.990Z,33.844333333333,-117.49116666667,-0.51,1.21,ml,45,44,0.04687,0.23,ci,ci41538432,2026-08-28T21:29:41.343Z,"5 km SE of Home Gardens, CA",quarry blast,0.38,31.61,0.18280506328798,22,reviewed,ci,ci
2026-08-28T21:01:02.559Z,36.7524,-116.8033,4.183,2.67,ml,25,64,0.116,0.1245,nn,nn00923949,2026-08-29T00:01:00.040Z,"17 km SSW of Beatty, Nevada",earthquake,,1.9585,0.33,8,reviewed,nn,nn
2026-08-28T20:58:51.570Z,38.510166666667,-112.888,2.69,0.27,md,8,151,0.006581,0.05,uu,uu80151096,2026-08-28T21:33:17.470Z,"16 km NE of Milford, Utah",earthquake,0.52,0.58,0.81598042946836,3,reviewed,uu,uu
2026-08-28T20:56:34.290Z,36.643333435059,-121.30683135986,5.3200001716614,1.97,md,32,49,0.03301,0.18,nc,nc75426497,2026-08-28T22:17:22.787Z,"16 km S of Tres Pinos, CA",earthquake,0.31,1.03999996,0.11,28,automatic,nc,nc
2026-08-28T20:52:58.590Z,32.951333333333,-116.437,4.93,0.68,ml,21,124,0.03013,0.14,ci,ci41538424,2026-08-28T21:05:29.983Z,"17 km NNE of Pine Valley, CA",earthquake,0.37,0.42,0.1639371669156,8,reviewed,ci,ci
2026-08-28T20:50:01.970Z,35.733,-117.54033333333,6.68,1.55,ml,34,67,0.09475,0.14,ci,ci41538416,2026-08-28T21:24:35.368Z,"13 km WSW of Searles Valley, CA",earthquake,0.15,0.47,0.19460942776143,27,reviewed,ci,ci
2026-08-28T20:45:26.850Z,38.826667785645,-122.81533050537,2.039999961853,0.71,md,12,66,0.005248,0.01,nc,nc75426487,2026-08-28T20:47:03.852Z,"7 km NW of The Geysers, CA",earthquake,0.31,0.730000019,0.5,12,automatic,nc,nc
2026-08-28T20:44:58.683Z,60.353,-152.301,93.3,2.2,ml,49,35,0.2,0.7,ak,aka2026rbasxy,2026-08-28T22:51:25.638Z,"48 km NW of Ninilchik, Alaska",earthquake,3.1,2.3719,0.2,36,reviewed,ak,ak
2026-08-28T20:44:36.759Z,-18.8677,-69.9747,87.955,4.5,mb,80,71,0.605,0.91,us,us7000tcpf,2026-08-29T14:26:23.040Z,"38 km NNE of Cuya, Chile",earthquake,4.49,3.988,0.066,68,reviewed,us,us
2026-08-28T20:34:04.158Z,64.291,-149.034,6.6,1.6,ml,14,93,0.3,0.6,ak,aka2026rbajvw,2026-08-28T22:35:20.976Z,"8 km ENE of Clear, Alaska",earthquake,3.5,2.9495,0.3,12,reviewed,ak,ak
2026-08-28T20:31:30.293Z,32.13,-102.221,7.4707,2.5,ml,40,47,0,0.1,tx,tx2026qyhjok,2026-08-29T14:29:26.922Z,"19 km NE of Gardendale, Texas",earthquake,0.65789689499143,1.394472973464,0.2,26,reviewed,tx,tx
2026-08-28T20:28:32.160Z,37.606666564941,-122.47550201416,9.1899995803833,1.82,md,20,67,0.02926,0.04,nc,nc75426477,2026-08-29T00:52:24.824Z,"1 km SE of Pacifica, CA",earthquake,0.27,0.340000004,0.18,13,automatic,nc,nc
2026-08-28T20:26:08.462Z,62.119,-150.217,50,2,ml,35,54,0.3,0.9,ak,aka2026rbaczk,2026-08-28T22:33:29.441Z,"19 km WSW of Susitna North, Alaska",earthquake,2.6,3.8505,0.1,25,reviewed,ak,ak
2026-08-28T20:26:00.947Z,31.512,-103.846,5.7851,2,ml,23,50,0.1,0.5,tx,tx2026qyheqc,2026-08-29T06:08:56.213Z,"22 km NNW of Toyah, Texas",earthquake,0,1.8754986524582,0.2,15,automatic,tx,tx
2026-08-28T20:25:35.909Z,34.4945,-97.21666667,0,1.37,ml,46,51,0.1331738667,0.42,ok,ok2026qwfr,2026-08-28T22:21:00.483Z,"8 km W of Davis, Oklahoma",quarry blast,,0.4,0.19,20,reviewed,ok,ok
2026-08-28T20:19:45.957Z,31.004,-103.59,3.9638,1.6,ml,5,222,0.3,0.4,tx,tx2026qygzls,2026-08-28T20:21:55.339Z,"14 km E of Balmorhea, Texas",earthquake,0,4.9235506057739,0.8,5,automatic,tx,tx
2026-08-28T20:19:38.305Z,-6.211,151.7381,10,5,mb,36,161,2.051,0.87,us,us7000tcp5,2026-08-28T20:37:06.040Z,"191 km ESE of Kimbe, Papua New Guinea",earthquake,10.69,1.913,0.077,54,reviewed,us,us
2026-08-28T20:16:51.460Z,38.511666666667,-112.88866666667,2.65,0.77,md,11,158,0.006499,0.06,uu,uu80151086,2026-08-28T20:48:49.730Z,"16 km NE of Milford, Utah",earthquake,0.31,0.45,0.37512428696226,4,reviewed,uu,uu
2026-08-28T20:16:18.560Z,58.236333333333,-155.10433333333,5.4,0.4,ml,13,83,0.05768,0.18,av,av94407293,2026-08-29T01:42:43.140Z,"83 km NNW of Karluk, Alaska",earthquake,0.29,0.7,0.1945223769727,13,reviewed,av,av
2026-08-28T20:03:13.500Z,36.062333333333,-117.8385,2.88,1.44,ml,26,49,0.0567,0.11,ci,ci41538384,2026-08-28T20:56:02.497Z,"10 km E of Coso Junction, CA",earthquake,0.14,0.38,0.2188021156023,17,reviewed,ci,ci
2026-08-28T19:57:37.290Z,36.069833333333,-117.84466666667,2.43,0.61,ml,15,68,0.04836,0.11,ci,ci41538376,2026-08-28T20:36:02.982Z,"10 km ENE of Coso Junction, CA",earthquake,0.16,0.19,0.25342403675834,12,reviewed,ci,ci
2026-08-28T19:54:41.160Z,36.064,-117.83783333333,3.12,1.07,ml,18,63,0.05522,0.1,ci,ci41538368,2026-08-28T20:39:51.660Z,"10 km ENE of Coso Junction, CA",earthquake,0.14,0.33,0.21593297551754,11,reviewed,ci,ci
2026-08-28T19:47:31.800Z,36.0685,-117.84566666667,2.15,2.03,ml,32,53,0.04954,0.15,ci,ci41538360,2026-08-28T20:27:08.575Z,"10 km ENE of Coso Junction, CA",earthquake,0.14,0.19,0.19195325946912,23,reviewed,ci,ci
2026-08-28T19:33:14.650Z,38.801334381104,-122.7799987793,3.25,0.76,md,12,65,0.01023,0.02,nc,nc75426442,2026-08-28T19:34:49.148Z,"3 km NW of The Geysers, CA",earthquake,0.35,0.660000026,0.08,14,automatic,nc,nc
2026-08-28T19:33:10.106Z,59.905,-152.698,88.1,1.8,ml,22,98,0.2,0.2,ak,aka2026rayjcz,2026-08-28T22:29:25.114Z,"50 km WNW of Anchor Point, Alaska",earthquake,6.6,3.5228,0.3,16,reviewed,ak,ak
2026-08-28T19:13:12.490Z,17.8695,-66.6675,13.81,2.39,md,9,204,0.1351,0.19,pr,pr71530218,2026-08-28T19:48:26.820Z,"14 km SSE of Tallaboa, Puerto Rico",earthquake,0.69,0.54,0.17579460669449,6,reviewed,pr,pr
2026-08-28T19:12:55.174Z,-28.3225,62.5441,10,4.9,mb,77,44,8.562,0.71,us,us7000tcnj,2026-08-28T19:45:37.040Z,Southwest Indian Ridge,earthquake,8.5,1.846,0.067,71,reviewed,us,us
2026-08-28T18:59:09.970Z,51.4225,-178.8643,32.94,3.1,ml,17,195,0.135,0.45,us,us7000tcqa,2026-08-29T12:41:24.040Z,"162 km WSW of Adak, Alaska",earthquake,4.87,4.781,0.081,20,reviewed,us,us
2026-08-28T18:47:49.940Z,58.294833333333,-155.00666666667,3.51,-0.2,ml,5,136,0.03026,0.12,av,av94407218,2026-08-29T01:27:42.130Z,"87 km NNW of Karluk, Alaska",earthquake,0.38,0.7,0.33282534281972,5,reviewed,av,av
2026-08-28T18:38:48.150Z,38.826831817627,-122.81549835205,2.5999999046326,0.64,md,8,110,0.005453,0.01,nc,nc75426422,2026-08-28T19:42:20.732Z,"8 km NW of The Geysers, CA",earthquake,0.78,1.5,0.52,9,automatic,nc,nc
2026-08-28T18:38:02.250Z,52.031,-176.04483333333,15.55,-0.04,ml,4,261,0.01417,0.1,av,av93066339,2026-08-29T01:37:12.780Z,"44 km ENE of Adak, Alaska",earthquake,2.44,1.07,0.31362072918048,4,reviewed,av,av
2026-08-28T18:33:58.520Z,40.133335113525,-123.82783508301,22.520000457764,1.76,md,14,63,0.05672,0.05,nc,nc75426417,2026-08-28T21:52:23.618Z,"2 km NNW of Redway, CA",earthquake,0.43,0.550000012,0.06,9,automatic,nc,nc
2026-08-28T18:31:47.280Z,37.986831665039,-122.4495010376,1.6299999952316,1.38,md,10,112,0.02499,0.05,nc,nc75426407,2026-08-28T21:27:20.465Z,"7 km E of Santa Venetia, CA",earthquake,0.34,0.479999989,0.23,8,automatic,nc,nc
2026-08-28T18:29:21.120Z,35.90366667,-95.17366667,0,1.3,ml,60,94,0.3086394344,0.48,ok,ok2026qwbv,2026-08-28T18:40:14.413Z,"4 km SW of Hulbert, Oklahoma",quarry blast,,0.4,0.2,21,reviewed,ok,ok
2026-08-28T17:54:56.422Z,62.594,-151.329,90.1,1.8,ml,18,77,0.3,0.5,ak,aka2026ravayu,2026-08-28T21:44:04.404Z,"30 km WNW of Petersville, Alaska",earthquake,4.3,4.2638,0.2,12,reviewed,ak,ak
2026-08-28T17:54:37.094Z,52.4931,-173.8504,181.813,2.9,ml,18,137,0.193,0.41,us,us7000tcq4,2026-08-29T12:38:19.040Z,"40 km NE of Atka, Alaska",earthquake,11.51,9.27,0.105,12,reviewed,us,us
2026-08-28T17:41:50.617Z,6.4352,126.7143,118.362,4.4,mb,39,133,1.292,0.91,us,us7000tcn8,2026-08-28T18:29:03.040Z,"59 km E of Pondaguitan, Philippines",earthquake,12.32,6.815,0.09,36,reviewed,us,us
2026-08-28T17:40:57.730Z,31.472666666667,-115.55833333333,8.21,2.35,ml,8,133,0.4325,0.11,ci,ci41538320,2026-08-28T21:13:39.303Z,"92 km SSW of Alberto Oviedo Mota, B.C., MX",earthquake,0.28,3.33,0.15415824989454,6,reviewed,ci,ci
2026-08-28T17:37:07.317Z,55.296,-134.986,22.7,2.7,ml,20,188,1.1,0.6,ak,aka2026raumta,2026-08-29T12:33:47.040Z,"108 km SSW of Port Alexander, Alaska",earthquake,6.7,8.9394,0.1,16,reviewed,ak,ak
2026-08-28T17:36:43.400Z,33.052166666667,-114.99783333333,-0.24,0.4,ml,12,61,0.08143,0.31,ci,ci41538312,2026-08-28T21:10:19.317Z,"45 km NE of Holtville, CA",quarry blast,0.78,31.61,0.027390580015955,1,reviewed,ci,ci
2026-08-28T17:32:28.858Z,63.243,-144.953,4.4,1.7,ml,25,39,0.4,0.8,ak,aka2026rauikg,2026-08-28T21:34:45.837Z,"37 km ENE of Paxson, Alaska",earthquake,2.6,1.9203,0.1,15,reviewed,ak,ak
2026-08-28T17:27:58.686Z,54.2401,-162.9398,35,3.3,ml,30,204,0.62,0.74,us,us7000tcq0,2026-08-29T12:29:20.040Z,"74 km SSE of False Pass, Alaska",earthquake,4.36,2.013,0.085,18,reviewed,us,us
2026-08-28T17:27:30.550Z,38.511,-112.8895,2.37,1.06,md,15,87,0.006654,0.08,uu,uu80151081,2026-08-28T18:03:21.740Z,"16 km NE of Milford, Utah",earthquake,0.25,0.29,0.46871868963674,7,reviewed,uu,uu
2026-08-28T17:27:21.934Z,60.509,-152.098,81.6,1.4,ml,17,131,0.3,0.3,ak,aka2026raudzc,2026-08-28T21:28:54.304Z,"44 km WSW of Salamatof, Alaska",earthquake,6.5,4.7015,0.2,10,reviewed,ak,ak
2026-08-28T17:19:34.370Z,38.514,-112.888,2.59,1.34,md,11,166,0.005782,0.06,uu,uu80151076,2026-08-28T17:58:11.350Z,"16 km NE of Milford, Utah",earthquake,0.37,0.42,0.49642330054675,4,reviewed,uu,uu
2026-08-28T17:18:57.594Z,60.649,-148.179,5.9,1.8,ml,28,79,0.3,0.6,ak,aka2026ratwrg,2026-08-28T21:27:04.277Z,"31 km ESE of Whittier, Alaska",earthquake,2.6,2.3331,0.2,20,reviewed,ak,ak
2026-08-28T17:15:48.360Z,34.3115,-117.022,4.51,0.87,ml,24,57,0.05622,0.13,ci,ci41538288,2026-08-28T21:08:15.509Z,"13 km NW of Big Bear Lake, CA",earthquake,0.23,0.54,0.072596968945995,5,reviewed,ci,ci
2026-08-28T17:11:10.270Z,58.508,-154.44066666667,4.67,0.86,ml,9,209,0.05747,0.15,av,av94407133,2026-08-29T01:16:11.450Z,"102 km WNW of Aleneva, Alaska",earthquake,0.81,0.61,0.2960830205418,10,reviewed,av,av
2026-08-28T17:08:33.250Z,34.145,-118.36733333333,15.91,1.34,ml,23,85,0.03172,0.11,ci,ci41538272,2026-08-28T19:07:52.208Z,"1 km WNW of Universal City, CA",earthquake,0.27,0.27,0.25240838754245,13,reviewed,ci,ci
2026-08-28T17:06:17.090Z,35.703666666667,-117.52116666667,9.63,1.7,ml,37,52,0.08817,0.13,ci,ci41538264,2026-08-28T17:54:18.039Z,"13 km SW of Searles Valley, CA",earthquake,0.14,0.39,0.14123956973725,25,reviewed,ci,ci
2026-08-28T16:59:57.660Z,33.287,-116.73866666667,13.27,0.05,ml,11,60,0.0536,0.17,ci,ci41538256,2026-08-28T18:09:59.438Z,"6 km NNE of Lake Henshaw, CA",earthquake,0.37,0.85,0.20128970459971,6,reviewed,ci,ci
2026-08-28T16:57:12.070Z,33.496833333333,-116.4855,10.56,0.47,ml,19,64,0.09754,0.11,ci,ci41538248,2026-08-28T20:45:38.132Z,"19 km ESE of Anza, CA",earthquake,0.22,0.4,0.14188376479782,9,reviewed,ci,ci
2026-08-28T16:46:52.225Z,51.018,-178.849,28.7,2.7,ml,22,227,0.5,0.5,ak,aka2026rasuvt,2026-08-28T21:24:26.792Z,"181 km WSW of Adak, Alaska",earthquake,9.6,4.6858,0.1,14,reviewed,ak,ak
2026-08-28T16:44:55.370Z,38.741832733154,-122.43333435059,1.1200000047684,1.92,md,23,54,0.06472,0.23,nc,nc75426377,2026-08-28T19:07:23.500Z,"13 km SE of Hidden Valley Lake, CA",earthquake,0.38,2.43000007,0.14,22,automatic,nc,nc
2026-08-28T16:42:55.840Z,38.832000732422,-122.78749847412,1.8300000429153,0.9,md,11,57,0.006774,0.03,nc,nc75426372,2026-08-28T18:37:21.320Z,"6 km W of Cobb, CA",earthquake,0.34,0.529999971,0.2,13,automatic,nc,nc
2026-08-28T16:40:16.360Z,36.067833333333,-117.84616666667,2.41,1.27,ml,23,53,0.05014,0.11,ci,ci41538240,2026-08-28T20:50:13.622Z,"10 km ENE of Coso Junction, CA",earthquake,0.12,0.15,0.16622904414782,15,reviewed,ci,ci
2026-08-28T16:17:56.320Z,33.415,-116.646,6.27,0.72,ml,45,57,0.08752,0.19,ci,ci41538224,2026-08-28T21:25:26.990Z,"15 km N of Warner Springs, CA",earthquake,0.18,0.59,0.14153606347807,19,reviewed,ci,ci
2026-08-28T16:16:54.400Z,33.412166666667,-116.6485,5.14,1.58,ml,69,22,0.09096,0.2,ci,ci41538216,2026-08-28T19:44:35.240Z,"15 km N of Warner Springs, CA",earthquake,0.14,0.62,0.16163190864349,21,reviewed,ci,ci
2026-08-28T16:15:27.638Z,-21.9479,-179.6355,615.874,4,mb,21,190,4.713,0.52,us,us7000tckp,2026-08-29T14:26:27.040Z,Fiji region,earthquake,15.12,12.031,0.157,14,reviewed,us,us
2026-08-28T16:10:12.640Z,38.509833333333,-112.88833333333,2.63,0.88,md,14,142,0.006974,0.06,uu,uu80151046,2026-08-28T17:38:14.860Z,"16 km NE of Milford, Utah",earthquake,0.23,0.29,0.55061308416614,7,reviewed,uu,uu
2026-08-28T16:08:35.280Z,38.5135,-112.88866666667,2.72,1.24,ml,16,134,0.006272,0.07,uu,uu80151041,2026-08-28T17:33:56.830Z,"16 km NE of Milford, Utah",earthquake,0.33,0.32,0.067465923726734,2,reviewed,uu,uu
2026-08-28T16:05:20.930Z,38.509166666667,-112.88966666667,2.63,1.81,ml,18,118,0.006557,0.08,uu,uu80151036,2026-08-28T16:17:12.350Z,"16 km NE of Milford, Utah",earthquake,0.23,0.26,0.096926584474538,7,reviewed,uu,uu
2026-08-28T16:04:00.104Z,62.37,-151.326,80.9,1.9,ml,25,62,0.3,0.5,ak,aka2026rarjrk,2026-08-28T21:15:48.295Z,"32 km WSW of Petersville, Alaska",earthquake,3.3,3.3727,0.2,17,reviewed,ak,ak
2026-08-28T15:59:30.320Z,48.640833333333,-123.74866666667,24.3,1.71,ml,11,80,0.08815,0.27,uw,uw714089741,2026-08-28T18:30:30.910Z,"14 km SW of Cowichan Bay, Canada",earthquake,0.68,1.09,0.21412067557811,7,reviewed,uw,uw
2026-08-28T15:50:27.490Z,61.319833333333,-152.49116666667,2.78,0.03,ml,11,125,0.05691,0.09,av,av94407098,2026-08-29T01:10:10.090Z,"78 km WNW of Tyonek, Alaska",earthquake,0.39,0.47,0.12941420592209,10,reviewed,av,av
2026-08-28T15:47:27.720Z,38.816333770752,-122.81116485596,2.5999999046326,0.72,md,8,76,0.007102,0.01,nc,nc75426352,2026-08-28T17:12:21.769Z,"6 km NW of The Geysers, CA",earthquake,0.44,1.03999996,0.03,9,automatic,nc,nc
2026-08-28T15:46:17.880Z,48.2725,-116.724,-0.9,2.21,md,10,150,0.2665,0.42,uw,uw714089721,2026-08-28T18:24:44.503Z,"8 km WNW of Dover, Idaho",explosion,1.45,31.61,0.12779231981486,9,reviewed,uw,uw
2026-08-28T15:45:19.490Z,36.170501708984,-121.56883239746,3.3199999332428,1.04,md,7,157,0.05965,0.06,nc,nc75426347,2026-08-28T16:47:26.594Z,"17 km N of Lopez Point, CA",earthquake,0.5,1.15999997,0.16,5,automatic,nc,nc
2026-08-28T15:45:06.090Z,33.294333333333,-116.71466666667,14.4,0.34,ml,11,83,0.06893,0.1,ci,ci10251070,2026-08-28T21:42:48.233Z,"7 km NE of Lake Henshaw, CA",earthquake,0.42,0.72,0.016228551461433,4,reviewed,ci,ci
2026-08-28T15:45:02.690Z,33.415166666667,-116.639,6.91,0.4,ml,20,85,0.08508,0.12,ci,ci41538192,2026-08-28T21:39:15.320Z,"15 km N of Warner Springs, CA",earthquake,0.21,0.62,0.17391191654448,4,reviewed,ci,ci
2026-08-28T15:33:23.292Z,-24.8675,-175.1543,10,4.4,mb,15,101,9.501,0.92,us,us7000tcke,2026-08-29T13:57:52.040Z,south of Tonga,earthquake,12.48,1.926,0.203,12,reviewed,us,us
2026-08-28T15:31:40.928Z,53.479,-167.046,5,2.2,ml,15,197,0.3,0.6,ak,aka2026raqhqq,2026-08-28T21:08:13.622Z,"55 km SW of Unalaska, Alaska",earthquake,8.3,0,0.3,9,reviewed,ak,ak
2026-08-28T15:28:50.950Z,38.516166666667,-112.8915,2.79,1.1,md,16,159,0.007801,0.06,uu,uu80151026,2026-08-28T17:24:28.860Z,"16 km NE of Milford, Utah",earthquake,0.34,0.31,0.47506044158187,8,reviewed,uu,uu
2026-08-28T15:25:39.050Z,38.513666666667,-112.89216666667,2.85,1.54,ml,16,90,0.005688,0.06,uu,uu80151021,2026-08-28T15:48:34.460Z,"16 km NE of Milford, Utah",earthquake,0.29,0.27,0.25902421668342,3,reviewed,uu,uu
2026-08-28T15:24:07.898Z,31.663,-104.371,6.4331,1.8,ml,23,69,0.1,0.1,tx,tx2026qxxemk,2026-08-28T18:49:31.238Z,"56 km S of Whites City, New Mexico",earthquake,0.82770544796702,0.67005752091939,0.2,22,reviewed,tx,tx
2026-08-28T15:23:09.120Z,38.519833333333,-112.891,3.05,2.26,ml,32,56,0.01035,0.12,uu,uu80151016,2026-08-28T15:38:52.130Z,"17 km NE of Milford, Utah",earthquake,0.27,0.3,0.18280523900428,20,reviewed,uu,uu
2026-08-28T15:20:23.431Z,60.505,-140.021,6.9,1.9,ml,16,94,0.6,0.6,ak,aka2026rapxvz,2026-08-28T21:03:53.750Z,"107 km N of Yakutat, Alaska",earthquake,4.1,2.7508,0.2,15,reviewed,ak,ak
2026-08-28T15:16:28.170Z,33.920166666667,-116.79916666667,17.21,1.64,ml,64,23,0.01408,0.17,ci,ci41538176,2026-08-28T19:32:28.860Z,"1 km WNW of Cabazon, CA",earthquake,0.14,0.39,0.19463950317232,21,reviewed,ci,ci
2026-08-28T15:14:17.820Z,38.5105,-112.89183333333,2.59,0.8,md,11,154,0.004785,0.05,uu,uu80151006,2026-08-28T16:23:53.070Z,"16 km NE of Milford, Utah",earthquake,0.38,0.32,0.33363053651103,5,reviewed,uu,uu
2026-08-28T15:13:50.350Z,36.68766667,-96.70466667,0,1.05,ml,65,49,0.06298763968,0.71,ok,ok2026qvvj,2026-08-28T15:20:33.679Z,"2 km ESE of Burbank, Oklahoma",quarry blast,,0.5,0.2,28,reviewed,ok,ok
2026-08-28T15:04:11.738Z,51.2147,-178.2511,35,3.5,ml,19,210,0.489,0.59,us,us7000tcpm,2026-08-29T13:36:31.040Z,"134 km SW of Adak, Alaska",earthquake,3.4,2.007,0.085,18,reviewed,us,us
2026-08-28T14:54:02.020Z,38.815334320068,-122.81150054932,2.7400000095367,1.06,md,26,45,0.008126,0.03,nc,nc75426332,2026-08-28T15:52:21.205Z,"6 km NW of The Geysers, CA",earthquake,0.26,0.419999987,0.26,25,automatic,nc,nc
2026-08-28T14:51:34.080Z,37.583999633789,-119.42250061035,9.8000001907349,2.68,md,16,73,0.1088,0.38,nc,nc75426327,2026-08-28T15:27:22.037Z,"22 km SE of Yosemite Valley, CA",earthquake,1.23,2.44000006,0.22,9,automatic,nc,nc
2026-08-28T14:51:18.217Z,60.312,-153.549,184,2.3,ml,73,35,0.4,0.8,ak,aka2026raoytl,2026-08-28T20:58:39.404Z,"44 km ENE of Port Alsworth, Alaska",earthquake,3.9,1.8488,0.4,51,reviewed,ak,ak
2026-08-28T14:48:16.114Z,61.808,-149.543,4.1,1.5,ml,26,64,0.3,0.6,ak,aka2026raowah,2026-08-28T20:55:50.457Z,"17 km WNW of Fishhook, Alaska",earthquake,2.6,2.9881,0.2,14,reviewed,ak,ak
2026-08-28T14:46:35.020Z,20.152000427246,-155.09317016602,11.119999885559,1.88,md,42,255,0.3514,0.230000004,hv,hv75025637,2026-08-28T14:50:06.830Z,"23 km NE of Laupāhoehoe, Hawaii",earthquake,1.97,2.81999993,0.06357443054282,12,automatic,hv,hv
2026-08-28T14:45:22.190Z,38.5115,-112.889,2.28,1.42,ml,16,90,0.006796,0.07,uu,uu80151001,2026-08-28T16:28:41.310Z,"16 km NE of Milford, Utah",earthquake,0.27,0.3,0.20930385977601,4,reviewed,uu,uu
2026-08-28T14:44:51.328Z,31.614,-104.112,6.0999,1.8,ml,30,53,0,0.2,tx,tx2026qxvwwc,2026-08-28T20:19:21.401Z,"44 km NW of Toyah, Texas",earthquake,0.49719720729947,0.53504855586363,0.2,24,reviewed,tx,tx
2026-08-28T14:42:02.140Z,19.107500076294,-155.41282653809,37.130001068115,1.7,md,15,235,0.06665,0.119999997,hv,hv75025632,2026-08-28T14:45:36.240Z,"12 km SSE of Pāhala, Hawaii",earthquake,1.14,1.73000002,0.071773561242792,12,automatic,hv,hv
2026-08-28T14:41:48.667Z,57.88,-155.851,2.2,2.1,ml,28,116,0.2,0.4,ak,aka2026raoqkq,2026-08-29T01:00:10.490Z,"90 km WNW of Karluk, Alaska",earthquake,3.4,2.4194,0.3,22,reviewed,ak,ak
2026-08-28T14:39:56.627Z,60.97,-150.364,45.5,2.1,ml,55,30,0.3,0.8,ak,aka2026raoouc,2026-08-28T20:49:34.306Z,"18 km ENE of Point Possession, Alaska",earthquake,2.5,2.7495,0.1,41,reviewed,ak,ak
2026-08-28T14:35:05.100Z,38.513,-112.89183333333,2.69,1.31,md,13,157,0.005533,0.08,uu,uu80150986,2026-08-28T17:20:00.800Z,"16 km NE of Milford, Utah",earthquake,0.36,0.3,0.63861591556186,7,reviewed,uu,uu
2026-08-28T14:34:07.190Z,38.110500335693,-122.12866973877,7.8899998664856,1.88,md,7,175,0.2329,0.05,nc,nc75426317,2026-08-28T15:07:21.895Z,"7 km NNE of Benicia, CA",earthquake,5.09,6.3499999,,1,automatic,nc,nc
2026-08-28T14:31:46.027Z,40.2476,141.9657,67.134,4.4,mb,18,134,0.875,1.31,us,us7000tck0,2026-08-28T15:39:00.040Z,"18 km ENE of Kuji, Japan",earthquake,8.52,7.936,0.178,9,reviewed,us,us
2026-08-28T14:29:30.401Z,63.601,-150.682,2.1,2.1,ml,30,31,0.1,0.8,ak,aka2026raofte,2026-08-28T20:45:41.028Z,"52 km E of Denali National Park, Alaska",earthquake,2.4,2.1577,0.2,20,reviewed,ak,ak
2026-08-28T14:26:08.370Z,18.401333333333,-64.864166666667,55.32,2.91,md,6,171,0.1003,0.09,pr,pr71530188,2026-08-28T15:14:28.620Z,"9 km NE of Charlotte Amalie, U.S. Virgin Islands",earthquake,6.9,0.93,0.28537150407859,3,reviewed,pr,pr
2026-08-28T14:16:14.850Z,33.678166666667,-116.7785,10.91,0.4,ml,22,75,0.06293,0.1,ci,ci41538168,2026-08-28T17:03:54.751Z,"9 km SW of Idyllwild, CA",earthquake,0.21,0.45,0.099828456985351,6,reviewed,ci,ci
2026-08-28T14:11:54.373Z,-21.2109,-68.5089,131.354,4.6,mb,37,47,0.897,1.07,us,us7000tcjv,2026-08-28T14:38:49.040Z,"26 km W of Ollagüe, Chile",earthquake,6.41,6.913,0.111,24,reviewed,us,us
2026-08-28T14:10:15.260Z,38.512166666667,-112.88983333333,2.58,0.78,md,12,162,0.006641,0.06,uu,uu80150976,2026-08-28T17:16:23.270Z,"16 km NE of Milford, Utah",earthquake,0.39,0.29,0.70005185559413,5,reviewed,uu,uu
2026-08-28T14:08:45.683Z,60.665,-152.324,106.8,2.3,ml,75,73,0.1,0.7,ak,aka2026rannug,2026-08-28T20:44:05.031Z,"55 km W of Salamatof, Alaska",earthquake,2.9,1.7785,0.2,55,reviewed,ak,ak
2026-08-28T14:08:38.780Z,44.629,-110.665,7.5,1.34,ml,22,51,0.02834,0.18,uu,uu80150971,2026-08-28T16:42:02.080Z,"35 km E of West Yellowstone, Montana",earthquake,0.34,0.49,0.074669493652915,8,reviewed,uu,uu
2026-08-28T14:03:51.548Z,32.429,-102.116,9.371,1,ml,17,110,0,0.4,tx,tx2026qxunjp,2026-08-28T23:19:16.462Z,"37 km SSW of Los Ybanez, Texas",earthquake,0,2.3938138484955,0.2,13,automatic,tx,tx
2026-08-28T14:03:17.876Z,31.656,-104.368,6.6125,2.1,ml,27,70,0.1,0.2,tx,tx2026qxunaj,2026-08-28T16:57:49.486Z,"57 km S of Whites City, New Mexico",earthquake,0.81073872737921,0.69853847360832,0.1,25,reviewed,tx,tx
2026-08-28T13:52:39.149Z,53.067,-166.827,28,2.3,ml,13,241,0.7,0.3,ak,aka2026ramzuk,2026-08-28T20:39:54.766Z,"91 km SSW of Unalaska, Alaska",earthquake,21.5,9.6234,0.1,10,reviewed,ak,ak
2026-08-28T13:45:14.020Z,35.708833333333,-117.57683333333,4.59,0.41,ml,16,85,0.108,0.13,ci,ci41538144,2026-08-28T20:32:16.300Z,"13 km NE of Ridgecrest, CA",earthquake,0.23,0.48,0.13586742399944,11,reviewed,ci,ci
2026-08-28T13:37:21.891Z,51.009,-178.761,20.1,2.7,ml,20,228,0.5,0.5,ak,aka2026rammoh,2026-08-28T20:37:58.004Z,"176 km SW of Adak, Alaska",earthquake,7.7,3.9094,0.1,15,reviewed,ak,ak
2026-08-28T13:29:07.483Z,51.7781,-179.8847,112.162,2.5,ml,14,142,0.297,0.37,us,us7000tcpa,2026-08-29T13:27:33.040Z,"224 km W of Adak, Alaska",earthquake,5.73,6.8,0.105,12,reviewed,us,us
2026-08-28T13:25:17.480Z,39.3502,-119.0006,6.5752,2.1,ml,16,56,0.056,0.1397,nn,nn00923946,2026-08-28T23:36:08.720Z,"20 km ESE of Silver Springs, Nevada",earthquake,,1.3853,0.24,11,reviewed,nn,nn
2026-08-28T13:19:01.250Z,38.848834991455,-122.84816741943,1.5800000429153,1.05,md,17,109,0.01424,0.03,nc,nc75426307,2026-08-28T14:07:21.486Z,"11 km WNW of Cobb, CA",earthquake,0.26,0.400000006,0.12,20,automatic,nc,nc
2026-08-28T13:14:36.924Z,59.8,-153.158,125.9,1.9,ml,42,92,0.2,0.7,ak,aka2026ralsvn,2026-08-28T20:32:57.839Z,"53 km E of Pedro Bay, Alaska",earthquake,5.1,2.2818,0.3,29,reviewed,ak,ak
2026-08-28T13:13:45.357Z,51.092,-178.844,34.4,2.6,ml,15,222,0.5,0.8,ak,aka2026ralsaz,2026-08-28T20:29:25.800Z,"176 km WSW of Adak, Alaska",earthquake,11,8.4037,0.2,7,reviewed,ak,ak
2026-08-28T13:13:28.240Z,61.139,-152.51866666667,2.84,0.77,ml,17,139,0.1036,0.13,av,av94406958,2026-08-29T00:47:38.750Z,"74 km W of Tyonek, Alaska",earthquake,0.3,0.37,0.18235245446551,17,reviewed,av,av
2026-08-28T13:12:38.414Z,61.575,-149.769,35.1,1.5,ml,21,78,0.3,0.7,ak,aka2026ralrbz,2026-08-28T20:26:29.040Z,"6 km SSE of Houston, Alaska",earthquake,3.8,2.7203,0.2,14,reviewed,ak,ak
2026-08-28T13:09:06.253Z,51.77,-175.4029,67.025,2.6,ml,15,211,0.39,0.27,us,us7000tcp4,2026-08-29T13:11:19.040Z,"85 km E of Adak, Alaska",earthquake,9.02,11.643,0.115,10,reviewed,us,us
2026-08-28T13:05:24.760Z,38.018001556396,-122.30716705322,1.8899999856949,0.96,md,6,129,0.04717,0.02,nc,nc75426302,2026-08-28T13:37:19.283Z,"2 km W of Hercules, CA",earthquake,1.36,6.76999998,0.07,4,automatic,nc,nc
2026-08-28T12:56:33.020Z,32.418,-102.15,4.4445,1.8,ml,72,41,0,0.4,tx,tx2026qxshkw,2026-08-28T23:19:12.342Z,"37 km ENE of McKinney Acres, Texas",earthquake,0,0.65075463056564,0.2,49,automatic,tx,tx
2026-08-28T12:48:25.490Z,19.385000228882,-154.94732666016,6.9499998092651,1.72,md,31,219,0.0751,0.239999995,hv,hv75025592,2026-08-28T12:52:09.080Z,"9 km SSW of Leilani Estates, Hawaii",earthquake,0.91,0.709999979,0.17387392104815,14,automatic,hv,hv
2026-08-28T12:44:10.855Z,60.122,-152.926,115.8,2.1,ml,56,50,0.1,0.6,ak,aka2026rakslx,2026-08-28T20:13:18.362Z,"69 km WNW of Happy Valley, Alaska",earthquake,3.8,1.9215,0.3,40,reviewed,ak,ak
2026-08-28T12:38:12.140Z,34.214,-116.60233333333,4.37,0.92,ml,36,47,0.1521,0.13,ci,ci41538112,2026-08-28T21:10:02.664Z,"19 km N of Morongo Valley, CA",earthquake,0.14,0.49,0.20429200722607,13,reviewed,ci,ci
2026-08-28T12:32:37.229Z,51.036,-178.741,25.4,2.8,ml,25,226,0.5,0.4,ak,aka2026rakihk,2026-08-28T20:10:32.582Z,"173 km WSW of Adak, Alaska",earthquake,7.1,3.2323,0.2,18,reviewed,ak,ak
2026-08-28T12:32:31.470Z,33.496833333333,-116.502,12.53,0.68,ml,19,198,0.08376,0.12,ci,ci41538096,2026-08-28T21:46:09.206Z,"17 km ESE of Anza, CA",earthquake,0.48,0.57,0.17034755947545,14,reviewed,ci,ci
2026-08-28T12:31:47.826Z,51.554,-173.346,15.5,2.9,ml,16,215,0.8,0.8,ak,aka2026rakhsb,2026-08-28T20:07:56.903Z,"92 km SE of Atka, Alaska",earthquake,6.4,5.548,0.1,13,reviewed,ak,ak
2026-08-28T12:31:33.190Z,36.063666666667,-117.84066666667,4.37,-0.07,ml,5,138,0.05502,0.02,ci,ci10251046,2026-08-28T20:18:24.253Z,"10 km ENE of Coso Junction, CA",earthquake,0.22,0.7,0.11831378884755,2,reviewed,ci,ci
2026-08-28T12:30:59.810Z,35.310166666667,-117.798,7.78,0.57,ml,21,99,0.05787,0.11,ci,ci41538104,2026-08-28T20:18:28.222Z,"16 km WSW of Johannesburg, CA",earthquake,0.19,0.4,0.15049136117468,20,reviewed,ci,ci
2026-08-28T12:29:20.810Z,35.313333333333,-117.80066666667,6.59,0.86,ml,30,88,0.05884,0.17,ci,ci41538088,2026-08-28T21:02:55.002Z,"16 km WSW of Johannesburg, CA",earthquake,0.22,0.45,0.12797427619022,11,reviewed,ci,ci
2026-08-28T12:21:36.915Z,-3.6651,141.2038,10,4.5,mb,26,71,1.247,0.86,us,us7000tcjf,2026-08-28T12:40:19.040Z,"109 km S of Vanimo, Papua New Guinea",earthquake,8.14,1.895,0.122,20,reviewed,us,us
2026-08-28T12:15:25.690Z,39.317165374756,-123.21783447266,5.8400001525879,2.69,md,39,43,0.02006,0.08,nc,nc75426292,2026-08-28T15:13:30.782Z,"6 km NNW of Redwood Valley, CA",earthquake,0.16,0.449999988,0.14,40,automatic,nc,nc
2026-08-28T12:15:22.088Z,62.211,-151.055,73.6,1.9,ml,41,99,0.3,0.8,ak,aka2026rajtlt,2026-08-28T20:05:19.938Z,"30 km NE of Skwentna, Alaska",earthquake,2.9,3.0781,0.2,29,reviewed,ak,ak
2026-08-28T12:10:59.880Z,58.175,-155.363,1.36,-0.04,ml,9,80,0.03985,0.08,av,av94406898,2026-08-29T00:37:38.210Z,"86 km NW of Karluk, Alaska",earthquake,0.21,0.9,0.19978548215402,9,reviewed,av,av
2026-08-28T12:10:48.360Z,35.312833333333,-117.801,6.98,0.87,ml,33,88,0.05828,0.17,ci,ci41538080,2026-08-28T16:07:31.141Z,"16 km WSW of Johannesburg, CA",earthquake,0.22,0.37,0.089398658681237,11,reviewed,ci,ci
2026-08-28T11:56:13.868Z,61.325,-140.077,6.6,1.6,ml,13,106,0.5,0.3,ak,aka2026rajcya,2026-08-28T20:01:39.841Z,"152 km E of McCarthy, Alaska",earthquake,4.7,2.9755,0.1,13,reviewed,ak,ak
2026-08-28T11:53:18.849Z,51.037,-178.668,35.4,2.7,ml,15,227,0.5,0.4,ak,aka2026rajaku,2026-08-28T19:58:27.140Z,"169 km SW of Adak, Alaska",earthquake,11.4,14.0455,0.1,9,reviewed,ak,ak
2026-08-28T11:50:37.810Z,37.459167480469,-118.83750152588,2.329999923706,1.53,md,14,137,0.1308,0.06,nc,nc75426287,2026-08-28T12:22:21.743Z,"18 km SW of Toms Place, CA",earthquake,0.4,2.57999992,0.16,13,automatic,nc,nc
2026-08-28T11:45:10.305Z,31.065,-103.552,2.0219,1,ml,6,112,0,0.7,tx,tx2026qxpyaf,2026-08-28T12:00:19.915Z,"20 km ENE of Balmorhea, Texas",earthquake,0,2.4843420982361,0.4,6,automatic,tx,tx
2026-08-28T11:40:43.981Z,60.517,-139.796,4.9,1.9,ml,16,87,0.7,0.7,ak,aka2026raipnt,2026-08-28T19:55:29.447Z,"108 km N of Yakutat, Alaska",earthquake,3.9,2.735,0.2,18,reviewed,ak,ak
2026-08-28T11:39:45.670Z,19.108999252319,-155.49617004394,29.430000305176,1.78,md,21,265,0.1582,0.100000001,hv,hv75025547,2026-08-28T11:43:16.760Z,"9 km ENE of Naalehu, Hawaii",earthquake,1.14,0.75,0.14897029317866,15,automatic,hv,hv
2026-08-28T11:39:19.100Z,38.519333333333,-112.8915,2.8,1.71,ml,22,48,0.01037,0.09,uu,uu80150951,2026-08-28T16:35:06.510Z,"17 km NE of Milford, Utah",earthquake,0.22,0.27,0.091723821481074,6,reviewed,uu,uu
2026-08-28T11:38:20.560Z,19.1438331604,-155.61483764648,4.8400001525879,1.91,md,39,113,0.1017,0.25,hv,hv75025542,2026-08-28T11:42:01.450Z,"8 km N of Wai‘ōhinu, Hawaii",earthquake,0.51,1.20000005,0.12529506776923,10,automatic,hv,hv
2026-08-28T11:32:51.160Z,57.898666666667,-155.85466666667,13.08,0.71,ml,12,163,0.215,0.17,av,av94406858,2026-08-28T22:50:03.970Z,"91 km WNW of Karluk, Alaska",earthquake,0.53,0.55,0.26535172707305,13,reviewed,av,av
2026-08-28T11:25:27.170Z,44.428833333333,-110.64266666667,3.99,0.67,md,6,126,0.04001,0.23,uu,uu80007928,2026-08-28T16:47:17.820Z,"44 km SE of West Yellowstone, Montana",earthquake,0.97,2.46,0.19951479529331,5,reviewed,uu,uu
2026-08-28T11:25:22.580Z,44.424333333333,-110.64133333333,3.71,1,md,7,97,0.04025,0.18,uu,uu80150946,2026-08-28T16:45:51.610Z,"45 km SE of West Yellowstone, Montana",earthquake,0.52,1.81,0.24588753906281,4,reviewed,uu,uu
2026-08-28T11:24:25.440Z,31.653,-104.372,8.9197,1.9,ml,25,70,0.1,0.3,tx,tx2026qxpgds,2026-08-28T12:29:07.581Z,"57 km S of Whites City, New Mexico",earthquake,0.84457660602909,1.0157083066974,0.2,18,reviewed,tx,tx
2026-08-28T11:23:26.825Z,31.655,-104.36,6.7151,1.7,ml,28,70,0.1,0.2,tx,tx2026qxpfhs,2026-08-28T12:25:42.544Z,"57 km S of Whites City, New Mexico",earthquake,0.8460391972983,1.0040567571715,0.1,22,reviewed,tx,tx
2026-08-28T11:21:05.150Z,33.92,-116.99666666667,16.91,0.46,ml,39,49,0.1803,0.14,ci,ci41538072,2026-08-28T11:24:37.196Z,"2 km WSW of Beaumont, CA",earthquake,0.19,0.53,0.1577048964057,9,automatic,ci,ci
2026-08-28T11:11:00.203Z,31.79,-103.743,7.702,1.2,ml,12,99,0.1,0.1,tx,tx2026qxoult,2026-08-28T14:03:24.206Z,"16 km NW of Mentone, Texas",earthquake,0.46268084949247,0.90841647380145,0.2,10,reviewed,tx,tx
2026-08-28T10:48:37.240Z,38.519833333333,-112.8905,2.69,0.82,md,13,161,0.01005,0.06,uu,uu80150936,2026-08-28T17:11:17.920Z,"17 km NE of Milford, Utah",earthquake,0.4,0.34,0.5576671239782,6,reviewed,uu,uu
2026-08-28T10:47:48.760Z,33.387166666667,-116.8665,5.79,0.7,ml,37,71,0.03362,0.18,ci,ci41538064,2026-08-30T03:05:29.172Z,"3 km N of Palomar Observatory, CA",earthquake,0.21,0.44,0.11829459502369,17,reviewed,ci,ci
2026-08-28T10:39:42.560Z,32.909833333333,-117.78533333333,7.98,2.16,ml,34,140,0.4456,0.25,ci,ci41538056,2026-08-28T18:44:56.825Z,"48 km WSW of Encinitas, CA",earthquake,0.43,2.02,0.22786266030946,21,reviewed,ci,ci
2026-08-28T10:38:33.879Z,-21.1233,-178.6454,535.422,4.4,mb,37,136,4.582,0.76,us,us7000tciy,2026-08-28T11:04:31.040Z,Fiji region,earthquake,15.08,6.886,0.126,18,reviewed,us,us
2026-08-28T10:30:27.340Z,35.6885,-117.52716666667,7,0.46,ml,15,96,0.0874,0.14,ci,ci41538048,2026-08-28T16:05:44.948Z,"14 km SW of Searles Valley, CA",earthquake,0.25,0.69,0.098379394658494,7,reviewed,ci,ci
2026-08-28T10:29:38.760Z,18.490833333333,-66.633166666667,13.62,2.58,md,13,201,0.1836,0.21,pr,pr71530163,2026-08-28T10:50:26.140Z,"5 km N of Animas, Puerto Rico",earthquake,0.83,0.61,0.058425107767686,5,reviewed,pr,pr
2026-08-28T10:28:51.990Z,46.939833333333,-122.0145,8.76,0.57,ml,26,73,0.02041,0.09,uw,uw714089641,2026-08-28T18:18:55.100Z,"15 km S of Carbonado, Washington",earthquake,0.24,0.32,0.058195442730213,2,reviewed,uw,uw
2026-08-28T10:26:20.500Z,33.541166666667,-116.70716666667,5.28,-0.21,ml,17,51,0.03489,0.07,ci,ci41538040,2026-08-28T18:20:03.652Z,"3 km WSW of Anza, CA",earthquake,0.15,0.35,0.069326824780717,5,reviewed,ci,ci
2026-08-28T10:23:05.552Z,-6.9733,127.3738,10,4.6,mb,13,134,6.909,0.62,us,us7000tcj1,2026-08-28T12:53:31.040Z,"176 km NNE of Lospalos, Timor Leste",earthquake,11.04,1.911,0.151,13,reviewed,us,us
2026-08-28T10:18:23.669Z,56.079,-154.419,24,3.1,ml,27,242,0.5,1,ak,aka2026rafwcu,2026-08-28T19:53:37.834Z,"97 km S of Akhiok, Alaska",earthquake,9.5,5.7923,0.2,21,reviewed,ak,ak
2026-08-28T10:17:08.970Z,60.026166666667,-153.13883333333,0.52,-0.15,ml,5,177,0.03326,0.06,av,av94406803,2026-08-29T02:00:14.530Z,"60 km ENE of Pedro Bay, Alaska",earthquake,0.37,1.23,0.1117029904182,5,reviewed,av,av
2026-08-28T10:11:33.232Z,25.8399,125.2609,131.746,4.5,mb,62,45,1.726,1.18,us,us7000tcit,2026-08-28T17:12:51.040Z,"114 km N of Hirara, Japan",earthquake,8.34,7.785,0.062,77,reviewed,us,us
2026-08-28T10:09:54.407Z,60.071,-153.468,159.9,1.9,ml,42,54,0.2,0.6,ak,aka2026rafori,2026-08-28T19:45:18.663Z,"47 km NE of Pedro Bay, Alaska",earthquake,4.4,2.2438,0.3,31,reviewed,ak,ak
2026-08-28T10:02:25.484Z,31.667,-104.368,7.5354,2.8,ml,33,66,0.1,0.2,tx,tx2026qxmlhv,2026-08-28T10:17:38.418Z,"56 km S of Whites City, New Mexico",earthquake,0.76479530799723,1.00615557528,0.1,19,reviewed,tx,tx
2026-08-28T09:57:29.860Z,32.4,-101.615,5.1514,1.4,ml,36,81,0,0.1,tx,tx2026qxmgyx,2026-08-28T15:41:31.168Z,"16 km SE of Ackerly, Texas",earthquake,0.35946274744013,0.58234701280051,0.1,21,reviewed,tx,tx
2026-08-28T09:54:29.131Z,32.107,-101.928,9.2529,0.9,ml,23,51,0.1,0.1,tx,tx2026qxmgqf,2026-08-28T15:50:37.722Z,"13 km W of Stanton, Texas",earthquake,0.30664376325805,0.63845166079697,0.1,13,reviewed,tx,tx
2026-08-28T09:52:55.280Z,33.576166666667,-116.80033333333,6.77,0.29,ml,20,70,0.03493,0.11,ci,ci41538032,2026-08-28T20:57:52.003Z,"12 km WNW of Anza, CA",earthquake,0.18,0.37,0.17348725896348,5,reviewed,ci,ci
2026-08-28T09:42:16.728Z,62.604,-151.03,78.8,2.2,ml,48,85,0.1,0.8,ak,aka2026raeqrg,2026-08-28T19:39:46.012Z,"18 km NW of Petersville, Alaska",earthquake,2.7,3.1809,0.2,34,reviewed,ak,ak
2026-08-28T09:37:21.420Z,36.197166666667,-89.4915,7.54,1.98,md,22,59,0.02746,0.04,nm,nm60627386,2026-08-28T12:59:19.100Z,"7 km S of Ridgely, Tennessee",earthquake,0.28,0.54,0.11080790725754,18,reviewed,nm,nm
2026-08-28T09:35:51.430Z,34.313666666667,-117.02733333333,4.43,0.71,ml,38,36,0.05952,0.12,ci,ci41538024,2026-08-28T19:21:30.040Z,"13 km NW of Big Bear Lake, CA",earthquake,0.15,0.41,0.18931853986294,9,reviewed,ci,ci
2026-08-28T09:27:59.920Z,41.559666666667,-109.88883333333,-1.93,2.98,ml,21,112,0.1108,0.16,uu,uu80150926,2026-08-28T22:44:39.634Z,"3 km NW of Little America, Wyoming",earthquake,0.36,0.89,0.19464178804526,23,reviewed,uu,uu
2026-08-28T09:26:32.052Z,50.995,-178.702,14.9,2.6,ml,12,230,0.6,0.4,ak,aka2026raedbm,2026-08-28T19:38:36.347Z,"173 km SW of Adak, Alaska",earthquake,14.2,7.5544,0.1,8,reviewed,ak,ak
2026-08-28T09:17:51.940Z,58.119333333333,-155.19283333333,4.8,-0.01,ml,7,138,0.02138,0.06,av,av94406773,2026-08-28T22:13:00.950Z,"75 km NW of Karluk, Alaska",earthquake,0.39,0.28,0.18100263837676,8,reviewed,av,av
2026-08-28T09:12:17.255Z,52.1245,160.6615,10,5,mb,75,111,2.057,0.98,us,us7000tcii,2026-08-28T09:32:30.040Z,"172 km SE of Petropavlovsk-Kamchatsky, Russia",earthquake,8.65,1.858,0.038,225,reviewed,us,us
2026-08-28T09:09:54.367Z,61.723,-148.522,12.9,1.6,ml,20,55,0.1,0.4,ak,aka2026radolz,2026-08-28T19:33:12.038Z,"8 km SSW of Chickaloon, Alaska",earthquake,2.6,1.9581,0.3,15,reviewed,ak,ak
2026-08-28T09:04:50.330Z,32.253,-116.262,17.3,1.55,ml,22,63,0.3454,0.19,ci,ci41538016,2026-08-28T17:16:52.785Z,"44 km SSE of Campo, CA",earthquake,0.32,1.14,0.18321838327174,9,reviewed,ci,ci
2026-08-28T09:04:08.120Z,35.334,-117.79933333333,6.78,0.82,ml,32,82,0.07654,0.18,ci,ci41538008,2026-08-28T19:14:54.926Z,"16 km WSW of Johannesburg, CA",earthquake,0.22,0.49,0.18519035736331,9,reviewed,ci,ci
2026-08-28T08:41:25.940Z,33.540333333333,-116.421,6.55,0.42,ml,31,80,0.1132,0.15,ci,ci41538000,2026-08-28T16:02:27.419Z,"17 km SW of La Quinta, CA",earthquake,0.18,0.65,0.22099126879809,4,reviewed,ci,ci
2026-08-28T08:32:35.971Z,-19.2675,168.2841,10,5,mb,36,147,3.371,0.62,us,us7000tcig,2026-08-28T20:55:31.580Z,"109 km WNW of Isangel, Vanuatu",earthquake,10.51,1.901,0.101,31,reviewed,us,us
2026-08-28T08:21:29.530Z,38.515333333333,-112.8925,2.32,1.14,md,14,90,0.00666,0.06,uu,uu80150916,2026-08-28T16:21:21.160Z,"16 km NE of Milford, Utah",earthquake,0.32,0.34,0.31861332579828,7,reviewed,uu,uu
2026-08-28T08:20:52.570Z,18.5318,-154.4191,8.176,2.8,ml,34,315,1.007,0.27,us,us7000tcid,2026-08-29T08:10:53.973Z,"116 km SSE of Leilani Estates, Hawaii",earthquake,4.35,7.89,0.053,46,reviewed,us,us
2026-08-28T08:19:47.980Z,38.820835113525,-122.79866790772,2.579999923706,0.72,md,10,67,0.009269,0.03,nc,nc75426267,2026-08-28T10:07:19.823Z,"6 km NW of The Geysers, CA",earthquake,0.33,0.689999998,0.39,10,automatic,nc,nc
2026-08-28T07:58:33.990Z,33.9955,-117.22266666667,3.83,1.33,ml,89,15,0.06342,0.17,ci,ci41537992,2026-08-28T18:56:15.500Z,"7 km SSE of Loma Linda, CA",earthquake,0.11,0.4,0.17229019630336,63,reviewed,ci,ci
2026-08-28T07:56:38.417Z,66.494,-157.086,1.6,1.6,ml,6,116,0.4,0.5,ak,aka2026rabdcs,2026-08-29T04:33:07.670Z,"44 km S of Shungnak, Alaska",earthquake,7.6,6.5404,0.3,4,reviewed,ak,ak
2026-08-28T07:49:56.540Z,33.575,-116.79733333333,7.48,0.01,ml,19,70,0.03342,0.1,ci,ci41537984,2026-08-28T18:47:13.093Z,"12 km W of Anza, CA",earthquake,0.17,0.36,0.13230004991868,9,reviewed,ci,ci
2026-08-28T07:38:18.599Z,31.765,-103.816,7.074,0.7,ml,13,95,0,0.1,tx,tx2026qxhtft,2026-08-28T15:35:14.897Z,"21 km WNW of Mentone, Texas",earthquake,0.55694319666686,1.2308634998312,0.2,11,reviewed,tx,tx
2026-08-28T07:28:20.560Z,46.822833333333,-121.98766666667,10.25,0.41,ml,28,75,0.03267,0.1,uw,uw714089611,2026-08-28T17:56:34.680Z,"7 km NNE of Ashford, Washington",earthquake,0.22,0.35,0.059435114571336,2,reviewed,uw,uw
2026-08-28T07:24:53.910Z,51.776,-178.79716666667,10.58,0.68,ml,6,90,0.02123,0.13,av,av94406723,2026-08-28T19:49:21.520Z,"149 km W of Adak, Alaska",earthquake,0.89,0.62,0.26179262762156,6,reviewed,av,av
2026-08-28T07:21:06.890Z,32.912,-116.24666666667,6.75,1.69,ml,62,46,0.06387,0.18,ci,ci41537976,2026-08-28T18:46:08.700Z,"28 km SSW of Ocotillo Wells, CA",earthquake,0.15,0.49,0.15769972509182,26,reviewed,ci,ci
2026-08-28T07:09:14.380Z,37.449001312256,-118.83032989502,2.4400000572205,1.47,md,16,143,0.1408,0.05,nc,nc75426257,2026-08-28T09:37:21.622Z,"18 km SW of Toms Place, CA",earthquake,0.32,2.42000008,0.22,15,automatic,nc,nc
2026-08-28T07:07:04.426Z,61.397,-151.476,74.6,1.8,ml,36,50,0.2,0.5,ak,aka2026qzzmdm,2026-08-28T19:31:15.263Z,"35 km NW of Beluga, Alaska",earthquake,3.5,2.5057,0.3,28,reviewed,ak,ak
2026-08-28T07:00:48.945Z,60.405,-139.511,3.4,1.8,ml,16,85,0.7,0.6,ak,aka2026qzzgsh,2026-08-28T19:27:51.579Z,"96 km N of Yakutat, Alaska",earthquake,4,2.4745,0.1,12,reviewed,ak,ak
2026-08-28T06:59:25.605Z,46.1004,-75.0788,10,1.7,ml,16,93,0.385,0.52,us,us7000td0f,2026-08-30T20:34:40.040Z,"9 km N of Notre-Dame-du-Mont-Carmel, Canada",earthquake,3.67,1.303,0.148,6,reviewed,us,us
2026-08-28T06:49:03.863Z,63.042,-143.778,0.1,3.1,ml,39,54,0.6,0.9,ak,aka2026qzywnd,2026-08-28T10:57:20.040Z,"13 km N of Mentasta Lake, Alaska",earthquake,3.7,2.6857,0.2,7,automatic,ak,ak
2026-08-28T06:47:30.560Z,35.527166666667,-117.51216666667,6.35,0.38,ml,23,94,0.08225,0.13,ci,ci41537968,2026-08-28T18:36:18.483Z,"18 km SE of Ridgecrest, CA",earthquake,0.22,0.57,0.095263506980103,7,reviewed,ci,ci
2026-08-28T06:46:33.894Z,10.0415,-78.4292,35,4.3,mb,35,55,1.638,0.67,us,us7000tci6,2026-08-28T13:44:30.366Z,"68 km NNE of Narganá, Panama",earthquake,5.55,1.965,0.078,46,reviewed,us,us
2026-08-28T06:42:40.312Z,31.949,-101.74,8.0811,0.4,ml,10,88,0.1,0.1,tx,tx2026qxfxir,2026-08-28T16:03:12.866Z,"20 km SSE of Stanton, Texas",earthquake,0.91625504281494,1.1560098167749,0.1,6,reviewed,tx,tx
2026-08-28T06:37:52.200Z,58.371166666667,-154.73166666667,1.59,-0.36,ml,5,184,0.03856,0.07,av,av93066334,2026-08-28T21:55:00.000Z,"90 km N of Karluk, Alaska",earthquake,1.44,1.58,0.24325592946954,5,reviewed,av,av
2026-08-28T06:35:25.470Z,36.001667022705,-120.56283569336,2.0699999332428,1.08,md,16,90,0.02263,0.07,nc,nc75426232,2026-08-28T06:57:21.479Z,"16 km NW of Parkfield, CA",earthquake,0.34,0.75999999,0.44,5,automatic,nc,nc
2026-08-28T06:27:29.034Z,60.555,-140.014,1.5,1.8,ml,18,89,0.6,0.9,ak,aka2026qzyeab,2026-08-28T19:26:31.463Z,"113 km N of Yakutat, Alaska",earthquake,3.8,3.6371,0.1,20,reviewed,ak,ak
2026-08-28T06:26:43.584Z,51.521,179.964,74.1,3.1,ml,35,164,0.4,0.7,ak,aka2026qzyddy,2026-08-28T19:14:26.338Z,"238 km W of Adak, Alaska",earthquake,9.8,3.6918,0.2,25,reviewed,ak,ak
2026-08-28T06:18:29.710Z,60.015166666667,-153.103,3.12,-0.67,ml,4,172,0.03772,0.24,av,av94406683,2026-08-28T21:39:28.220Z,"61 km ENE of Pedro Bay, Alaska",earthquake,1.02,2.72,0.13626718319852,4,reviewed,av,av
2026-08-28T06:10:51.310Z,33.5675,-116.80466666667,7.16,0.89,ml,57,26,0.04277,0.18,ci,ci41537960,2026-08-28T06:14:24.089Z,"12 km W of Anza, CA",earthquake,0.13,0.41,0.17134344804512,27,automatic,ci,ci
2026-08-28T06:05:39.895Z,62.079,-149.782,58,1.5,ml,24,64,0.4,0.6,ak,aka2026qzxkwk,2026-08-28T19:12:24.361Z,"9 km SSE of Susitna North, Alaska",earthquake,3.7,4.5359,0.1,16,reviewed,ak,ak
2026-08-28T06:01:39.801Z,62.073,-149.825,58,1.5,ml,20,67,0.5,0.8,ak,aka2026qzxhin,2026-08-28T19:10:04.626Z,"9 km S of Susitna North, Alaska",earthquake,4,5.6991,0.2,17,reviewed,ak,ak
2026-08-28T05:59:45.182Z,60.393,-147.756,16.3,1.6,ml,22,89,0.4,0.6,ak,aka2026qzxftt,2026-08-28T19:07:38.391Z,"39 km NNE of Chenega, Alaska",earthquake,2.7,2.1022,0.1,17,reviewed,ak,ak
2026-08-28T05:55:57.910Z,40.28466796875,-124.4169998169,10.229999542236,1.85,md,16,247,0.05704,0.15,nc,nc75426222,2026-08-28T08:42:21.233Z,"12 km WSW of Petrolia, CA",earthquake,2.02,0.610000014,0.13,8,automatic,nc,nc
2026-08-28T05:55:40.656Z,51.363,-178.196,25.6,2.5,ml,23,206,0.4,0.5,ak,aka2026qzxcfs,2026-08-28T18:21:03.460Z,"122 km WSW of Adak, Alaska",earthquake,10.4,4.6269,0.1,16,reviewed,ak,ak
2026-08-28T05:36:13.560Z,36.006000518799,-120.5625,2.0599999427795,1.69,md,15,138,0.02126,0.04,nc,nc75426212,2026-08-28T08:17:26.044Z,"17 km NW of Parkfield, CA",earthquake,0.37,0.620000005,0.12,4,automatic,nc,nc
2026-08-28T05:31:56.950Z,61.537833333333,-151.87616666667,13.72,0.46,ml,6,266,0.04443,0.06,av,av94406648,2026-08-28T21:17:57.900Z,"56 km SSW of Skwentna, Alaska",earthquake,0.61,0.49,0.14031287461822,6,reviewed,av,av
2026-08-28T05:18:25.800Z,34.311666666667,-117.02366666667,3.66,0.56,ml,27,57,0.05674,0.17,ci,ci41537952,2026-08-28T15:58:40.748Z,"13 km NW of Big Bear Lake, CA",earthquake,0.2,0.45,0.15261202996969,7,reviewed,ci,ci
2026-08-28T05:13:35.070Z,29.2752,105.229,10,5,mb,46,36,6.786,0.83,us,us7000tcht,2026-08-28T05:31:06.040Z,"19 km NW of Fuji, China",earthquake,9.73,1.887,0.076,55,reviewed,us,us
2026-08-28T05:12:11.270Z,35.3155,-117.817,8.12,1.48,ml,46,38,0.05345,0.18,ci,ci41537944,2026-08-28T15:55:17.609Z,"18 km WSW of Johannesburg, CA",earthquake,0.18,0.44,0.15637437272915,27,reviewed,ci,ci
2026-08-28T05:11:56.430Z,33.572166666667,-116.80433333333,5.96,-0.02,ml,16,69,0.03986,0.08,ci,ci41537936,2026-08-28T18:31:30.777Z,"12 km W of Anza, CA",earthquake,0.21,0.38,0.15894129026393,5,reviewed,ci,ci
2026-08-28T05:10:05.629Z,32.103,-102.124,8.667,1.5,ml,67,54,0,0.2,tx,tx2026qxcvmn,2026-08-28T08:07:05.083Z,"12 km NNW of Midland, Texas",earthquake,0.28789053614655,0.47919632756989,0.2,26,reviewed,tx,tx
2026-08-28T05:03:52.636Z,56.278,-157.978,84.4,2.3,ml,22,172,0.3,0.4,ak,aka2026qzvjhn,2026-08-28T18:17:29.460Z,"26 km E of Chignik, Alaska",earthquake,9.5,5.0992,0.2,18,reviewed,ak,ak
2026-08-28T04:59:50.388Z,60.171,-141.036,7.4,1.6,ml,26,137,0.2,1,ak,aka2026qzvfvh,2026-08-28T18:15:51.366Z,"101 km NW of Yakutat, Alaska",earthquake,4.3,2.1964,0.2,21,reviewed,ak,ak
2026-08-28T04:59:06.623Z,-50.116,111.5852,10,5.2,mb,34,89,16.219,0.38,us,us7000tchl,2026-08-28T05:14:34.040Z,southeast Indian Ridge,earthquake,12.91,1.904,0.105,30,reviewed,us,us
2026-08-28T04:45:45.220Z,39.364498138428,-123.22550201416,7.0700001716614,1.56,md,11,122,0.06348,0.02,nc,nc75426202,2026-08-28T07:22:20.746Z,"11 km N of Redwood Valley, CA",earthquake,0.3,0.709999979,0.08,8,automatic,nc,nc
2026-08-28T04:44:53.240Z,36.093833333333,-117.873,3.54,1.62,ml,31,45,0.02788,0.13,ci,ci41537928,2026-08-28T17:31:34.300Z,"9 km NE of Coso Junction, CA",earthquake,0.15,0.29,0.27129258478543,20,reviewed,ci,ci
2026-08-28T04:44:52.400Z,38.832164764404,-122.81649780273,1.8300000429153,0.73,md,15,66,0.01009,0.01,nc,nc75426192,2026-08-28T06:37:21.339Z,"8 km NW of The Geysers, CA",earthquake,0.28,0.5,0.12,16,automatic,nc,nc
2026-08-28T04:38:52.628Z,57.558,-152.591,29.1,1.8,ml,20,202,0.2,0.4,ak,aka2026qzunpg,2026-08-28T18:12:29.258Z,"14 km SSE of Womens Bay, Alaska",earthquake,7.4,2.8732,0.1,14,reviewed,ak,ak
2026-08-28T04:38:18.752Z,51.72,-176.754,88.7,1.9,ml,14,211,0.2,0.2,ak,aka2026qzundj,2026-08-28T17:57:44.275Z,"19 km SSW of Adak, Alaska",earthquake,31.2,5.3591,0.3,11,reviewed,ak,ak
2026-08-28T04:36:20.460Z,60.492833333333,-152.771,1.68,-0.98,ml,5,105,0.03647,0.11,av,av94406593,2026-08-28T21:13:56.630Z,"78 km NW of Ninilchik, Alaska",earthquake,0.41,1.55,0.20821716413073,5,reviewed,av,av
2026-08-28T04:29:32.390Z,33.5565,-116.664,8.81,0.14,ml,21,43,0.02971,0.1,ci,ci41537920,2026-08-28T18:28:27.340Z,"1 km E of Anza, CA",earthquake,0.2,0.4,0.188226213806,8,reviewed,ci,ci
2026-08-28T04:27:23.010Z,45.453,-124.04183333333,13.96,1.43,ml,18,210,0.05598,0.25,uw,uw714089591,2026-08-28T17:48:50.880Z,"5 km W of Oceanside, Oregon",earthquake,0.8,0.88,0.30928810955683,3,reviewed,uw,uw
2026-08-28T04:22:48.175Z,32.11,-101.952,8.374,1.6,ml,95,36,0,0.2,tx,tx2026qxbgvc,2026-08-28T07:31:35.242Z,"15 km W of Stanton, Texas",earthquake,0.21014693478306,0.41131645836928,0.2,41,reviewed,tx,tx
2026-08-28T04:08:35.870Z,33.5695,-116.802,6.47,0.33,ml,17,67,0.03979,0.11,ci,ci41537912,2026-08-28T18:25:24.044Z,"12 km W of Anza, CA",earthquake,0.23,0.4,0.080656381404919,4,reviewed,ci,ci
2026-08-28T04:02:23.060Z,18.871,-64.378833333333,39.21,3.42,md,11,286,0.3794,0.17,pr,pr71530133,2026-08-28T10:48:27.040Z,"74 km NE of Cruz Bay, U.S. Virgin Islands",earthquake,3.54,4.91,0.12241977620193,10,reviewed,pr,pr
2026-08-28T03:57:42.683Z,57.264,-136.286,11.2,1.5,ml,9,232,0.3,0.5,ak,aka2026qztdyc,2026-08-28T17:56:20.243Z,"62 km WNW of Sitka, Alaska",earthquake,9.4,3.7903,0.2,7,reviewed,ak,ak
2026-08-28T03:55:38.880Z,41.8285,-112.62283333333,2.17,0.8,md,8,126,0.1238,0.06,uu,uu80150906,2026-08-28T16:07:35.230Z,"15 km WNW of Howell, Utah",earthquake,0.53,31.61,0.11833966792832,7,reviewed,uu,uu
2026-08-28T03:50:42.380Z,33.965833333333,-116.96466666667,8.59,0.73,ml,36,51,0.1296,0.14,ci,ci41537904,2026-08-28T18:22:36.764Z,"4 km NNE of Beaumont, CA",earthquake,0.16,0.63,0.21914723581371,16,reviewed,ci,ci
2026-08-28T03:41:52.892Z,32.401,-101.608,5.4199,0.7,ml,17,82,0,0.2,tx,tx2026qwzxnu,2026-08-28T09:57:53.490Z,"17 km SE of Ackerly, Texas",earthquake,0.75348612230087,0.79750611709859,0.1,6,reviewed,tx,tx
2026-08-28T03:38:43.799Z,31.609,-103.978,7.8943,1.7,ml,14,58,0,0.1,tx,tx2026qwzurl,2026-08-28T08:48:28.976Z,"37 km NNW of Toyah, Texas",earthquake,0.68843350028674,0.60231421581551,0.2,15,reviewed,tx,tx
2026-08-28T03:30:46.770Z,60.081333333333,-153.10166666667,6.18,-0.42,ml,0,240,0.02888,0.13,av,av93066324,2026-08-28T21:07:26.220Z,"65 km ENE of Pedro Bay, Alaska",earthquake,0.73,0.72,0.28775041953751,6,reviewed,av,av
2026-08-28T03:30:19.938Z,63.136,-142.915,0.5,1.3,ml,10,85,0.5,0.6,ak,aka2026qzsgkb,2026-08-28T17:49:40.578Z,"19 km W of Tetlin, Alaska",earthquake,4.6,4.873,0.1,6,reviewed,ak,ak
2026-08-28T03:20:53.140Z,57.901666666667,-155.8555,11.42,0.86,ml,13,163,0.2131,0.16,av,av94406548,2026-08-28T20:54:55.520Z,"91 km WNW of Karluk, Alaska",earthquake,0.57,0.7,0.27964284560536,13,reviewed,av,av
2026-08-28T03:20:36.060Z,19.195666666667,-66.092833333333,25.83,3.3,md,19,253,0.8819,0.22,pr,pr71530118,2026-08-28T11:15:33.210Z,"80 km N of San Juan, Puerto Rico",earthquake,0.9,15.75,0.07659224978047,10,reviewed,pr,pr
2026-08-28T03:18:22.030Z,57.903666666667,-155.85733333333,9.8,0.74,ml,16,162,0.2124,0.28,av,av94406543,2026-08-28T20:29:54.240Z,"91 km WNW of Karluk, Alaska",earthquake,0.8,1.58,0.33170940671945,17,reviewed,av,av
2026-08-28T03:17:08.270Z,58.295833333333,-155.81,9.52,-0.08,ml,9,142,0.05169,0.22,av,av94406538,2026-08-28T20:25:23.950Z,"66 km SE of King Salmon, Alaska",earthquake,0.58,0.7,0.3064322199762,8,reviewed,av,av
2026-08-28T03:16:34.187Z,32.427,-102.044,8.0322,1.2,ml,55,46,0,0.2,tx,tx2026qwzbsk,2026-08-28T09:38:29.248Z,"32 km WSW of Ackerly, Texas",earthquake,0.37258073229448,0.68258793655455,0.2,30,reviewed,tx,tx
2026-08-28T03:12:33.270Z,38.822834014893,-122.79433441162,2.579999923706,1.5,md,30,29,0.01231,0.03,nc,nc75426172,2026-08-28T05:17:28.813Z,"6 km NNW of The Geysers, CA",earthquake,0.2,0.400000006,0.14,31,automatic,nc,nc
2026-08-28T03:09:21.236Z,31.792,-102.008,8.2275,0.6,ml,21,60,0.1,0.2,tx,tx2026qwyvod,2026-08-28T11:36:37.072Z,"23 km SSE of Midland, Texas",earthquake,1.2196719042932,2.2377424805048,0.2,4,reviewed,tx,tx
2026-08-28T03:06:41.286Z,31.522,-103.997,7.4329,1.8,ml,41,56,0,0.2,tx,tx2026qwysyx,2026-08-28T07:08:50.589Z,"30 km NW of Toyah, Texas",earthquake,0.75451758734021,0.579743228074,0.2,23,reviewed,tx,tx
2026-08-28T03:06:19.700Z,33.656833333333,-116.9135,12.15,0.53,ml,27,45,0.03137,0.13,ci,ci41537896,2026-08-28T15:53:20.999Z,"10 km S of Valle Vista, CA",earthquake,0.23,0.35,0.057223183178001,8,reviewed,ci,ci
2026-08-28T02:57:46.412Z,31.786,-102.014,7.3975,0.5,ml,12,68,0.1,0.2,tx,tx2026qwylnp,2026-08-28T12:28:40.121Z,"24 km SSE of Midland, Texas",earthquake,1.7350840209871,2.059703414602,0.2,6,reviewed,tx,tx
2026-08-28T02:56:59.210Z,66.281,-150.081,1,1.7,ml,18,70,0.5,0.5,ak,aka2026qzrdhk,2026-08-28T17:45:22.267Z,"54 km NW of Stevens Village, Alaska",earthquake,3.5,2.6826,0.2,13,reviewed,ak,ak
2026-08-28T02:56:31.380Z,41.8295,-112.62516666667,5.38,2.08,ml,26,127,0.1226,0.15,uu,uu80150901,2026-08-28T15:56:35.620Z,"15 km WNW of Howell, Utah",earthquake,0.29,0.69,0.24955139089334,8,reviewed,uu,uu
2026-08-28T02:56:19.708Z,55.33,-160.71,74.6,2.2,ml,21,194,0.6,0.3,ak,aka2026qzrcsl,2026-08-28T17:42:51.439Z,"13 km W of Sand Point, Alaska",earthquake,16.8,6.5925,0.2,19,reviewed,ak,ak
2026-08-28T02:55:41.999Z,31.806,-102.006,4.4678,0.5,ml,20,58,0.1,0.2,tx,tx2026qwyjud,2026-08-28T11:43:00.271Z,"22 km SSE of Midland, Texas",earthquake,1.7112160155121,2.3069977319328,0.1,4,reviewed,tx,tx
2026-08-28T02:51:46.320Z,35.189166666667,-118.251,1.06,1.03,ml,27,43,0.1723,0.15,ci,ci41537888,2026-08-28T18:20:19.336Z,"17 km NNW of Mojave, CA",earthquake,0.17,0.53,0.10364441582642,16,reviewed,ci,ci
2026-08-28T02:49:39.810Z,34.314333333333,-117.02616666667,2.71,1.44,ml,64,33,0.05987,0.15,ci,ci41537880,2026-08-28T18:09:43.250Z,"13 km NW of Big Bear Lake, CA",earthquake,0.13,0.37,0.18258135967305,23,reviewed,ci,ci
2026-08-28T02:46:49.380Z,35.356334686279,-120.45850372315,1.039999961853,1.52,md,6,130,0.07047,0.11,nc,nc75426167,2026-08-28T04:52:21.647Z,"14 km ESE of Santa Margarita, CA",earthquake,0.59,5.09000015,0.05,4,automatic,nc,nc
2026-08-28T02:40:57.110Z,58.2975,-154.97633333333,3.1,-0.21,ml,0,147,0.04626,0.11,av,av94406498,2026-08-28T20:10:53.920Z,"86 km NNW of Karluk, Alaska",earthquake,0.35,0.97,0.31142945440296,7,reviewed,av,av
2026-08-28T02:39:17.518Z,8.4191,-103.4604,10,5,mww,52,194,10.261,0.65,us,us7000tch3,2026-08-28T03:03:05.040Z,northern East Pacific Rise,earthquake,12.28,1.954,0.098,10,reviewed,us,us
2026-08-28T02:38:13.235Z,47.155,-113.4515,24.315,3.2,ml,37,49,0.467,0.32,us,us7000tch1,2026-08-29T03:06:26.112Z,Western Montana,earthquake,2.44,7.174,0.037,94,reviewed,us,us
2026-08-28T02:26:49.270Z,19.152166666667,-155.491,32.22,2.08,ml,45,142,0.0275,0.12,hv,hv75025377,2026-08-28T22:39:01.170Z,"5 km SSW of Pāhala, Hawaii",earthquake,0.48,0.59,0.17208864375736,25,reviewed,hv,hv
2026-08-28T02:20:55.533Z,22.0405,120.3615,12.071,4.4,mb,30,250,1.02,0.45,us,us7000tcgz,2026-08-28T02:40:26.040Z,"39 km W of Hengchun, Taiwan",earthquake,8.2,5.692,0.135,16,reviewed,us,us
2026-08-28T02:17:02.028Z,32.401,-101.604,4.834,1.1,ml,33,52,0,0.1,tx,tx2026qwwzji,2026-08-28T10:54:43.279Z,"17 km SE of Ackerly, Texas",earthquake,0.41284035082961,0.54026454545261,0.2,15,reviewed,tx,tx
2026-08-28T02:07:54.170Z,38.515,-112.89466666667,2.73,1.53,ml,16,90,0.0111,0.1,uu,uu80150891,2026-08-28T16:05:23.600Z,"16 km NE of Milford, Utah",earthquake,0.29,0.36,0.022750983354042,2,reviewed,uu,uu
2026-08-28T02:04:00.923Z,60.682,-150.211,50.1,1.6,ml,35,49,0.5,0.7,ak,aka2026qzpjjd,2026-08-28T03:11:03.180Z,"30 km NW of Cooper Landing, Alaska",earthquake,2.8,4.398,0.1,27,reviewed,ak,ak
2026-08-28T01:51:18.350Z,33.4155,-116.6435,6.5,0.52,ml,37,35,0.08621,0.16,ci,ci41537872,2026-08-28T15:51:50.600Z,"15 km N of Warner Springs, CA",earthquake,0.16,0.46,0.11281948636827,13,reviewed,ci,ci
2026-08-28T01:49:55.680Z,37.755001068115,-122.14183044434,5.0799999237061,1.36,md,13,84,0.0356,0.07,nc,nc75426157,2026-08-28T04:22:23.437Z,"4 km NNE of San Leandro, CA",earthquake,0.35,0.5,0.08,7,automatic,nc,nc
2026-08-28T01:48:35.740Z,60.0475,-153.07683333333,-2.97,-0.14,ml,7,102,0.01191,0.33,av,av94406458,2026-08-28T20:03:23.420Z,"64 km ENE of Pedro Bay, Alaska",earthquake,0.57,2.13,0.22779595522584,7,reviewed,av,av
2026-08-28T01:35:06.470Z,32.136,-115.1185,9.5,2.03,ml,17,120,0.1342,0.27,ci,ci41537864,2026-08-28T21:16:15.518Z,"11 km SSE of Alberto Oviedo Mota, B.C., MX",earthquake,0.58,1.2,0.19893674060718,18,reviewed,ci,ci
2026-08-28T01:23:36.600Z,38.810665130615,-122.75733184815,0.28000000119209,0.72,md,10,110,0.0102,0.03,nc,nc75426152,2026-08-28T01:25:11.193Z,"3 km WSW of Cobb, CA",earthquake,0.37,0.579999983,0.08,10,automatic,nc,nc
2026-08-28T01:19:04.030Z,19.335332870483,-155.18800354004,4.2800002098083,1.7,md,32,82,0.04623,0.159999996,hv,hv75025347,2026-08-28T01:22:37.330Z,"12 km SSE of Volcano, Hawaii",earthquake,0.42,1.36000001,0.15283961358908,11,automatic,hv,hv
2026-08-28T01:17:32.141Z,65.462,-149.986,2.2,3,ml,69,24,0.4,1,ak,aka2026qznvbr,2026-08-28T03:08:25.356Z,"9 km ESE of Rampart, Alaska",earthquake,2.1,1.7536,0.2,49,reviewed,ak,ak
2026-08-28T01:10:34.520Z,38.834331512451,-122.81733703613,1.6399999856949,0.23,md,10,69,0.01231,0.02,nc,nc75426147,2026-08-28T02:07:21.555Z,"8 km NW of The Geysers, CA",earthquake,0.34,0.769999981,0.11,11,automatic,nc,nc
2026-08-28T00:49:00.832Z,61.677,-149.511,29.8,1.4,ml,27,50,0.2,0.8,ak,aka2026qzmwip,2026-08-28T03:04:21.231Z,"7 km NW of Tanaina, Alaska",earthquake,3.4,1.8928,0.2,18,reviewed,ak,ak
2026-08-28T00:43:06.031Z,1.7526,126.8948,74.035,4.6,mb,43,98,7.084,0.62,us,us7000tcgq,2026-08-28T01:14:34.040Z,"119 km NNW of Ternate, Indonesia",earthquake,10.35,7.192,0.085,43,reviewed,us,us
2026-08-28T00:40:48.440Z,34.022,-117.187,11.02,0.88,ml,46,61,0.06339,0.18,ci,ci41537856,2026-08-28T15:50:47.041Z,"4 km S of Redlands, CA",earthquake,0.19,0.33,0.21776412089572,30,reviewed,ci,ci
2026-08-28T00:38:21.292Z,10.2402,-67.3313,10,4.4,mb,25,108,0.317,0.73,us,us7000tci3,2026-08-28T14:53:45.078Z,"1 km N of La Victoria, Venezuela",earthquake,5.68,1.933,0.126,18,reviewed,us,us
2026-08-28T00:24:30.610Z,58.6665,-154.39016666667,3.87,-0.19,ml,6,253,0.07363,0.16,av,av94406428,2026-08-28T19:58:53.020Z,"88 km SSE of Kokhanok, Alaska",earthquake,1.93,2.35,0.16543904890364,7,reviewed,av,av
2026-08-28T00:12:13.911Z,62.169,-150.14,1.2,1.8,ml,19,86,0.2,0.9,ak,aka2026qzlqjn,2026-08-28T03:01:41.313Z,"15 km W of Susitna North, Alaska",earthquake,2.6,3.8757,0.2,14,reviewed,ak,ak
2026-08-28T00:08:53.580Z,61.785,-150.068,24.7,1.7,ml,35,53,0.5,0.8,ak,aka2026qzlnno,2026-08-28T02:58:40.847Z,"4 km NNW of Willow, Alaska",earthquake,2.5,2.2041,0.1,25,reviewed,ak,ak
2026-08-28T00:03:56.671Z,-6.3912,130.3094,130,4.1,mb,14,122,1.9,0.9,us,us7000tcgk,2026-08-28T00:44:15.040Z,"283 km WSW of Tual, Indonesia",earthquake,10.93,7.793,0.185,8,reviewed,us,us
2026-08-27T23:50:50.176Z,-3.934,152.0206,267.472,4.4,mb,29,124,0.293,0.71,us,us7000tcgh,2026-08-28T00:19:57.040Z,"33 km NNW of Rabaul, Papua New Guinea",earthquake,12.78,5.554,0.088,37,reviewed,us,us
2026-08-27T23:43:30.310Z,33.1585,-116.52133333333,6.18,0.51,ml,23,94,0.1003,0.16,ci,ci41537848,2026-08-28T18:02:09.903Z,"12 km NE of Julian, CA",earthquake,0.25,0.72,0.11909057501653,7,reviewed,ci,ci
2026-08-27T23:43:10.410Z,33.16,-116.52166666667,7.07,0.38,ml,15,97,0.1013,0.15,ci,ci41537840,2026-08-28T00:14:09.196Z,"12 km NE of Julian, CA",earthquake,0.27,0.56,0.1250667290541,6,reviewed,ci,ci
2026-08-27T23:39:29.580Z,38.784000396729,-122.73300170898,1.8999999761581,1.07,md,8,83,0.003008,0.01,nc,nc75426122,2026-08-27T23:41:05.343Z,"2 km ENE of The Geysers, CA",earthquake,0.36,0.819999993,0.05,9,automatic,nc,nc
2026-08-27T23:33:26.560Z,38.506,-112.8895,2.69,1.71,ml,16,58,0.004951,0.09,uu,uu80150881,2026-08-28T16:01:55.100Z,"16 km NE of Milford, Utah",earthquake,0.3,0.28,0.21861124990524,4,reviewed,uu,uu
2026-08-27T23:19:36.249Z,58.162,-151.537,37.8,3.2,ml,124,138,0.6,0.9,ak,aka2026qzjwts,2026-08-28T00:47:05.814Z,"62 km ENE of Ouzinkie, Alaska",earthquake,3.1,9.3346,0.1,91,reviewed,ak,ak
2026-08-27T23:14:22.010Z,35.151,-97.773,6.32,1.15,ml,16,84,0.04949028832,0.17,ok,ok2026qups,2026-08-28T12:50:29.886Z,"9 km E of Amber, Oklahoma",earthquake,,1,0.29,8,reviewed,ok,ok
2026-08-27T23:02:58.920Z,-20.3798,-177.6957,520.313,4.9,mb,67,39,4.777,0.89,us,us7000tcgb,2026-08-27T23:19:04.040Z,"264 km WNW of Houma, Tonga",earthquake,9.13,6.88,0.045,151,reviewed,us,us
2026-08-27T22:44:49.970Z,49.095333333333,-122.16566666667,-0.68,1.58,ml,8,224,0.1106,0.15,uw,uw714089391,2026-08-28T20:14:48.980Z,"7 km ENE of Abbotsford, Canada",explosion,1.07,31.61,0.07949533557279,4,reviewed,uw,uw
2026-08-27T22:42:14.990Z,51.899666666667,179.53616666667,7.28,1.03,ml,5,249,0.01559,0.33,av,av94406343,2026-08-28T00:35:56.980Z,"263 km W of Adak, Alaska",earthquake,1.35,1.71,0.20214338358911,5,reviewed,av,av
2026-08-27T22:41:24.761Z,39.3474,-119.0133,6.0868,1.5,ml,12,76,0.06,0.1255,nn,nn00923938,2026-08-27T22:43:24.318Z,"19 km ESE of Silver Springs, Nevada",earthquake,,0.7107,0.25,6,automatic,nn,nn
2026-08-27T22:40:16.714Z,53.1231,-166.831,35,2.9,ml,17,208,0.672,0.69,us,us7000tcgp,2026-08-28T00:48:01.040Z,"85 km SSW of Unalaska, Alaska",earthquake,2.66,2.009,0.115,10,reviewed,us,us
2026-08-27T22:37:05.220Z,32.651666666667,-116.94616666667,4.92,0.88,ml,12,225,0.1404,0.22,ci,ci41537816,2026-08-27T22:40:38.197Z,"8 km E of Bonita, CA",earthquake,1.21,1.89,0.031613415599122,7,automatic,ci,ci
2026-08-27T22:36:47.000Z,38.511333333333,-112.88933333333,2.36,1.63,md,11,108,0.006831,0.06,uu,uu80150856,2026-08-27T22:47:36.640Z,"16 km NE of Milford, Utah",earthquake,0.26,0.39,0.43914612386599,7,reviewed,uu,uu
2026-08-27T22:21:14.910Z,38.52,-112.89233333333,2.96,2.02,md,11,116,0.01072,0.04,uu,uu80150841,2026-08-27T22:43:12.740Z,"17 km NE of Milford, Utah",earthquake,0.3,0.47,0.23018686744462,5,reviewed,uu,uu
2026-08-27T22:18:55.470Z,38.514333333333,-112.89416666667,2.69,2.02,ml,24,90,0.00507,0.08,uu,uu80150836,2026-08-27T22:32:55.890Z,"16 km NE of Milford, Utah",earthquake,0.25,0.27,0.15688731114225,6,reviewed,uu,uu
2026-08-27T22:18:34.130Z,46.942166666667,-122.00016666667,8.58,-0.23,md,13,132,0.02676,0.07,uw,uw714089341,2026-08-28T20:04:49.400Z,"15 km SSE of Carbonado, Washington",earthquake,0.38,0.47,0.26206748349736,12,reviewed,uw,uw
2026-08-27T22:17:45.899Z,34.65716667,-96.00216667,6,1.1,ml,36,184,0.2492510884,0.23,ok,ok2026qunw,2026-08-28T12:56:45.361Z,"2 km E of Wardville, Oklahoma",earthquake,,0.8,0.25,16,reviewed,ok,ok
2026-08-27T22:13:31.133Z,42.0315,142.2416,63.668,4.6,mb,64,119,0.682,0.66,us,us7000tcfw,2026-08-27T23:48:56.040Z,"35 km SSW of Shizunai-furukawachō, Japan",earthquake,5.6,6.824,0.057,91,reviewed,us,us
2026-08-27T22:12:25.070Z,38.518,-112.89466666667,1.68,1.7,ml,15,47,0.01756,0.11,uu,uu80150831,2026-08-27T22:51:34.460Z,"16 km NE of Milford, Utah",earthquake,0.27,0.73,0.13916006472458,5,reviewed,uu,uu
2026-08-27T22:08:45.470Z,35.312833333333,-117.8015,5.73,1.33,ml,33,58,0.05803,0.18,ci,ci41537808,2026-08-27T23:04:17.263Z,"17 km WSW of Johannesburg, CA",earthquake,0.21,0.68,0.12859013950831,18,reviewed,ci,ci
2026-08-27T22:04:23.470Z,32.979666666667,-115.56833333333,7.33,0.97,ml,19,68,0.07824,0.23,ci,ci41537800,2026-08-27T22:55:44.119Z,"4 km W of Brawley, CA",earthquake,0.37,1.01,0.145240545862,7,reviewed,ci,ci
2026-08-27T21:50:27.092Z,31.679,-104.351,5.4846,1.7,ml,26,75,0.1,0.2,tx,tx2026qwogpw,2026-08-28T14:58:38.113Z,"55 km S of Whites City, New Mexico",earthquake,0.66039990754177,0.94788997600432,0.1,19,reviewed,tx,tx
2026-08-27T21:48:17.492Z,61.32,-150.803,78.3,2.4,ml,77,25,0.3,0.7,ak,aka2026qzgvqe,2026-08-28T00:26:11.201Z,"24 km NE of Beluga, Alaska",earthquake,2.1,1.9364,0.2,54,reviewed,ak,ak
2026-08-27T21:37:52.110Z,40.400666666667,-111.924,6.33,1.56,ml,30,85,0.03387,0.17,uu,uu80150826,2026-08-27T22:39:05.010Z,"5 km NNW of Saratoga Springs, Utah",earthquake,0.29,0.54,0.17170332301626,5,reviewed,uu,uu
2026-08-27T21:33:27.769Z,31.664,-104.429,6.51,1.7,ml,27,70,0,0.2,tx,tx2026qwnrzq,2026-08-28T15:33:35.422Z,"56 km S of Whites City, New Mexico",earthquake,0.99918451022102,0.69589889379326,0.1,16,reviewed,tx,tx
2026-08-27T21:28:20.170Z,38.779666900635,-122.72366333008,1.710000038147,0.75,md,7,79,0.01081,0.01,nc,nc75426097,2026-08-27T21:29:56.367Z,"3 km W of Anderson Springs, CA",earthquake,0.5,0.810000002,0.19,7,automatic,nc,nc
2026-08-27T21:26:37.320Z,33.226666666667,-116.19816666667,10.21,1.15,ml,47,47,0.05778,0.17,ci,ci41537784,2026-08-27T22:29:32.672Z,"11 km NNW of Ocotillo Wells, CA",earthquake,0.18,0.54,0.18771019440915,23,reviewed,ci,ci
2026-08-27T21:22:41.520Z,36.69966506958,-120.99150085449,0.43999999761581,2.03,md,36,93,0.1004,0.39,nc,nc75426092,2026-08-27T23:57:22.715Z,"23 km NE of Pinnacles, CA",earthquake,0.59,8.13000011,0.11,27,automatic,nc,nc
2026-08-27T21:07:38.352Z,13.2654,50.5425,10,6,mww,92,27,6.114,0.88,us,us7000tcf3,2026-08-29T08:15:50.757Z,"145 km N of Caluula, Somalia",earthquake,9.45,1.851,0.049,40,reviewed,us,us
2026-08-27T21:07:29.545Z,39.3424,-119.0121,6.0073,2.14,ml,16,55,0.065,0.2048,nn,nn00923926,2026-08-27T21:09:48.155Z,"20 km ESE of Silver Springs, Nevada",earthquake,,0.7083,0.17,8,automatic,nn,nn
2026-08-27T20:53:41.727Z,60.351,-147.572,19.1,1.6,ml,23,81,0.4,0.5,ak,aka2026qzfahr,2026-08-28T00:22:37.842Z,"40 km NE of Chenega, Alaska",earthquake,3,2.2938,0.2,17,reviewed,ak,ak
2026-08-27T20:39:27.600Z,38.829498291016,-122.80183410644,1.75,1.08,md,19,37,0.008864,0.02,nc,nc75426087,2026-08-27T20:41:06.135Z,"7 km W of Cobb, CA",earthquake,0.2,0.439999998,0.2,19,automatic,nc,nc
2026-08-27T20:34:10.800Z,44.655333333333,-121.13816666667,-1.38,1.41,md,6,158,0.344,0.16,uw,uw714089271,2026-08-27T21:23:20.520Z,"2 km NNW of Madras, Oregon",explosion,0.51,31.61,0.40908237862591,5,reviewed,uw,uw
2026-08-27T20:32:58.210Z,34.064333333333,-117.28233333333,15.59,1.03,ml,40,59,0.09834,0.15,ci,ci41537768,2026-08-27T20:42:51.023Z,"3 km NW of Loma Linda, CA",earthquake,0.18,0.26,0.23958697362989,26,reviewed,ci,ci
2026-08-27T20:30:52.180Z,31.654,-104.428,6.4587,1.5,ml,19,74,0,0.2,tx,tx2026qwlptw,2026-08-28T16:35:10.924Z,"58 km S of Whites City, New Mexico",earthquake,1.0721928834367,0.75636695671642,0.1,19,reviewed,tx,tx
2026-08-27T20:26:01.930Z,36.023833333333,-117.77316666667,1.59,0.8,ml,18,64,0.006555,0.09,ci,ci41537744,2026-08-27T20:43:06.713Z,"15 km NE of Little Lake, CA",earthquake,0.12,0.13,0.16152175147263,11,reviewed,ci,ci
2026-08-27T20:21:37.600Z,38.814834594727,-122.81216430664,2.6900000572205,0.81,md,8,82,0.008702,0.01,nc,nc75426077,2026-08-27T21:07:23.641Z,"6 km NW of The Geysers, CA",earthquake,0.76,1.55999994,0.09,9,automatic,nc,nc
2026-08-27T20:20:45.250Z,36.068,-117.844,2.38,1.5,mh,11,101,0.05025,0.08,ci,ci41537736,2026-08-28T17:07:26.443Z,"10 km ENE of Coso Junction, CA",earthquake,0.15,0.16,,0,reviewed,ci,ci
2026-08-27T20:18:09.665Z,60.995,-140.096,8.4,1.6,ml,17,66,0.5,0.6,ak,aka2026qzdvmg,2026-08-28T00:20:07.360Z,"159 km ESE of McCarthy, Alaska",earthquake,3.5,2.8016,0.1,12,reviewed,ak,ak
2026-08-27T20:16:29.960Z,36.19616667,-95.8765,0,1.6,ml,84,154,0.3329346669,0.53,ok,ok2026qujw,2026-08-28T12:24:28.849Z,"8 km SSW of Owasso, Oklahoma",quarry blast,,0.5,0.2,43,reviewed,ok,ok
2026-08-27T20:11:46.721Z,35.9385,-115.187,5.9518,2.38,ml,12,170,0.345,0.3001,nn,nn00923924,2026-08-27T20:15:33.521Z,"10 km SSE of Enterprise, Nevada",earthquake,,3.1166,0.68,6,automatic,nn,nn
2026-08-27T20:03:29.890Z,35.286166666667,-117.73533333333,2.94,0.61,ml,6,146,0.09231,0.14,ci,ci41537712,2026-08-27T21:09:41.555Z,"13 km SW of Johannesburg, CA",earthquake,0.53,1.41,0.11106924908335,2,reviewed,ci,ci
2026-08-27T20:03:13.930Z,45.2265,-112.306,-2,1.05,ml,9,72,0.1877,0.07,mb,mb90206278,2026-08-28T21:24:12.360Z,"18 km SW of Alder, Montana",quarry blast,0.36,31.61,0.13256693195517,5,reviewed,mb,mb
2026-08-27T20:03:04.000Z,33.836,-117.661,3.89,1.45,ml,53,53,0.05189,0.18,ci,ci41537720,2026-08-27T21:03:24.656Z,"9 km WSW of Corona, CA",earthquake,0.18,0.41,0.159103676884,29,reviewed,ci,ci
2026-08-27T20:01:50.524Z,62.039,-150.975,79.4,1.8,ml,35,41,0.3,0.7,ak,aka2026qzdhis,2026-08-28T00:18:14.921Z,"22 km ENE of Skwentna, Alaska",earthquake,2.5,3.1967,0.2,25,reviewed,ak,ak
2026-08-27T19:54:41.264Z,40.6244,142.2551,63.827,4.8,mb,94,121,0.92,0.59,us,us7000tcef,2026-08-27T20:50:19.040Z,"63 km NE of Kuji, Japan",earthquake,3.57,6.646,0.047,137,reviewed,us,us
2026-08-27T19:53:50.410Z,36.064,-117.83666666667,3.94,0.55,ml,11,106,0.05546,0.04,ci,ci41537704,2026-08-27T20:52:32.546Z,"10 km ENE of Coso Junction, CA",earthquake,0.14,0.25,0.3580986619533,5,reviewed,ci,ci
2026-08-27T19:53:29.880Z,38.842334747315,-122.87733459473,2.5999999046326,0.62,md,8,141,0.007194,0.01,nc,nc75426062,2026-08-27T21:47:27.889Z,"13 km NW of The Geysers, CA",earthquake,0.59,0.779999971,0.13,8,automatic,nc,nc
2026-08-27T19:52:59.140Z,53.207,-166.817,59.6,2.2,ml,18,227,0.6,0.3,ak,aka2026qzczqr,2026-08-28T00:15:43.131Z,"76 km SSW of Unalaska, Alaska",earthquake,37.8,21.9494,0.1,12,reviewed,ak,ak
2026-08-27T19:47:01.390Z,46.941,-122.009,8.35,-0.3,md,11,94,0.01794,0.09,uw,uw714089261,2026-08-27T20:32:44.160Z,"15 km SSE of Carbonado, Washington",earthquake,0.4,0.47,0.22039213840331,11,reviewed,uw,uw
2026-08-27T19:43:18.360Z,38.515,-112.8935,3.06,1.29,md,15,134,0.005916,0.12,uu,uu80150811,2026-08-27T20:03:12.450Z,"16 km NE of Milford, Utah",earthquake,0.48,0.42,0.41037503469589,6,reviewed,uu,uu
2026-08-27T19:39:59.220Z,36.064833333333,-117.83816666667,2.7,0.88,ml,20,63,0.05435,0.11,ci,ci41537688,2026-08-27T20:15:31.252Z,"10 km ENE of Coso Junction, CA",earthquake,0.16,0.54,0.22708872380136,9,reviewed,ci,ci
2026-08-27T19:38:26.974Z,31.65,-104.426,6.0999,2.1,ml,28,72,0,0.2,tx,tx2026qwjwza,2026-08-28T14:54:42.718Z,"58 km S of Whites City, New Mexico",earthquake,0.98295998634086,0.82893960593908,0.1,25,reviewed,tx,tx
2026-08-27T19:38:07.622Z,58.416,-152.731,58.9,1.6,ml,19,131,0.3,0.8,ak,aka2026qzcmue,2026-08-28T00:09:47.875Z,"41 km NNE of Aleneva, Alaska",earthquake,5.2,4.8818,0.1,15,reviewed,ak,ak
2026-08-27T19:35:01.278Z,31.651,-104.431,6.51,2.3,ml,32,72,0,0.2,tx,tx2026qwjtvq,2026-08-28T14:43:20.902Z,"58 km S of Whites City, New Mexico",earthquake,0.97159578798839,0.75068447568431,0.1,25,reviewed,tx,tx
2026-08-27T19:33:32.730Z,17.951333333333,-67.0655,7.77,2.61,md,6,241,0.02709,0.06,pr,pr71530088,2026-08-27T20:35:13.010Z,"3 km SW of La Parguera, Puerto Rico",earthquake,0.75,0.26,0.15781867854971,5,reviewed,pr,pr
2026-08-27T19:25:56.273Z,58.149,-156.391,1.5,1.6,ml,28,119,0.3,0.5,ak,aka2026qzccfb,2026-08-28T00:06:46.884Z,"58 km E of Egegik, Alaska",earthquake,3.8,3.6129,0.1,20,reviewed,ak,ak
2026-08-27T19:07:22.620Z,38.782333374023,-122.73100280762,0.050000000745058,1.09,md,8,117,0.004562,0.08,nc,nc75426037,2026-08-27T19:47:27.089Z,"2 km ENE of The Geysers, CA",earthquake,0.34,0.610000014,0.09,7,automatic,nc,nc
2026-08-27T19:06:21.320Z,38.786167144775,-122.74333190918,1.5099999904633,2.17,md,46,45,0.005935,0.07,nc,nc75426032,2026-08-27T21:22:20.745Z,"2 km NE of The Geysers, CA",earthquake,0.19,0.25999999,0.15,48,automatic,nc,nc
2026-08-27T19:06:05.250Z,18.6991,145.6078,218.851,4.4,mb,82,116,3.45,0.67,us,us7000tce1,2026-08-27T21:12:04.040Z,"Pagan region, Northern Mariana Islands",earthquake,12.55,9.038,0.064,71,reviewed,us,us
2026-08-27T19:01:56.020Z,46.0205,-112.4725,-2,1.8,ml,8,125,0.05744,0.05,mb,mb90206213,2026-08-28T21:21:12.050Z,"5 km ESE of Walkerville, Montana",quarry blast,0.41,31.61,0.2474084988516,15,reviewed,mb,mb
2026-08-27T18:58:09.210Z,38.786998748779,-122.74533081055,1.4099999666214,1.76,md,31,50,0.007704,0.04,nc,nc75426022,2026-08-27T21:07:24.646Z,"1 km NE of The Geysers, CA",earthquake,0.25,0.300000012,0.13,36,automatic,nc,nc
2026-08-27T18:55:47.420Z,31.671,-104.416,7.3816,2.6,ml,30,70,0,0.2,tx,tx2026qwimff,2026-08-28T14:29:01.715Z,"56 km S of Whites City, New Mexico",earthquake,0.83829892272287,0.67369601028281,0.1,25,reviewed,tx,tx
2026-08-27T18:52:28.860Z,34.988166666667,-118.18916666667,-0.82,1.15,ml,17,52,0.1138,0.2,ci,ci41537664,2026-08-27T21:52:33.254Z,"7 km S of Mojave, CA",quarry blast,0.42,31.61,0.13238759744883,11,reviewed,ci,ci
2026-08-27T18:43:40.284Z,6.0157,125.6536,10,4.9,mb,69,103,1.05,1.15,us,us7000tcdu,2026-08-30T03:47:03.234Z,"3 km WNW of Mangili, Philippines",earthquake,9.9,1.878,0.057,97,reviewed,us,us
2026-08-27T18:42:58.060Z,38.839500427246,-122.83616638184,2.1800000667572,0.6,md,9,110,0.01815,0.01,nc,nc75426017,2026-08-27T20:37:21.440Z,"10 km NW of The Geysers, CA",earthquake,0.35,0.980000019,0.37,10,automatic,nc,nc
2026-08-27T18:39:49.750Z,34.1515,-118.366,15.12,1.78,ml,43,50,0.02542,0.15,ci,ci41537648,2026-08-27T21:42:24.197Z,"2 km NW of Universal City, CA",earthquake,0.2,0.29,0.14513503529893,21,reviewed,ci,ci
2026-08-27T18:37:51.437Z,63.649,-150.721,5,3,ml,132,22,0.1,1.4,ak,aka2026qzamnb,2026-08-28T00:04:21.186Z,"51 km ENE of Denali National Park, Alaska",earthquake,1.8,0,0.1,96,reviewed,ak,ak
2026-08-27T18:34:58.990Z,33.525333333333,-116.56116666667,14.25,0.64,ml,21,75,0.04569,0.12,ci,ci41537632,2026-08-27T21:30:39.117Z,"11 km ESE of Anza, CA",earthquake,0.22,0.32,0.13710645497562,12,reviewed,ci,ci
2026-08-27T18:29:56.590Z,48.084,-121.92633333333,-0.41,1.3,ml,11,57,0.02425,0.14,uw,uw714088322,2026-08-27T22:27:09.600Z,"3 km E of Granite Falls, Washington",explosion,0.31,31.61,0.079862692104413,3,reviewed,uw,uw
2026-08-27T18:15:46.545Z,60.396,-152.243,87.3,2.1,ml,83,33,0.3,0.7,ak,aka2026qyztji,2026-08-27T23:57:46.383Z,"49 km NW of Ninilchik, Alaska",earthquake,2.6,1.7869,0.2,58,reviewed,ak,ak
2026-08-27T18:03:11.720Z,38.5175,-112.89283333333,2.49,1.44,ml,16,46,0.00831,0.07,uu,uu80150801,2026-08-27T18:38:11.830Z,"16 km NE of Milford, Utah",earthquake,0.23,0.35,0.24694199987431,3,reviewed,uu,uu
2026-08-27T18:02:57.659Z,60.297,-152.316,96.5,1.5,ml,40,39,0.3,0.4,ak,aka2026qyzigg,2026-08-27T23:54:07.471Z,"45 km NW of Ninilchik, Alaska",earthquake,4.3,2.4948,0.3,29,reviewed,ak,ak
2026-08-27T18:02:48.376Z,55.959,-135.517,7.2,2.6,ml,18,186,1.1,0.9,ak,aka2026qyzidg,2026-08-27T23:50:42.039Z,"63 km WSW of Port Alexander, Alaska",earthquake,6.8,3.1674,0.1,13,reviewed,ak,ak
2026-08-27T18:01:08.460Z,38.773498535156,-122.72883605957,2.1500000953674,1.4,md,15,70,0.01151,0.04,nc,nc75426002,2026-08-27T20:07:23.232Z,"2 km E of The Geysers, CA",earthquake,0.32,0.469999999,0.12,16,automatic,nc,nc
2026-08-27T17:53:45.820Z,60.017333333333,-153.13333333333,0.93,-0.32,ml,5,168,0.03456,0.07,av,av94406153,2026-08-27T22:20:50.580Z,"60 km ENE of Pedro Bay, Alaska",earthquake,0.33,0.99,0.16272413965287,5,reviewed,av,av
2026-08-27T17:49:47.574Z,61.65,-151.451,74.3,2.1,ml,76,39,0.2,0.7,ak,aka2026qyywvy,2026-08-27T23:49:05.070Z,"38 km S of Skwentna, Alaska",earthquake,2.1,2.2729,0.1,53,reviewed,ak,ak
2026-08-27T17:40:41.549Z,-17.5572,-69.6195,141.956,4.5,mb,64,87,0.137,1.21,us,us7000tcc3,2026-08-27T18:48:26.040Z,"42 km E of Estique, Peru",earthquake,7.62,5.9,0.08,45,reviewed,us,us
2026-08-27T17:33:33.905Z,53.016,-166.677,0.9,2.6,ml,26,232,0.8,0.7,ak,aka2026qyyiup,2026-08-27T23:44:11.454Z,"95 km S of Unalaska, Alaska",earthquake,5.8,5.0207,0.1,20,reviewed,ak,ak
2026-08-27T17:28:05.100Z,33.359666666667,-116.8535,13.79,0.62,ml,29,61,0.009754,0.13,ci,ci41537608,2026-08-27T20:21:22.396Z,"1 km ENE of Palomar Observatory, CA",earthquake,0.18,0.5,0.13786728618128,11,reviewed,ci,ci
2026-08-27T17:23:23.348Z,-3.1421,-79.8986,47.59,4.1,mb,18,170,0.437,0.9,us,us7000tcc0,2026-08-27T17:56:17.884Z,"14 km NNE of Machala, Ecuador",earthquake,5.79,11.848,0.185,8,reviewed,us,us
2026-08-27T17:21:21.540Z,19.158833333333,-155.54133333333,-0.32,1.62,ml,17,122,0.07497,0.21,hv,hv75024967,2026-08-27T18:42:48.440Z,"8 km SW of Pāhala, Hawaii",earthquake,0.47,0.39,0.26845497992991,5,reviewed,hv,hv
2026-08-27T17:20:20.080Z,46.200333333333,-121.917,-1.28,1.07,md,7,294,0.1225,0.04,uw,uw714088282,2026-08-28T19:12:55.750Z,"37 km NW of Trout Lake, Washington",explosion,6.94,31.61,0.19230791584111,4,reviewed,uw,uw
2026-08-27T17:16:29.470Z,38.516166666667,-112.88766666667,2.3,1.42,md,9,110,0.01001,0.05,uu,uu80150796,2026-08-27T18:48:40.850Z,"17 km NE of Milford, Utah",earthquake,0.27,0.48,0.49832705505685,3,reviewed,uu,uu
2026-08-27T17:10:29.280Z,60.288,-143.192,10.7,1.5,ml,21,89,0.1,0.8,ak,aka2026qyxorr,2026-08-27T23:10:11.919Z,"128 km S of McCarthy, Alaska",earthquake,3.6,1.9527,0.2,19,reviewed,ak,ak
2026-08-27T17:09:28.808Z,-3.3927,-80.6517,38.443,4.1,mb,27,164,0.604,0.87,us,us7000tcbz,2026-08-27T17:37:25.040Z,"29 km NW of Tumbes, Peru",earthquake,6.58,11.469,0.136,15,reviewed,us,us
2026-08-27T17:07:53.370Z,33.485666666667,-116.43816666667,7.34,0.01,ml,9,121,0.1374,0.1,ci,ci10250734,2026-08-27T20:35:43.560Z,"23 km SSW of La Quinta, CA",earthquake,0.26,1.39,0.14399823272816,6,reviewed,ci,ci
2026-08-27T17:07:21.380Z,33.558833333333,-116.6615,9.55,0.26,ml,19,50,0.02699,0.09,ci,ci41537592,2026-08-27T18:55:26.633Z,"1 km ENE of Anza, CA",earthquake,0.16,0.34,0.1383509208664,8,reviewed,ci,ci
2026-08-27T17:05:33.151Z,60.563,-150.759,55.8,2.5,ml,92,55,0.3,0.7,ak,aka2026qyxkno,2026-08-27T23:07:03.845Z,"2 km N of Sterling, Alaska",earthquake,2.2,3.1883,0.2,68,reviewed,ak,ak
2026-08-27T17:03:50.088Z,55.371,-159.138,82.7,2,ml,17,239,0.7,0.9,ak,aka2026qyxjad,2026-08-27T22:49:40.583Z,"60 km S of Perryville, Alaska",earthquake,24.1,11.4853,0.2,13,reviewed,ak,ak
2026-08-27T17:02:17.931Z,31.695,-104.562,4.5618,1.6,ml,24,69,0,0.2,tx,tx2026qweqnb,2026-08-27T17:56:18.993Z,"56 km SSW of Whites City, New Mexico",earthquake,1.5025321917506,0.71492183574004,0.1,14,reviewed,tx,tx
2026-08-27T16:58:24.889Z,31.639,-104.474,8.4198,1.7,ml,27,68,0,0.3,tx,tx2026qweorg,2026-08-27T17:29:01.899Z,"60 km S of Whites City, New Mexico",earthquake,0.84243662253185,0.55221430192057,0.1,17,reviewed,tx,tx
2026-08-27T16:57:51.610Z,33.511666666667,-116.50233333333,12.81,0.45,ml,22,67,0.08514,0.14,ci,ci41537576,2026-08-27T20:11:40.211Z,"17 km ESE of Anza, CA",earthquake,0.27,0.5,0.070019904152476,7,reviewed,ci,ci
2026-08-27T16:56:28.846Z,53.0007,-163.2086,10,2.7,ml,15,259,1.744,0.22,us,us7000tcg6,2026-08-28T15:07:01.040Z,"206 km S of False Pass, Alaska",earthquake,7.71,2.019,0.148,6,reviewed,us,us
2026-08-27T16:55:13.890Z,34.71616667,-98.43533333,0,1.17,ml,6,245,0.2834443785,0.06,ok,ok2026qudf,2026-08-28T13:02:31.063Z,"6 km ESE of Medicine Park, Oklahoma",quarry blast,,0.4,0,2,reviewed,ok,ok
2026-08-27T16:50:42.548Z,53.0713,-163.4528,10,2.7,ml,19,241,1.557,0.27,us,us7000tcg5,2026-08-28T15:01:13.040Z,"193 km SE of Akutan, Alaska",earthquake,5.7,2.01,0.128,8,reviewed,us,us
2026-08-27T16:49:48.636Z,31.71,-103.972,7.8302,0.9,ml,22,64,0,0.2,tx,tx2026qwehmx,2026-08-27T17:13:41.999Z,"35 km W of Mentone, Texas",earthquake,0.63134451615169,0.55649590433129,0.2,17,reviewed,tx,tx
2026-08-27T16:48:34.310Z,33.6845,-116.79716666667,15.64,1.06,ml,48,26,0.07413,0.14,ci,ci41537560,2026-08-27T21:34:55.113Z,"10 km SW of Idyllwild, CA",earthquake,0.15,0.31,0.22167043115357,23,reviewed,ci,ci
2026-08-27T16:42:34.490Z,43.480666666667,-123.40483333333,-0.42,1.47,ml,9,95,0.1837,0.16,uw,uw714088272,2026-08-27T17:33:51.910Z,"10 km NW of Oakland, Oregon",explosion,0.39,31.61,0.039918422228135,3,reviewed,uw,uw
2026-08-27T16:31:59.641Z,-7.8456,120.3479,10,4.8,mb,27,83,2.875,1.27,us,us7000tcaf,2026-08-28T14:58:03.040Z,"85 km N of Ruteng, Indonesia",earthquake,4.47,1.856,0.131,21,reviewed,us,us
2026-08-27T16:23:17.800Z,38.517166666667,-112.89016666667,2.32,1.24,md,11,113,0.00924,0.05,uu,uu80150791,2026-08-27T18:53:15.260Z,"17 km NE of Milford, Utah",earthquake,0.31,0.5,0.86099142494705,5,reviewed,uu,uu
2026-08-27T16:21:22.987Z,4.5178,-76.6738,63.976,4.5,mb,43,103,2.015,1.1,us,us7000tca5,2026-08-28T14:18:46.040Z,"15 km SSW of Sipí, Colombia",earthquake,7.62,7.951,0.087,39,reviewed,us,us
2026-08-27T16:21:09.510Z,32.099,-101.922,9.3506,1,ml,31,73,0.1,0.1,tx,tx2026qwdixd,2026-08-27T17:35:35.415Z,"13 km WSW of Stanton, Texas",earthquake,0.35033455404122,0.61701514022368,0.2,15,reviewed,tx,tx
2026-08-27T16:19:08.966Z,56.819,-155.979,78,1.7,ml,20,145,0.8,0.6,ak,aka2026qyvwfs,2026-08-27T22:41:03.083Z,"111 km W of Akhiok, Alaska",earthquake,5.6,6.6504,0.2,15,reviewed,ak,ak
2026-08-27T16:14:05.625Z,32.086,-102.209,9.2529,1.4,ml,46,50,0,0.2,tx,tx2026qwdcwr,2026-08-27T17:24:41.968Z,"15 km NW of Midland, Texas",earthquake,0.68546520128854,0.86375421177415,0.2,27,reviewed,tx,tx
2026-08-27T15:57:47.690Z,33.963,-116.96266666667,9.49,1.18,ml,54,29,0.1321,0.12,ci,ci41537544,2026-08-27T21:24:19.150Z,"4 km NNE of Beaumont, CA",earthquake,0.11,0.41,0.20992588291773,20,reviewed,ci,ci
2026-08-27T15:52:18.440Z,38.509166666667,-112.893,2.33,0.99,md,11,142,0.003995,0.11,uu,uu80150776,2026-08-27T18:51:02.600Z,"16 km NE of Milford, Utah",earthquake,0.37,0.41,0.4402346625844,4,reviewed,uu,uu
2026-08-27T15:48:01.860Z,33.241166666667,-116.0675,4.58,1.02,ml,30,66,0.07866,0.2,ci,ci41537536,2026-08-27T21:15:45.018Z,"12 km WSW of Salton City, CA",earthquake,0.22,0.68,0.081403217450786,21,reviewed,ci,ci
2026-08-27T15:45:19.140Z,36.82016667,-97.70416667,7.16,1.3,ml,36,79,0.1286747496,0.16,ok,ok2026quax,2026-08-27T16:08:52.692Z,"3 km ENE of Medford, Oklahoma",earthquake,,0.6,0.21,15,reviewed,ok,ok
2026-08-27T15:44:50.040Z,48.818166666667,-116.88116666667,-1.07,1.54,md,6,281,0.2889,0.28,uw,uw714088222,2026-08-27T17:25:31.030Z,"36 km E of Metaline Falls, Washington",explosion,2,31.61,0.32990887020124,2,reviewed,uw,uw
2026-08-27T15:44:46.250Z,38.519,-112.893,2.06,0.79,ml,13,116,0.009597,0.08,uu,uu80150771,2026-08-27T16:07:21.210Z,"17 km NE of Milford, Utah",earthquake,0.26,0.44,0.040869506906988,2,reviewed,uu,uu
2026-08-27T15:42:23.160Z,38.512833333333,-112.8905,2.73,1.22,ml,18,90,0.006387,0.07,uu,uu80150766,2026-08-27T18:40:39.650Z,"16 km NE of Milford, Utah",earthquake,0.27,0.24,0.015190601025113,2,reviewed,uu,uu
2026-08-27T15:40:13.556Z,53.6077,-164.7459,35,2.7,ml,20,218,0.756,1.06,us,us7000tcg2,2026-08-28T14:00:58.040Z,"89 km SE of Akutan, Alaska",earthquake,5.29,2.016,0.115,10,reviewed,us,us
2026-08-27T15:39:24.463Z,57.926,-155.879,16.2,0.8,ml,11,170,0.2,0.3,ak,aka2026qyunul,2026-08-27T21:43:48.670Z,"93 km WNW of Karluk, Alaska",earthquake,14.9,10.5358,0.2,4,automatic,ak,ak
2026-08-27T15:38:31.480Z,46.941666666667,-122.00633333333,8.53,0.6,ml,17,130,0.02925,0.08,uw,uw714088212,2026-08-28T19:05:51.630Z,"15 km SSE of Carbonado, Washington",earthquake,0.35,0.48,0.10852787068539,2,reviewed,uw,uw
2026-08-27T15:36:05.076Z,8.6667,-71.214,10,3.5,ml,7,144,0.612,0.8,us,us7000tca4,2026-08-27T16:53:32.737Z,"10 km NW of Mérida, Venezuela",earthquake,4.89,2.005,0.097,14,reviewed,us,us
2026-08-27T15:33:01.324Z,65.958,-166.555,5,2.2,ml,7,211,0.8,0.8,ak,aka2026qyuigj,2026-08-28T01:05:31.199Z,"39 km SSW of Shishmaref, Alaska",earthquake,9.6,0,0.3,7,reviewed,ak,ak
2026-08-27T15:32:49.200Z,38.775165557861,-122.72766876221,1.5599999427795,1.11,md,9,70,0.01073,0.02,nc,nc75425982,2026-08-27T16:52:20.876Z,"3 km E of The Geysers, CA",earthquake,0.33,0.74000001,0.28,10,automatic,nc,nc
2026-08-27T15:32:04.580Z,58.268833333333,-154.998,2.11,-0.66,ml,9,133,0.04443,0.08,av,av94406018,2026-08-27T21:34:18.070Z,"84 km NNW of Karluk, Alaska",earthquake,0.25,0.65,0.31197445514093,9,reviewed,av,av
2026-08-27T15:29:01.125Z,55.902,-151.931,15,2.5,ml,26,278,1.4,0.9,ak,aka2026qyufbr,2026-08-27T22:36:33.117Z,"167 km SSE of Old Harbor, Alaska",earthquake,8.8,0,0.1,20,reviewed,ak,ak
2026-08-27T15:26:28.630Z,38.511833333333,-112.89266666667,2.17,1.14,md,17,90,0.004432,0.06,uu,uu80150761,2026-08-27T18:34:18.260Z,"16 km NE of Milford, Utah",earthquake,0.21,0.26,0.29200903656145,8,reviewed,uu,uu
2026-08-27T15:25:29.295Z,4.5157,-76.6986,65.125,4.7,mb,59,103,2.031,1.1,us,us7000tc9s,2026-08-28T13:25:40.040Z,"16 km SSW of Sipí, Colombia",earthquake,7.15,7.454,0.053,108,reviewed,us,us
2026-08-27T15:19:02.790Z,38.79683303833,-122.81400299072,3.329999923706,0.83,md,12,99,0.01688,0.02,nc,nc75425977,2026-08-27T16:27:21.714Z,"5 km WNW of The Geysers, CA",earthquake,0.38,0.959999979,0.35,13,automatic,nc,nc
2026-08-27T15:05:51.400Z,46.936666666667,-122.01416666667,7.93,0.83,ml,20,74,0.0364,0.07,uw,uw714088162,2026-08-28T18:52:02.880Z,"16 km S of Carbonado, Washington",earthquake,0.26,0.48,0.10369867699217,2,reviewed,uw,uw
2026-08-27T15:02:27.290Z,54.538,-160.065,6.9,2,ml,14,258,1.2,0.6,ak,aka2026qytiax,2026-08-27T22:32:06.496Z,"93 km SSE of Sand Point, Alaska",earthquake,8.5,4.8565,0.1,13,reviewed,ak,ak
2026-08-27T15:00:29.290Z,54.604333333333,-163.494,6.96,0.85,ml,5,277,0.1502,0.03,av,av94405998,2026-08-27T21:30:17.790Z,"28 km S of False Pass, Alaska",earthquake,0.5,0.76,0.22281049780555,5,reviewed,av,av
2026-08-27T14:57:50.840Z,38.512,-112.88983333333,2.5,1,md,15,90,0.006594,0.05,uu,uu80150741,2026-08-27T18:25:07.320Z,"16 km NE of Milford, Utah",earthquake,0.26,0.25,0.59032159021321,6,reviewed,uu,uu
2026-08-27T14:52:36.651Z,32.096,-102.226,6.0303,0.9,ml,21,83,0,0.2,tx,tx2026qwakat,2026-08-27T18:01:00.782Z,"16 km ENE of Gardendale, Texas",earthquake,1.117542550195,1.2044432013051,0.2,13,reviewed,tx,tx
2026-08-27T14:48:52.845Z,31.794,-103.737,9.1376,2.8,ml,48,41,0.1,0.2,tx,tx2026qwahjm,2026-08-27T15:15:23.754Z,"16 km NW of Mentone, Texas",earthquake,0.34337041741425,0.48296968641856,0.1,27,reviewed,tx,tx
2026-08-27T14:47:51.810Z,36.063166666667,-117.84366666667,3.13,0.86,ml,16,67,0.05505,0.1,ci,ci41537520,2026-08-27T18:05:57.370Z,"10 km ENE of Coso Junction, CA",earthquake,0.15,0.33,0.1786869160136,15,reviewed,ci,ci
2026-08-27T14:45:48.054Z,33.2423,86.9395,10,5,mb,75,53,11.429,0.85,us,us7000tc9m,2026-08-27T15:06:59.040Z,western Xizang,earthquake,9.17,1.792,0.053,118,reviewed,us,us
2026-08-27T14:43:59.490Z,36.74533333,-94.79233333,0,1.26,ml,20,201,0.4481120651,0.42,ok,ok2026qtyx,2026-08-28T13:07:06.022Z,"4 km E of Fairland, Oklahoma",quarry blast,,0.9,0.23,9,reviewed,ok,ok
2026-08-27T14:39:32.859Z,36.24316667,-95.22316667,0,1.34,ml,65,131,0.1754655677,0.49,ok,ok2026qtyt,2026-08-28T13:05:40.027Z,"2 km E of Sportsmen Acres, Oklahoma",quarry blast,,0.5,0.21,22,reviewed,ok,ok
2026-08-27T14:30:20.017Z,53.0654,-163.4304,10,4.8,mb,89,133,1.623,0.89,us,us7000tc9g,2026-08-27T17:59:52.191Z,"195 km SE of Akutan, Alaska",earthquake,5.21,1.869,0.039,205,reviewed,us,us
2026-08-27T14:10:21.910Z,38.507166666667,-112.88933333333,2.56,0.51,md,11,114,0.005966,0.06,uu,uu80150716,2026-08-27T18:20:03.900Z,"16 km NE of Milford, Utah",earthquake,0.42,0.26,0.49222059276153,4,reviewed,uu,uu
2026-08-27T14:05:30.161Z,31.471,-103.675,2.823,1.8,ml,4,195,0.2,0.7,tx,tx2026qvyspu,2026-08-27T14:08:59.484Z,"17 km NW of Lindsay, Texas",earthquake,0,5.2859239578247,0.7,4,automatic,tx,tx
2026-08-27T14:02:34.789Z,61.667,-150.774,58.3,1.5,ml,31,45,0.2,0.7,ak,aka2026qyrhvu,2026-08-27T22:28:54.093Z,"19 km NW of Susitna, Alaska",earthquake,3.5,3.7566,0.1,19,reviewed,ak,ak
2026-08-27T14:00:35.950Z,35.991166666667,-120.5465,2.64,0.77,md,18,90,0.0199,0.06,nc,nc75425937,2026-08-29T20:57:23.753Z,"15 km NW of Parkfield, CA",earthquake,0.23,0.45,0.035,5,reviewed,nc,nc
2026-08-27T13:55:54.250Z,34.42066667,-97.475,5.95,1.12,ml,17,110,0.05668887571,0.25,ok,ok2026qtxh,2026-08-28T13:01:19.334Z,"4 km SE of Ratliff City, Oklahoma",earthquake,,1.2,0.24,9,reviewed,ok,ok
2026-08-27T13:55:48.390Z,36.696834564209,-121.38549804688,-0.38999998569488,1.26,md,7,109,0.03308,0.21,nc,nc75425932,2026-08-27T15:32:20.347Z,"12 km SSW of Tres Pinos, CA",earthquake,0.68,2.63000011,0.13,6,automatic,nc,nc
2026-08-27T13:54:21.859Z,61.26,-152.18,21,0.9,ml,9,101,0.1,0.4,ak,aka2026qyrasv,2026-08-27T21:18:46.920Z,"60 km WNW of Tyonek, Alaska",earthquake,10.6,7.8932,0.1,7,automatic,ak,ak
2026-08-27T13:52:48.690Z,61.250333333333,-152.1675,22.69,-0.15,ml,7,95,0.01626,0.1,av,av94405948,2026-08-27T21:25:18.330Z,"59 km WNW of Tyonek, Alaska",earthquake,0.76,0.49,0.18016055754933,7,reviewed,av,av
2026-08-27T13:24:00.390Z,38.519,-112.88566666667,2.26,0.95,md,12,178,0.006846,0.06,uu,uu80150696,2026-08-27T13:41:16.180Z,"17 km NE of Milford, Utah",earthquake,0.32,0.34,0.50344061871654,5,reviewed,uu,uu
2026-08-27T13:20:53.130Z,38.511333333333,-112.891,2.74,1.26,md,18,90,0.005546,0.07,uu,uu80150686,2026-08-27T19:07:10.110Z,"16 km NE of Milford, Utah",earthquake,0.3,0.3,0.49115344812845,9,reviewed,uu,uu
2026-08-27T13:20:28.839Z,60.248,-141.135,14.2,1.6,ml,20,134,0.1,0.9,ak,aka2026qypxhr,2026-08-27T22:25:18.406Z,"110 km NW of Yakutat, Alaska",earthquake,4.4,2.1748,0.1,13,reviewed,ak,ak
2026-08-27T13:19:23.830Z,38.518166666667,-112.887,2.06,1.88,md,13,70,0.006892,0.06,uu,uu80007923,2026-08-27T19:18:13.550Z,"17 km NE of Milford, Utah",earthquake,0.42,0.44,0.29047441852285,3,reviewed,uu,uu
2026-08-27T13:19:20.220Z,38.514,-112.8815,2.94,1.15,md,10,104,0.0008988,0.11,uu,uu80150681,2026-08-27T19:11:49.270Z,"17 km NE of Milford, Utah",earthquake,0.46,0.58,0.43442824740365,4,reviewed,uu,uu
2026-08-27T13:16:45.730Z,33.674666666667,-116.7525,14,0.48,ml,23,67,0.04844,0.09,ci,ci41537504,2026-08-27T13:41:59.037Z,"8 km SSW of Idyllwild, CA",earthquake,0.19,0.34,0.14089249220598,6,reviewed,ci,ci
2026-08-27T13:12:52.910Z,38.813835144043,-122.78483581543,1.1699999570847,0.92,md,10,64,0.003293,0.02,nc,nc75425927,2026-08-27T15:07:21.183Z,"5 km NNW of The Geysers, CA",earthquake,0.44,0.660000026,0.31,11,automatic,nc,nc
2026-08-27T13:10:29.720Z,38.509,-112.88916666667,2.52,1.17,ml,19,72,0.006971,0.06,uu,uu80150676,2026-08-27T18:15:25.720Z,"16 km NE of Milford, Utah",earthquake,0.22,0.26,0.049702360165452,2,reviewed,uu,uu
2026-08-27T13:07:36.680Z,38.837333679199,-122.83533477783,1.5099999904633,0.49,md,12,78,0.001259,0.02,nc,nc75425922,2026-08-27T14:37:22.966Z,"10 km NW of The Geysers, CA",earthquake,0.28,0.639999986,0.28,12,automatic,nc,nc
2026-08-27T13:03:38.250Z,38.511833333333,-112.89283333333,2.3,1.79,ml,18,47,0.004311,0.07,uu,uu80150671,2026-08-27T13:14:43.550Z,"16 km NE of Milford, Utah",earthquake,0.21,0.45,0.066576934944592,7,reviewed,uu,uu
2026-08-27T12:52:20.840Z,38.510166666667,-112.89,2.15,1.77,ml,15,48,0.006214,0.09,uu,uu80150666,2026-08-27T13:44:43.660Z,"16 km NE of Milford, Utah",earthquake,0.31,0.59,0.12423147843253,4,reviewed,uu,uu
2026-08-27T12:46:12.710Z,38.769664764404,-122.7320022583,2.7799999713898,0.39,md,6,129,0.009805,0.01,nc,nc75425917,2026-08-27T14:12:23.798Z,"2 km ESE of The Geysers, CA",earthquake,0.65,1.07000005,0.21,7,automatic,nc,nc
2026-08-27T12:44:13.334Z,61.653,-146.524,37.1,1.4,ml,22,49,0.3,0.9,ak,aka2026qyorwy,2026-08-27T22:22:26.058Z,"39 km SSE of Nelchina, Alaska",earthquake,3.8,3.6138,0.1,13,reviewed,ak,ak
2026-08-27T12:40:14.880Z,33.648,-116.92433333333,12.68,1.1,ml,59,29,0.03898,0.18,ci,ci41537496,2026-08-27T13:36:02.710Z,"11 km SSW of Valle Vista, CA",earthquake,0.15,0.34,0.233426938441,27,reviewed,ci,ci
2026-08-27T12:39:34.094Z,61.69,-150.562,68.7,1.6,ml,34,44,0.2,0.4,ak,aka2026qyonwb,2026-08-27T22:18:41.622Z,"16 km N of Susitna, Alaska",earthquake,2.8,3.365,0.2,25,reviewed,ak,ak
2026-08-27T12:37:02.022Z,60.765,-152.369,93.3,1.6,ml,15,101,0.2,0.9,ak,aka2026qyolnh,2026-08-27T22:14:15.390Z,"59 km W of Nikiski, Alaska",earthquake,7.4,4.6232,0.4,11,reviewed,ak,ak
2026-08-27T12:32:34.205Z,55.918,-157.706,4.7,2,ml,16,254,0.6,0.6,ak,aka2026qyohuk,2026-08-27T22:12:07.607Z,"60 km SE of Chignik, Alaska",earthquake,7.8,4.9026,0.2,12,reviewed,ak,ak
2026-08-27T12:26:47.080Z,38.512,-112.89016666667,2.91,1.4,ml,22,48,0.006343,0.08,uu,uu80150646,2026-08-27T17:44:38.540Z,"16 km NE of Milford, Utah",earthquake,0.22,0.26,0.020623072172013,2,reviewed,uu,uu
2026-08-27T12:21:14.430Z,38.798831939697,-122.9803314209,4.4200000762939,1.52,md,25,79,0.04,0.04,nc,nc75425902,2026-08-27T13:17:26.438Z,"3 km ESE of Cloverdale, CA",earthquake,0.28,0.699999988,0.22,25,automatic,nc,nc
2026-08-27T12:21:11.155Z,51.523,-175.124,26.1,2.5,ml,11,241,0.7,0.4,ak,aka2026qynxwz,2026-08-27T22:09:40.642Z,"98 km SW of Atka, Alaska",earthquake,17.6,6.9267,0.1,10,reviewed,ak,ak
2026-08-27T12:20:54.771Z,60.945,-149.713,36.3,1.4,ml,27,75,0.1,0.8,ak,aka2026qynxro,2026-08-27T21:59:46.919Z,"5 km NW of Hope, Alaska",earthquake,3.4,3.0806,0.1,18,reviewed,ak,ak
2026-08-27T12:18:02.571Z,60.283,-150.791,52.5,1.5,ml,26,73,0.4,0.5,ak,aka2026qynveu,2026-08-27T21:56:42.300Z,"24 km S of Funny River, Alaska",earthquake,3.6,5.2347,0.2,19,reviewed,ak,ak
2026-08-27T12:17:26.186Z,-19.7789,173.3354,10,4.5,mb,17,113,4.906,0.74,us,us7000tcxk,2026-08-30T08:58:47.040Z,Vanuatu region,earthquake,13.72,1.91,0.164,11,reviewed,us,us
2026-08-27T12:16:16.620Z,19.168832778931,-155.48500061035,28.729999542236,1.83,md,35,158,0.08022,0.140000001,hv,hv75024827,2026-08-27T12:20:01.920Z,"3 km S of Pāhala, Hawaii",earthquake,0.88,1.05999994,0.14122965924055,14,automatic,hv,hv
2026-08-27T12:13:40.080Z,38.813167572021,-122.81216430664,3.9800000190735,0.49,md,7,146,0.01397,0.01,nc,nc75425897,2026-08-27T12:47:25.242Z,"6 km NW of The Geysers, CA",earthquake,1.13,1.75999999,0.34,8,automatic,nc,nc
2026-08-27T12:04:26.920Z,56.726333333333,-158.44833333333,11.38,0.19,ml,5,331,0.1184,0.24,av,av93066314,2026-08-28T00:46:57.620Z,"46 km N of Chignik Lagoon, Alaska",earthquake,2.41,1.9,0.23452168001373,5,reviewed,av,av
2026-08-27T11:59:10.260Z,33.886,-116.857,15.26,0.97,ml,50,29,0.07208,0.15,ci,ci41537488,2026-08-27T13:37:08.250Z,"5 km SSE of Banning, CA",earthquake,0.14,0.38,0.20466340973928,27,reviewed,ci,ci
2026-08-27T11:58:04.530Z,38.516833333333,-112.88866666667,1.95,1.12,md,14,69,0.009827,0.07,uu,uu80150641,2026-08-27T14:06:32.920Z,"17 km NE of Milford, Utah",earthquake,0.25,0.37,0.47206989715303,8,reviewed,uu,uu
2026-08-27T11:47:16.381Z,-26.0744,70.7736,10,4.9,mb,31,89,27.393,0.58,us,us7000tc95,2026-08-27T12:05:26.040Z,Indian Ocean Triple Junction,earthquake,8.78,1.854,0.11,26,reviewed,us,us
2026-08-27T11:43:06.210Z,19.18,-155.48883333333,31.39,1.69,ml,45,87,0.03516,0.12,hv,hv75024802,2026-08-28T03:00:58.360Z,"2 km SSW of Pāhala, Hawaii",earthquake,0.48,0.58,0.18120135522787,10,reviewed,hv,hv
2026-08-27T11:40:32.586Z,62.345,-150.035,11.3,1.7,ml,32,57,0.1,0.9,ak,aka2026qymorf,2026-08-27T21:54:06.278Z,"4 km ENE of Talkeetna, Alaska",earthquake,2.3,1.556,0.1,22,reviewed,ak,ak
2026-08-27T11:38:05.606Z,59.896,-153.312,137.6,1.6,ml,38,70,0.1,0.5,ak,aka2026qymmjc,2026-08-27T21:50:28.381Z,"46 km ENE of Pedro Bay, Alaska",earthquake,5.1,2.5612,0.4,25,reviewed,ak,ak
2026-08-27T11:31:53.135Z,60.134,-153.004,132,1.6,ml,38,73,0.1,0.6,ak,aka2026qymheu,2026-08-27T21:46:54.577Z,"72 km ENE of Pedro Bay, Alaska",earthquake,4.5,2.6047,0.5,29,reviewed,ak,ak
2026-08-27T11:27:33.870Z,38.510166666667,-112.8875,2.14,1.11,md,11,140,0.006242,0.05,uu,uu80150636,2026-08-27T17:39:46.410Z,"16 km NE of Milford, Utah",earthquake,0.3,0.31,0.16267474750227,3,reviewed,uu,uu
2026-08-27T11:25:53.206Z,31.792,-103.739,7.2662,1.3,ml,14,63,0.1,0.1,tx,tx2026qvtomm,2026-08-27T15:39:30.742Z,"16 km NW of Mentone, Texas",earthquake,0.39982156559837,0.77973488173854,0.2,18,reviewed,tx,tx
2026-08-27T11:23:19.343Z,59.242,-153.206,84.7,1.6,ml,27,73,0.1,0.5,ak,aka2026qylzsk,2026-08-27T21:45:03.065Z,"74 km W of Nanwalek, Alaska",earthquake,4.5,3.6969,0.1,19,reviewed,ak,ak
2026-08-27T11:16:24.490Z,19.205333333333,-155.47716666667,35.03,2.21,ml,53,88,0.04752,0.13,hv,hv75024767,2026-08-27T18:28:39.430Z,"0 km NNE of Pāhala, Hawaii",earthquake,0.41,0.46,0.26904968144283,20,reviewed,hv,hv
2026-08-27T11:10:50.400Z,32.622333333333,-115.557,5.8,1.82,ml,33,70,0.07193,0.25,ci,ci41537480,2026-08-27T15:04:17.659Z,"5 km NNE of Progreso, B.C., MX",earthquake,0.29,0.59,0.20271134885663,33,reviewed,ci,ci
2026-08-27T11:07:34.911Z,53.729,-164.835,54.7,2,ml,14,261,0.6,0.4,ak,aka2026qylmct,2026-08-27T21:42:24.878Z,"76 km SE of Akutan, Alaska",earthquake,34.8,26.0943,0.1,12,reviewed,ak,ak
2026-08-27T11:05:22.610Z,58.1815,-155.29383333333,2.17,-0.31,ml,11,96,0.03433,0.3,av,av94405843,2026-08-27T20:55:15.540Z,"84 km NW of Karluk, Alaska",earthquake,0.55,1.09,0.26602028793481,11,reviewed,av,av
2026-08-27T10:57:57.780Z,35.711666666667,-117.51033333333,6.96,0.47,ml,21,61,0.08444,0.14,ci,ci41537472,2026-08-27T13:36:06.232Z,"11 km WSW of Searles Valley, CA",earthquake,0.24,0.56,0.055362493591974,7,reviewed,ci,ci
2026-08-27T10:55:57.166Z,54.08,-162.482,2.4,2.9,ml,41,223,0.9,0.5,ak,aka2026qylbzs,2026-08-27T21:40:22.099Z,"105 km SE of False Pass, Alaska",earthquake,5.4,2.8152,0.1,35,reviewed,ak,ak
2026-08-27T10:54:10.020Z,38.509666666667,-112.88883333333,2.04,1.5,ml,25,48,0.007149,0.06,uu,uu80150621,2026-08-27T17:20:52.310Z,"16 km NE of Milford, Utah",earthquake,0.2,0.22,0.20360987809922,3,reviewed,uu,uu
2026-08-27T10:53:31.470Z,39.57816696167,-120.02633666992,6.9800000190735,1.92,md,11,82,0.05817,0.06,nc,nc75425892,2026-08-29T00:47:44.720Z,"9 km NW of Verdi-Mogul, NV",earthquake,0.39,0.860000014,0.28,7,automatic,nc,nc
2026-08-27T10:53:18.800Z,38.794834136963,-122.76349639893,1.6200000047684,0.81,md,9,93,0.006495,0.01,nc,nc75425887,2026-08-27T11:32:23.761Z,"2 km NNW of The Geysers, CA",earthquake,0.34,0.75,0.12,10,automatic,nc,nc
2026-08-27T10:43:33.660Z,53.895833333333,-166.63333333333,9.17,1.01,ml,15,154,0.03354,0.25,av,av94405813,2026-08-27T20:49:44.170Z,"6 km W of Dutch Harbor, Alaska",earthquake,0.71,0.72,0.28176832821015,15,reviewed,av,av
2026-08-27T10:42:43.441Z,67.558,-160.531,5,1.8,ml,10,70,0.1,0.8,ak,aka2026qykqnz,2026-08-28T01:00:59.479Z,"65 km N of Kiana, Alaska",earthquake,4.9,0,0.2,6,reviewed,ak,ak
2026-08-27T10:33:24.325Z,-8.0324,120.0539,10,5.3,mb,64,44,3.013,1.17,us,us7000tc8j,2026-08-27T10:48:42.040Z,"54 km NNE of Labuan Bajo, Indonesia",earthquake,7.37,1.858,0.079,53,reviewed,us,us
2026-08-27T10:25:09.929Z,64.567,-153.444,11.3,1.5,ml,13,78,0.5,0.9,ak,aka2026qykbie,2026-08-28T00:57:16.919Z,"93 km SW of Tanana, Alaska",earthquake,3.5,3.0293,0.1,6,reviewed,ak,ak
2026-08-27T10:22:26.520Z,51.37,-177.406,37,2.3,ml,13,232,0.4,0.2,ak,aka2026qyjyyt,2026-08-27T21:38:08.133Z,"77 km SW of Adak, Alaska",earthquake,13.7,6.1523,0.2,11,reviewed,ak,ak
2026-08-27T10:14:51.444Z,52.61,-168.868,29.2,2.2,ml,15,240,0.4,0.4,ak,aka2026qyjsjc,2026-08-27T21:33:17.742Z,"36 km S of Nikolski, Alaska",earthquake,15.5,5.6329,0.1,12,reviewed,ak,ak
2026-08-27T10:07:39.270Z,52.009,-176.15516666667,7.49,0.73,ml,5,269,0.003275,0.27,av,av93066309,2026-08-27T20:42:42.750Z,"36 km ENE of Adak, Alaska",earthquake,1.25,1.62,0.24311570265272,5,reviewed,av,av
2026-08-27T10:07:03.435Z,53.753,-163.67,11.7,2.3,ml,25,237,0.9,0.5,ak,aka2026qyjlqa,2026-08-27T21:31:02.307Z,"123 km S of False Pass, Alaska",earthquake,6.6,4.1649,0.1,19,reviewed,ak,ak
2026-08-27T10:06:51.790Z,38.5105,-112.887,2.36,0.85,md,12,144,0.005735,0.06,uu,uu80150606,2026-08-27T17:13:21.440Z,"16 km NE of Milford, Utah",earthquake,0.25,0.29,0.51850495393118,6,reviewed,uu,uu
2026-08-27T10:05:03.286Z,60.021,-150.512,35.6,3.4,ml,208,98,0.3,1.2,ak,aka2026qyjins,2026-08-27T17:37:14.105Z,"30 km NE of Fox River, Alaska",earthquake,1.9,2.367,0.2,93,automatic,ak,ak
2026-08-27T10:00:12.940Z,38.511666666667,-112.8875,2.15,1.28,md,19,67,0.005621,0.07,uu,uu80150601,2026-08-27T13:14:02.880Z,"16 km NE of Milford, Utah",earthquake,0.22,0.26,0.2902993426262,8,reviewed,uu,uu
2026-08-27T09:33:59.785Z,51.4769,160.2665,10,4.5,mb,18,214,2.271,1.23,us,us7000tc8e,2026-08-27T10:59:19.040Z,"205 km SE of Vilyuchinsk, Russia",earthquake,7.91,1.964,0.135,16,reviewed,us,us
2026-08-27T09:19:50.590Z,34.098666666667,-116.7595,10.05,0.68,ml,44,36,0.07497,0.1,ci,ci41537464,2026-08-27T13:42:49.410Z,"17 km WNW of Morongo Valley, CA",earthquake,0.1,0.23,0.10944044541208,18,reviewed,ci,ci
2026-08-27T09:18:14.062Z,32.038,-102.255,7.959,1.5,ml,27,46,0,0.1,tx,tx2026qvping,2026-08-27T16:02:24.740Z,"11 km E of Gardendale, Texas",earthquake,0.49029685843778,0.59112662102652,0.1,7,reviewed,tx,tx
2026-08-27T09:16:11.900Z,60.050333333333,-153.04166666667,1.08,-0.76,ml,4,218,0.01306,0.1,av,av94405718,2026-08-27T20:32:13.190Z,"66 km ENE of Pedro Bay, Alaska",earthquake,1.02,0.31,0.33805444545949,4,reviewed,av,av
2026-08-27T09:15:25.620Z,36.7795,-97.23416667,6.27,0.53,ml,27,128,0.02429523245,0.24,ok,ok2026qtob,2026-08-28T12:59:05.419Z,"5 km ESE of Blackwell, Oklahoma",earthquake,,0.6,0.2,13,reviewed,ok,ok
2026-08-27T09:10:05.030Z,47.78,-114.23683333333,3.28,0.86,ml,6,123,0.0454,0.02,mb,mb90206268,2026-08-28T14:41:17.800Z,"3 km S of Lindisfarne, Montana",earthquake,0.38,0.29,0.068794217475751,3,reviewed,mb,mb
2026-08-27T09:04:02.460Z,19.553333282471,-155.7791595459,29.059999465942,1.71,md,6,256,0.08702,0.159999996,hv,hv75024712,2026-08-27T09:07:37.520Z,"14 km NE of Honaunau-Napoopoo, Hawaii",earthquake,3.13,1.53999996,0.098416093528699,11,automatic,hv,hv
2026-08-27T08:57:49.184Z,57.337,-155.143,62.9,1.5,ml,10,237,0.4,0.3,ak,aka2026qyhdoz,2026-08-27T21:28:00.820Z,"48 km WSW of Karluk, Alaska",earthquake,9.8,7.162,0.1,6,reviewed,ak,ak
2026-08-27T08:49:34.130Z,38.512166666667,-112.89366666667,2.11,1.19,md,20,90,0.003872,0.07,uu,uu80150596,2026-08-27T17:10:29.350Z,"16 km NE of Milford, Utah",earthquake,0.27,0.28,0.25534460770386,10,reviewed,uu,uu
2026-08-27T08:43:28.582Z,31.678,-104.346,1.9086,1.6,ml,13,74,0.1,0.1,tx,tx2026qvoeos,2026-08-27T14:43:07.431Z,"55 km S of Whites City, New Mexico",earthquake,0.59731199800525,0.69458241800028,0.1,11,reviewed,tx,tx
2026-08-27T08:40:50.040Z,36.063833333333,-117.829,2.76,0.78,ml,21,49,0.05758,0.13,ci,ci41537456,2026-08-27T13:36:54.665Z,"11 km E of Coso Junction, CA",earthquake,0.17,0.56,0.21851705362564,12,reviewed,ci,ci
2026-08-27T08:31:06.880Z,38.510833333333,-112.89233333333,2.02,0.73,md,13,157,0.004428,0.05,uu,uu80150576,2026-08-27T17:03:09.520Z,"16 km NE of Milford, Utah",earthquake,0.32,0.29,0.30416565405008,6,reviewed,uu,uu
2026-08-27T08:22:49.283Z,62.557,-150.742,75.3,2.8,ml,118,17,0,0.9,ak,aka2026qyfxsi,2026-08-27T21:26:08.345Z,"6 km N of Petersville, Alaska",earthquake,1.9,2.2909,0.2,84,reviewed,ak,ak
2026-08-27T08:16:31.927Z,56.714,-156.208,64.5,2,ml,22,112,0.9,0.5,ak,aka2026qyfttc,2026-08-27T21:18:42.608Z,"114 km SE of Ugashik, Alaska",earthquake,5.6,8.8351,0.1,17,reviewed,ak,ak
2026-08-27T08:13:48.490Z,56.384,-156.963,28.6,2.2,ml,21,130,0.8,0.4,ak,aka2026qyfrjh,2026-08-27T21:16:04.286Z,"89 km E of Chignik, Alaska",earthquake,5.6,4.2082,0.1,16,reviewed,ak,ak
2026-08-27T08:08:33.560Z,48.676333333333,-122.00083333333,-0.39,1.82,ml,13,76,0.1063,0.18,uw,uw714088092,2026-08-28T18:35:43.960Z,"15 km ESE of Acme, Washington",earthquake,0.35,0.98,0.098228071691614,10,reviewed,uw,uw
2026-08-27T08:08:30.140Z,37.517833709717,-121.82050323486,5.9800000190735,1.61,md,22,79,0.02887,0.05,nc,nc75425877,2026-08-27T10:07:23.187Z,"11 km SSE of Sunol, CA",earthquake,0.21,0.439999998,0.12,18,automatic,nc,nc
2026-08-27T08:07:08.181Z,32.259,-101.946,8.3252,0.8,ml,19,95,0,0.1,tx,tx2026qvmzfk,2026-08-27T16:11:29.022Z,"20 km NW of Stanton, Texas",earthquake,0.61583639181764,1.0583989713882,0.2,15,reviewed,tx,tx
2026-08-27T07:57:38.995Z,32.105,-101.913,9.6924,1.2,ml,19,63,0.1,0.1,tx,tx2026qvmrbq,2026-08-27T16:07:57.705Z,"12 km WSW of Stanton, Texas",earthquake,0.65837270823599,0.75377671359325,0.2,6,reviewed,tx,tx
2026-08-27T07:54:56.056Z,52.003,-172.262,27,3.9,ml,44,204,1.2,0.7,ak,aka2026qyfbjt,2026-08-27T21:15:31.850Z,"134 km E of Atka, Alaska",earthquake,21,11.3705,0.2,34,reviewed,ak,ak
2026-08-27T07:53:16.410Z,38.757331848145,-122.7251663208,2.4800000190735,1.54,md,22,70,0.004262,0.05,nc,nc75425872,2026-08-27T09:42:20.030Z,"3 km SW of Anderson Springs, CA",earthquake,0.3,0.439999998,0.15,23,automatic,nc,nc
2026-08-27T07:49:21.670Z,53.900833333333,-166.635,9.07,1.16,ml,16,152,0.03493,0.26,av,av94405638,2026-08-27T20:24:11.690Z,"6 km WNW of Dutch Harbor, Alaska",earthquake,0.71,0.74,0.22635363541929,16,reviewed,av,av
2026-08-27T07:42:47.240Z,33.621333333333,-118.35016666667,14.93,1.43,ml,33,142,0.1025,0.17,ci,ci41537448,2026-08-27T15:20:48.068Z,"14 km SSW of San Pedro, CA",earthquake,0.26,0.4,0.18549255449203,29,reviewed,ci,ci
2026-08-27T07:41:50.500Z,35.7735,-117.58183333333,6.28,0.42,ml,14,113,0.04403,0.16,ci,ci41537440,2026-08-27T13:37:26.490Z,"16 km W of Searles Valley, CA",earthquake,0.34,0.64,0.119908452102,8,reviewed,ci,ci
2026-08-27T07:23:52.888Z,59.943,-140.806,10.8,1.6,ml,17,154,0.4,0.9,ak,aka2026qyeaeu,2026-08-27T21:10:29.757Z,"75 km NW of Yakutat, Alaska",earthquake,8.3,3.1734,0.1,13,reviewed,ak,ak
2026-08-27T07:21:57.060Z,19.173334121704,-155.50050354004,30.909999847412,1.81,md,36,104,0.04043,0.200000003,hv,hv75024667,2026-08-27T07:25:26.920Z,"4 km SW of Pāhala, Hawaii",earthquake,0.72,1.16999996,0.15658735673044,14,automatic,hv,hv
2026-08-27T07:18:07.810Z,38.5165,-112.89133333333,3.15,0.92,md,12,172,0.008141,0.06,uu,uu80150566,2026-08-27T16:59:36.130Z,"16 km NE of Milford, Utah",earthquake,0.4,0.38,0.43917722717379,5,reviewed,uu,uu
2026-08-27T07:17:58.770Z,46.776166666667,-121.901,6.26,0.11,md,17,122,0.01159,0.1,uw,uw714088082,2026-08-28T18:23:55.420Z,"10 km E of Ashford, Washington",earthquake,0.27,0.34,0.34000428274406,15,reviewed,uw,uw
2026-08-27T07:15:29.110Z,47.711833333333,-123.64083333333,21.97,1.77,ml,24,81,0.2301,0.14,uw,uw714088072,2026-08-27T18:21:35.280Z,"34 km NE of Amanda Park, Washington",earthquake,0.37,2.17,0.080476618881238,6,reviewed,uw,uw
2026-08-27T07:10:58.270Z,38.817001342773,-122.82166290283,1.4700000286102,0.73,md,6,181,0.01108,0.02,nc,nc75425867,2026-08-27T07:57:21.323Z,"7 km NW of The Geysers, CA",earthquake,0.7,1.64999998,0.29,9,automatic,nc,nc
2026-08-27T07:05:04.956Z,57.29,-154.907,48.6,1.8,ml,17,189,0.4,0.4,ak,aka2026qydjxq,2026-08-27T21:08:17.851Z,"41 km SW of Karluk, Alaska",earthquake,6.4,7.2398,0.2,13,reviewed,ak,ak
2026-08-27T07:01:38.310Z,33.646333333333,-116.73216666667,13.8,0.72,ml,45,53,0.05364,0.14,ci,ci41537432,2026-08-27T13:38:17.480Z,"10 km S of Idyllwild, CA",earthquake,0.15,0.27,0.1305458892587,23,reviewed,ci,ci
2026-08-27T06:52:10.770Z,19.384,-154.88866666667,-0.22,1.78,ml,38,247,0.07669,0.19,hv,hv75024647,2026-08-27T19:09:48.250Z,"9 km SSE of Leilani Estates, Hawaii",earthquake,1.4,0.49,0.12498424622886,14,reviewed,hv,hv
2026-08-27T06:50:54.790Z,33.622166666667,-118.34733333333,14.79,1.48,ml,39,125,0.1007,0.22,ci,ci41537424,2026-08-27T15:13:30.168Z,"14 km SSW of San Pedro, CA",earthquake,0.28,0.53,0.14974658927037,36,reviewed,ci,ci
2026-08-27T06:48:22.729Z,31.988,-102.37,8.96,1.1,ml,19,88,0,0.2,tx,tx2026qvkjjs,2026-08-27T16:32:34.680Z,"3 km SSE of Gardendale, Texas",earthquake,0.98459532174294,1.909538007324,0.1,7,reviewed,tx,tx
2026-08-27T06:40:35.380Z,33.572333333333,-116.805,5.52,0.32,ml,20,55,0.04024,0.16,ci,ci41537416,2026-08-27T13:37:45.304Z,"12 km W of Anza, CA",earthquake,0.25,0.61,0.12286898185187,8,reviewed,ci,ci
2026-08-27T06:38:22.622Z,63.665,-147.606,85.6,1.6,ml,27,58,0.6,0.6,ak,aka2026qycmrx,2026-08-27T21:05:58.975Z,"65 km E of Denali Park, Alaska",earthquake,3.3,3.9547,0.1,19,reviewed,ak,ak
2026-08-27T06:36:43.660Z,33.644833333333,-116.732,13.89,0.85,ml,45,53,0.05416,0.14,ci,ci41537408,2026-08-27T13:38:22.260Z,"11 km S of Idyllwild, CA",earthquake,0.14,0.26,0.15850699619829,25,reviewed,ci,ci
2026-08-27T06:36:26.210Z,38.838001251221,-122.83567047119,1.4700000286102,0.67,md,8,187,0.0006041,0.01,nc,nc75425852,2026-08-27T08:47:26.663Z,"10 km NW of The Geysers, CA",earthquake,0.64,0.74000001,0.39,8,automatic,nc,nc
2026-08-27T06:35:13.240Z,33.644833333333,-116.73283333333,13.51,0.83,ml,49,37,0.05478,0.14,ci,ci41537400,2026-08-27T13:38:12.570Z,"11 km S of Idyllwild, CA",earthquake,0.14,0.26,0.14988309046824,25,reviewed,ci,ci
2026-08-27T06:34:41.934Z,61.552,-146.392,22.5,1.6,ml,33,54,0.2,0.9,ak,aka2026qycjmk,2026-08-27T21:03:56.028Z,"46 km N of Valdez, Alaska",earthquake,2.6,2.1161,0.2,22,reviewed,ak,ak
2026-08-27T06:32:23.900Z,33.642833333333,-116.73766666667,13.83,1.45,ml,78,28,0.05375,0.17,ci,ci41537392,2026-08-27T13:39:32.000Z,"11 km S of Idyllwild, CA",earthquake,0.12,0.21,0.15706424026316,27,reviewed,ci,ci
2026-08-27T06:27:41.380Z,33.648333333333,-116.732,14.97,0.26,ml,8,166,0.0527,0.13,ci,ci10250894,2026-08-27T19:36:21.540Z,"10 km S of Idyllwild, CA",earthquake,0.63,0.94,0.23034310815272,2,reviewed,ci,ci
2026-08-27T06:27:34.530Z,33.648,-116.73183333333,14.34,0.56,ml,33,54,0.0527,0.14,ci,ci41537384,2026-08-27T19:33:51.173Z,"10 km S of Idyllwild, CA",earthquake,0.18,0.31,0.13086777173693,11,reviewed,ci,ci
2026-08-27T06:24:34.480Z,38.510833333333,-112.8895,2.63,1.18,md,9,153,0.006636,0.06,uu,uu80150551,2026-08-27T16:52:31.490Z,"16 km NE of Milford, Utah",earthquake,0.43,0.42,0.27923784855671,3,reviewed,uu,uu
2026-08-27T06:22:40.960Z,33.6515,-116.72133333333,14.47,0.07,ml,7,96,0.04328,0.08,ci,ci10250878,2026-08-27T19:04:03.176Z,"10 km S of Idyllwild, CA",earthquake,0.42,0.8,0.037368188508475,1,reviewed,ci,ci
2026-08-27T06:22:31.030Z,34.083333333333,-117.303,7.46,0.71,ml,30,54,0.02762,0.14,ci,ci41537376,2026-08-27T19:00:59.520Z,"1 km NE of Colton, CA",earthquake,0.18,0.4,0.13409969598477,16,reviewed,ci,ci
2026-08-27T06:22:12.580Z,59.363833333333,-153.42916666667,-0.69,-0.3,ml,4,192,0.008051,0.06,av,av94405563,2026-08-27T20:08:41.810Z,"60 km SE of Pedro Bay, Alaska",earthquake,0.17,0.23,0.28480181806152,4,reviewed,av,av
2026-08-27T06:15:38.279Z,60.423,-152.929,134.1,1.5,ml,27,79,0.1,0.5,ak,aka2026qybsym,2026-08-27T20:46:46.105Z,"80 km ENE of Port Alsworth, Alaska",earthquake,5.7,3.3992,0.3,20,reviewed,ak,ak
2026-08-27T06:15:23.293Z,31.643,-104.44,7.6636,1.9,ml,24,73,0,0.3,tx,tx2026qvjgza,2026-08-27T13:41:29.702Z,"59 km S of Whites City, New Mexico",earthquake,1.1848829708158,0.79569107948431,0.1,18,reviewed,tx,tx
2026-08-27T06:14:17.920Z,38.518166666667,-112.88966666667,2.57,1.21,ml,23,45,0.008523,0.07,uu,uu80150546,2026-08-27T15:12:25.990Z,"17 km NE of Milford, Utah",earthquake,0.19,0.29,0.026606478107234,2,reviewed,uu,uu
2026-08-27T06:12:41.676Z,62.559,-152.695,3.1,1.9,ml,19,92,0.4,0.6,ak,aka2026qybqkn,2026-08-27T20:44:01.231Z,"92 km NW of Skwentna, Alaska",earthquake,4.4,3.2373,0.1,14,reviewed,ak,ak
2026-08-27T06:08:38.360Z,33.649,-116.73,14.07,0.58,ml,33,54,0.0509,0.14,ci,ci41537368,2026-08-27T13:38:35.626Z,"10 km S of Idyllwild, CA",earthquake,0.18,0.32,0.14180919753131,12,reviewed,ci,ci
2026-08-27T06:07:59.900Z,33.643333333333,-116.73666666667,13.56,1.21,ml,68,30,0.05455,0.19,ci,ci41537360,2026-08-27T13:39:26.820Z,"11 km S of Idyllwild, CA",earthquake,0.15,0.26,0.13385264872079,26,reviewed,ci,ci
2026-08-27T06:07:52.560Z,33.6465,-116.73133333333,13.47,0.81,ml,26,54,0.05293,0.09,ci,ci41537352,2026-08-27T13:38:39.650Z,"10 km S of Idyllwild, CA",earthquake,0.16,0.29,0.18837380893272,11,reviewed,ci,ci
2026-08-27T06:07:30.960Z,48.6125,-123.0945,10.74,1.01,ml,12,147,0.02111,0.05,uw,uw714088062,2026-08-28T18:12:37.560Z,"10 km NNW of Friday Harbor, Washington",earthquake,0.3,0.32,0.12026054034972,2,reviewed,uw,uw
2026-08-27T06:06:31.851Z,32.006,-102.354,5.4772,0.8,ml,7,121,0.1,0.4,tx,tx2026qvizda,2026-08-27T06:09:33.864Z,"2 km ESE of Gardendale, Texas",earthquake,0,5.2485809326172,0.5,7,automatic,tx,tx
2026-08-27T06:02:15.010Z,19.892,-155.5695,-2.11,2.46,ml,29,185,0.08988,0.36,hv,hv75024632,2026-08-27T19:17:50.000Z,"18 km SE of Waimea, Hawaii",earthquake,0.92,0.32,0.16253023106293,8,reviewed,hv,hv
2026-08-27T05:53:12.896Z,-22.9043,-66.1304,259.717,4.3,mb,18,135,1.889,0.87,us,us7000tc7m,2026-08-27T09:20:44.040Z,"48 km WSW of Abra Pampa, Argentina",earthquake,11.4,14.182,0.188,8,reviewed,us,us
2026-08-27T05:46:48.094Z,63.228,-152.255,1.1,1.7,ml,20,38,0.2,0.6,ak,aka2026qyatyv,2026-08-28T00:54:40.810Z,"43 km SW of Denali National Park, Alaska",earthquake,2.9,2.17,0.1,14,reviewed,ak,ak
2026-08-27T05:44:26.043Z,24.2906,142.7624,10,5.3,mb,74,96,9.449,0.86,us,us7000tc7l,2026-08-27T06:00:50.040Z,"Volcano Islands, Japan region",earthquake,10.78,1.855,0.035,276,reviewed,us,us
2026-08-27T05:40:41.370Z,61.729,-150.276,7.4,1.7,ml,31,49,0.3,0.7,ak,aka2026qyaoqu,2026-08-27T20:17:47.103Z,"12 km W of Willow, Alaska",earthquake,2.4,2.1221,0.2,25,reviewed,ak,ak
2026-08-27T05:37:20.116Z,57.078,-156.74,2.3,2,ml,23,125,0.6,0.6,ak,aka2026qyalto,2026-08-27T20:15:43.117Z,"62 km SE of Ugashik, Alaska",earthquake,4.9,2.9965,0.1,18,reviewed,ak,ak
2026-08-27T05:33:03.520Z,53.389166666667,-168.23516666667,4.17,0.74,ml,7,265,0.05479,0.14,av,av94405503,2026-08-27T20:02:40.470Z,"65 km NE of Nikolski, Alaska",earthquake,0.77,1.78,0.27077601558178,7,reviewed,av,av
2026-08-27T05:32:34.518Z,28.911,-98.947,5.7799,1.3,ml,17,67,0.1,0.4,tx,tx2026qvhwcq,2026-08-27T13:18:53.014Z,"14 km E of North Pearsall, Texas",earthquake,2.5178376035938,1.6888553386965,0.1,6,reviewed,tx,tx
2026-08-27T05:29:34.640Z,46.047666666667,-122.42516666667,13.8,0.89,md,10,132,0.1153,0.11,uw,uw714088052,2026-08-27T20:19:20.760Z,"15 km N of Amboy, Washington",earthquake,0.41,1.2,0.29501230107856,8,reviewed,uw,uw
2026-08-27T05:16:59.780Z,38.799667358398,-122.81433105469,3.1500000953674,0.8,md,12,79,0.01434,0.02,nc,nc75425837,2026-08-27T07:27:22.129Z,"6 km WNW of The Geysers, CA",earthquake,0.37,0.930000007,0.3,13,automatic,nc,nc
2026-08-27T05:13:41.959Z,61.544,-146.462,23.4,1.7,ml,31,57,0.3,0.8,ak,aka2026qxzrgm,2026-08-27T20:13:32.612Z,"46 km N of Valdez, Alaska",earthquake,2.7,2.1839,0.1,24,reviewed,ak,ak
2026-08-27T05:11:29.354Z,52.264,-168.954,26.5,2.3,ml,9,284,0.7,0.3,ak,aka2026qxzphz,2026-08-27T20:11:34.710Z,"75 km S of Nikolski, Alaska",earthquake,13,6.7744,0.1,8,reviewed,ak,ak
2026-08-27T05:09:23.826Z,59.819,-152.498,87.3,2.6,ml,121,63,0.3,0.7,ak,aka2026qxznno,2026-08-27T20:09:28.865Z,"37 km W of Anchor Point, Alaska",earthquake,2.3,1.5946,0.2,89,reviewed,ak,ak
2026-08-27T05:00:24.760Z,38.81233215332,-122.81816864014,2.8800001144409,1.07,md,17,55,0.009271,0.03,nc,nc75425832,2026-08-27T05:42:22.455Z,"7 km NW of The Geysers, CA",earthquake,0.25,0.540000021,0.27,19,automatic,nc,nc
2026-08-27T04:55:32.431Z,51.578,178.644,72.8,2.8,ml,12,232,0.4,0.6,ak,aka2026qxzbmz,2026-08-27T19:52:21.965Z,"Rat Islands, Aleutian Islands, Alaska",earthquake,11.4,4.8435,0.2,10,reviewed,ak,ak
2026-08-27T04:54:19.780Z,36.062666666667,-117.83266666667,3.67,0.82,ml,22,58,0.05767,0.14,ci,ci41537344,2026-08-27T05:02:29.306Z,"11 km E of Coso Junction, CA",earthquake,0.19,0.34,0.24059731581791,11,reviewed,ci,ci
2026-08-27T04:52:44.850Z,38.81233215332,-122.81816864014,2.789999961853,0.94,md,20,54,0.009271,0.02,nc,nc75425827,2026-08-27T07:07:21.990Z,"7 km NW of The Geysers, CA",earthquake,0.27,0.460000008,0.21,22,automatic,nc,nc
2026-08-27T04:49:51.576Z,54.559,-160.113,5.7,2.5,ml,22,251,1.2,0.6,ak,aka2026qxywqw,2026-08-27T19:50:39.172Z,"89 km SSE of Sand Point, Alaska",earthquake,6.1,3.4819,0.1,18,reviewed,ak,ak
2026-08-27T04:49:12.780Z,35.715666666667,-117.5575,6.91,0.4,ml,17,68,0.105,0.14,ci,ci41537336,2026-08-27T05:03:01.095Z,"15 km NE of Ridgecrest, CA",earthquake,0.29,0.62,0.15151300446083,7,reviewed,ci,ci
2026-08-27T04:46:55.333Z,60.95,-152.31,118.6,1.7,ml,38,54,0.3,0.7,ak,aka2026qxyuas,2026-08-27T19:44:35.155Z,"62 km WNW of Nikiski, Alaska",earthquake,3.4,2.8109,0.3,30,reviewed,ak,ak
2026-08-27T04:43:01.423Z,52.355,-169.816,14.1,2.2,ml,10,296,0.4,0.5,ak,aka2026qxyqrj,2026-08-27T19:41:49.393Z,"91 km SW of Nikolski, Alaska",earthquake,9.8,4.0415,0.1,8,reviewed,ak,ak
2026-08-27T04:37:42.840Z,19.378999710083,-154.85583496094,2.0599999427795,1.74,ml,16,272,0.09653,0.150000006,hv,hv75024597,2026-08-27T04:41:27.660Z,"11 km SSE of Leilani Estates, Hawaii",earthquake,2.7,2.42000008,1.31,3,automatic,hv,hv
2026-08-27T04:34:10.530Z,33.517666666667,-116.73883333333,3.07,0.38,ml,31,37,0.04759,0.12,ci,ci41537328,2026-08-27T13:42:54.510Z,"7 km SW of Anza, CA",earthquake,0.13,0.4,0.067915480154217,7,reviewed,ci,ci
2026-08-27T04:31:50.080Z,38.793167114258,-122.9023361206,4.4099998474121,1.13,md,15,202,0.03274,0.02,nc,nc75425817,2026-08-27T06:32:21.755Z,"10 km E of Cloverdale, CA",earthquake,0.59,1.00999999,0.25,16,automatic,nc,nc
2026-08-27T04:29:56.610Z,33.516,-116.73683333333,4.43,0.36,ml,24,38,0.04924,0.17,ci,ci41537320,2026-08-27T13:42:12.668Z,"7 km SW of Anza, CA",earthquake,0.2,0.47,0.062727556245542,7,reviewed,ci,ci
2026-08-27T04:29:41.010Z,45.650833333333,-111.60933333333,3.51,1.89,ml,19,92,0.05573,0.16,mb,mb90206178,2026-08-27T15:06:24.350Z,"14 km ESE of Harrison, Montana",earthquake,0.31,0.51,0.19324574794392,19,reviewed,mb,mb
2026-08-27T04:29:34.869Z,32,-102.379,3.2959,0.5,ml,15,80,0,0.2,tx,tx2026qvftoy,2026-08-27T08:30:55.485Z,"2 km S of Gardendale, Texas",earthquake,1.4536859667018,2.2694625481407,0.1,8,reviewed,tx,tx
2026-08-27T04:29:28.080Z,38.787998199463,-122.90816497803,5.1100001335144,1.98,md,45,61,0.03849,0.05,nc,nc75425812,2026-08-27T06:07:22.608Z,"10 km ESE of Cloverdale, CA",earthquake,0.19,0.409999996,0.15,42,automatic,nc,nc
2026-08-27T04:28:09.220Z,33.414166666667,-116.60483333333,11.26,0.46,ml,31,37,0.07217,0.12,ci,ci41537312,2026-08-27T13:39:57.614Z,"15 km N of Warner Springs, CA",earthquake,0.17,0.37,0.11764246287162,10,reviewed,ci,ci
2026-08-27T04:19:08.168Z,-22.5672,-20.2977,10,5.1,mb,67,43,19.918,0.96,us,us7000tc56,2026-08-27T04:34:12.040Z,South Atlantic Ocean,earthquake,11.24,1.863,0.078,53,reviewed,us,us
2026-08-27T03:56:53.780Z,33.7875,-116.183,6.18,1.01,ml,42,69,0.03339,0.2,ci,ci41537304,2026-08-27T05:05:10.920Z,"8 km NNE of Indio, CA",earthquake,0.27,0.51,0.12770311073862,24,reviewed,ci,ci
2026-08-27T03:52:11.099Z,52.029,-169.661,4.5,2.4,ml,11,305,0.8,0.6,ak,aka2026qxwyst,2026-08-27T16:47:39.309Z,"114 km SSW of Nikolski, Alaska",earthquake,21.2,7.4723,0.1,8,reviewed,ak,ak
2026-08-27T03:49:35.572Z,57.074,-156.746,6,1.9,ml,22,126,0.6,0.3,ak,aka2026qxwwia,2026-08-27T16:46:08.589Z,"62 km SE of Ugashik, Alaska",earthquake,8.1,3.1363,0.2,16,reviewed,ak,ak
2026-08-27T03:47:39.010Z,34.821333333333,-118.89166666667,9.38,1.16,ml,35,40,0.02397,0.19,ci,ci41537296,2026-08-27T13:40:38.940Z,"3 km SW of Lebec, CA",earthquake,0.23,0.41,0.260272505816,31,reviewed,ci,ci
2026-08-27T03:47:02.509Z,35.23516667,-97.75816667,3.29,0.56,ml,17,81,0.003599293696,0.16,ok,ok2026qtdf,2026-08-28T12:44:39.789Z,"1 km W of Bridge Creek, Oklahoma",earthquake,,0.6,0.24,8,reviewed,ok,ok
2026-08-27T03:46:51.040Z,38.818832397461,-122.77033233643,0.31000000238419,0.95,md,10,91,0.009817,0.03,nc,nc75425802,2026-08-27T05:37:23.432Z,"4 km W of Cobb, CA",earthquake,0.3,0.610000014,0.21,10,automatic,nc,nc
2026-08-27T03:46:20.900Z,40.376333333333,-110.95733333333,1.6,1.58,ml,20,100,0.219,0.17,uu,uu80150531,2026-08-27T15:07:00.420Z,"21 km W of Tabiona, Utah",earthquake,0.41,31.61,0.049038944793353,2,reviewed,uu,uu
2026-08-27T03:42:09.589Z,35.89483333,-97.35733333,6.92,1.13,ml,69,34,0.06928640364,0.18,ok,ok2026qtdb,2026-08-27T12:02:59.553Z,"6 km ENE of Guthrie, Oklahoma",earthquake,,0.3,0.23,33,reviewed,ok,ok
2026-08-27T03:38:59.497Z,32.35,-102.051,6.8115,0.1,ml,19,58,0,0.2,tx,tx2026qvecek,2026-08-27T13:41:33.252Z,"34 km NW of Stanton, Texas",earthquake,0.66563926097992,1.0115733234986,0.2,10,reviewed,tx,tx
2026-08-27T03:36:18.220Z,32.141833333333,-115.77816666667,6.21,2.56,ml,27,51,0.1465,0.2,ci,ci41537288,2026-08-27T14:57:24.619Z,"52 km SSW of Progreso, B.C., MX",earthquake,0.27,1.68,0.20318379707834,64,reviewed,ci,ci
2026-08-27T03:33:44.320Z,33.504666666667,-116.448,4.84,0.82,ml,50,32,0.1292,0.18,ci,ci41537280,2026-08-27T13:40:14.956Z,"22 km ESE of Anza, CA",earthquake,0.16,0.56,0.15465110139936,21,reviewed,ci,ci
2026-08-27T03:27:35.100Z,38.833831787109,-122.81649780273,1.6000000238419,0.71,md,13,58,0.01157,0.03,nc,nc75425797,2026-08-27T05:12:24.274Z,"8 km NW of The Geysers, CA",earthquake,0.28,0.639999986,0.48,13,automatic,nc,nc
2026-08-27T03:18:35.010Z,54.555833333333,-164.66133333333,14.08,0.44,ml,4,128,0.04971,0.2,av,av93066299,2026-08-27T19:47:09.580Z,"86 km ENE of Akutan, Alaska",earthquake,1.18,1.69,0.65150831890212,4,reviewed,av,av
2026-08-27T03:17:28.531Z,60.603,-149.102,6.3,1.8,ml,33,74,0.5,0.7,ak,aka2026qxvumj,2026-08-27T16:42:56.474Z,"19 km NE of Moose Pass, Alaska",earthquake,2.3,1.6382,0.1,24,reviewed,ak,ak
2026-08-27T03:15:03.410Z,33.704333333333,-116.8165,15.58,0.79,ml,28,62,0.08558,0.13,ci,ci41537264,2026-08-27T13:40:18.948Z,"9 km SE of Valle Vista, CA",earthquake,0.25,0.42,0.20505436693861,16,reviewed,ci,ci
2026-08-27T03:11:20.670Z,37.988998413086,-122.07083129883,10.510000228882,1.16,md,6,175,0.05752,0.02,nc,nc75425787,2026-08-27T04:47:25.106Z,"1 km NNE of Pacheco, CA",earthquake,0.83,1.27999997,0.1,6,automatic,nc,nc
2026-08-27T03:04:06.430Z,60.018,-153.05283333333,3.09,-0.86,ml,5,102,0.01733,0.19,av,av94405368,2026-08-27T19:32:09.690Z,"64 km ENE of Pedro Bay, Alaska",earthquake,0.77,1.94,0.20633458864106,5,reviewed,av,av
2026-08-27T02:52:09.170Z,33.4405,-117.1185,14.45,0.97,ml,30,51,0.04697,0.15,ci,ci41537256,2026-08-27T18:45:48.414Z,"7 km SSE of Temecula, CA",earthquake,0.23,0.48,0.15318903853527,10,reviewed,ci,ci
2026-08-27T02:52:00.860Z,33.781333333333,-116.17083333333,7.16,0.89,ml,16,160,0.04494,0.13,ci,ci10250854,2026-08-27T18:51:23.833Z,"8 km NNE of Indio, CA",earthquake,0.37,0.51,0.15702839331597,17,reviewed,ci,ci
2026-08-27T02:49:50.389Z,57.102,-156.733,0.8,2.1,ml,32,122,0.6,0.5,ak,aka2026qxuwrm,2026-08-27T16:25:35.873Z,"60 km SE of Ugashik, Alaska",earthquake,4.9,2.5711,0.1,24,reviewed,ak,ak
2026-08-27T02:40:45.607Z,60.547,-140.004,17.8,1.5,ml,11,86,0.5,0.7,ak,aka2026qxuoqt,2026-08-27T15:51:09.818Z,"112 km N of Yakutat, Alaska",earthquake,5.7,3.9766,0.2,8,reviewed,ak,ak
2026-08-27T02:28:09.990Z,33.157333333333,-116.5255,5.77,0.47,ml,30,41,0.09723,0.2,ci,ci41537248,2026-08-27T13:40:34.117Z,"11 km NE of Julian, CA",earthquake,0.21,0.85,0.10555878063743,9,reviewed,ci,ci
2026-08-27T02:27:56.040Z,19.441333333333,-155.6035,48.79,1.79,ml,19,93,0.03284,0.19,hv,hv75024552,2026-08-29T00:31:06.150Z,"27 km E of Honaunau-Napoopoo, Hawaii",earthquake,0.8,0.67,0.32254562798435,13,reviewed,hv,hv
2026-08-27T02:25:21.590Z,38.812168121338,-122.82066345215,3.170000076294,0.79,md,15,56,0.007424,0.01,nc,nc75425772,2026-08-27T02:47:28.301Z,"7 km NW of The Geysers, CA",earthquake,0.31,0.709999979,0.16,15,automatic,nc,nc
2026-08-27T02:20:09.190Z,31.793,-103.74,7.8943,1.1,ml,14,57,0.1,0.1,tx,tx2026qvbmgo,2026-08-27T10:53:20.844Z,"16 km NW of Mentone, Texas",earthquake,0.5492745471707,1.1250825362116,0.2,5,reviewed,tx,tx
2026-08-27T02:19:03.600Z,34.0845,-117.29916666667,7.52,0.92,ml,38,38,0.02484,0.15,ci,ci41537240,2026-08-27T18:30:09.537Z,"2 km NE of Colton, CA",earthquake,0.16,0.39,0.1584995597878,19,reviewed,ci,ci
2026-08-27T02:13:31.860Z,37.60599899292,-122.47899627685,9.6099996566772,2.28,md,58,59,0.02683,0.08,nc,nc75425767,2026-08-27T15:44:14.469Z,"1 km SE of Pacifica, CA",earthquake,0.16,0.25,0.17,57,automatic,nc,nc
2026-08-27T02:11:49.446Z,57.04,-156.69,4.3,2,ml,26,169,0.6,0.5,ak,aka2026qxtppe,2026-08-27T15:49:59.892Z,"67 km SE of Ugashik, Alaska",earthquake,5.6,3.2967,0.1,20,reviewed,ak,ak
2026-08-27T02:10:57.370Z,18.0035,-66.7395,12.66,2.32,md,13,173,0.1327,0.08,pr,pr71530043,2026-08-27T10:36:00.180Z,"2 km WNW of Tallaboa, Puerto Rico",earthquake,0.43,0.33,0.1085811886921,8,reviewed,pr,pr
2026-08-27T02:10:50.305Z,57.05,-156.665,3.1,2,ml,20,169,0.6,0.5,ak,aka2026qxtosr,2026-08-27T15:45:42.146Z,"67 km SE of Ugashik, Alaska",earthquake,7.2,6.5165,0.1,24,reviewed,ak,ak
2026-08-27T02:09:55.020Z,19.4715,-155.45766666667,-0.18,1.85,ml,47,45,0.05803,0.14,hv,hv75024547,2026-08-27T19:33:22.220Z,"23 km W of Volcano, Hawaii",earthquake,0.22,0.42,0.28736745334208,31,reviewed,hv,hv
2026-08-27T02:04:20.206Z,32.423,-102.036,6.9092,0.2,ml,15,83,0,0.2,tx,tx2026qvayob,2026-08-27T11:54:42.311Z,"32 km WSW of Ackerly, Texas",earthquake,0.8736965259731,1.2326770496747,0.1,6,reviewed,tx,tx
2026-08-27T02:03:59.690Z,48.287833333333,-122.6135,24.2,1.58,ml,22,71,0.0132,0.11,uw,uw714088012,2026-08-28T17:35:12.410Z,"2 km ESE of Oak Harbor, Washington",earthquake,0.27,0.44,0.19579319935917,8,reviewed,uw,uw
2026-08-27T02:02:52.330Z,33.109166666667,-116.63416666667,16.04,0.98,ml,59,27,0.04165,0.2,ci,ci41537232,2026-08-27T13:41:44.210Z,"5 km NW of Julian, CA",earthquake,0.18,0.37,0.23057489478683,26,reviewed,ci,ci
2026-08-27T02:02:01.150Z,32.291,-101.852,5.3223,0.6,ml,39,32,0,0.2,tx,tx2026qvawne,2026-08-27T08:55:55.847Z,"18 km NNW of Stanton, Texas",earthquake,0.38051754345857,0.62090016629903,0.1,13,reviewed,tx,tx
2026-08-27T01:57:33.904Z,57.052,-156.723,1.9,1.7,ml,10,218,0.6,0.4,ak,aka2026qxtdfi,2026-08-27T15:40:40.594Z,"65 km SE of Ugashik, Alaska",earthquake,11.6,7.292,0.1,5,reviewed,ak,ak
2026-08-27T01:54:39.454Z,50.976,-173.131,14.9,2.8,ml,13,248,1.4,0.5,ak,aka2026qxtasy,2026-08-27T15:39:18.338Z,"154 km SSE of Atka, Alaska",earthquake,17.8,10.8496,0.1,11,reviewed,ak,ak
2026-08-27T01:49:36.573Z,31.607,-103.958,7.8943,1.6,ml,35,53,0,0.1,tx,tx2026qvalus,2026-08-27T08:03:10.705Z,"35 km WSW of Mentone, Texas",earthquake,0.42473777862575,0.40788119904888,0.1,18,reviewed,tx,tx
2026-08-27T01:47:21.643Z,31.616,-104.113,6.0999,1.8,ml,47,52,0,0.2,tx,tx2026qvajxf,2026-08-27T07:31:31.674Z,"45 km NW of Toyah, Texas",earthquake,0.48048522914592,0.3747833303626,0.1,24,reviewed,tx,tx
2026-08-27T01:42:52.337Z,32.855,-100.965,4.4434,0.5,ml,9,81,0,0.1,tx,tx2026qvagcn,2026-08-27T08:40:07.199Z,"15 km NNW of Snyder, Texas",earthquake,0.67550286500701,1.177626135782,0.2,7,reviewed,tx,tx
2026-08-27T01:41:37.010Z,19.191,-68.8455,10.5,3.44,md,6,194,0.3384,0.2,pr,pr71530033,2026-08-27T02:37:36.040Z,"31 km NE of Miches, Dominican Republic",earthquake,1.02,2.17,0.025175276597352,5,reviewed,pr,pr
2026-08-27T01:31:02.588Z,31.608,-103.958,7.8943,1.7,ml,39,48,0,0.2,tx,tx2026quztny,2026-08-27T07:45:30.606Z,"35 km WSW of Mentone, Texas",earthquake,0.45888304994359,0.42361905405912,0.2,20,reviewed,tx,tx
2026-08-27T01:30:09.380Z,47.960833333333,-114.11383333333,11.35,0.94,ml,9,154,0.1194,0.65,mb,mb90206253,2026-08-28T14:39:17.570Z,"6 km SW of Woods Bay, Montana",earthquake,1.65,6.14,0.41110608393673,4,reviewed,mb,mb
2026-08-27T01:24:13.770Z,37.840666666667,-113.26566666667,7.22,1.14,ml,6,259,0.148,0.11,uu,uu80150526,2026-08-27T13:47:34.700Z,"22 km WNW of Enoch, Utah",earthquake,1.48,3.22,0.095072794965917,4,reviewed,uu,uu
2026-08-27T01:20:13.220Z,47.965166666667,-114.22466666667,5.1,0.51,ml,5,148,0.1759,0.18,mb,mb90206248,2026-08-28T14:36:47.330Z,"6 km S of Lakeside, Montana",earthquake,0.9,31.61,0.24399168353752,3,reviewed,mb,mb
2026-08-27T01:18:18.440Z,38.825500488281,-122.83966827393,11.300000190735,0.78,md,8,220,0.004335,0.07,nc,nc75425732,2026-08-27T01:19:57.320Z,"9 km NW of The Geysers, CA",earthquake,2.05,9.18999958,0.12,10,automatic,nc,nc
2026-08-27T01:16:00.010Z,53.886,-166.93366666667,5.54,0.49,ml,8,195,0.06872,0.12,av,av94405233,2026-08-27T19:25:38.350Z,"25 km W of Dutch Harbor, Alaska",earthquake,0.43,0.66,0.33526447375598,8,reviewed,av,av
2026-08-27T01:12:40.691Z,66.018,-140.879,6,1.4,ml,7,216,0.5,0.4,ak,aka2026qxrqhc,2026-08-28T00:51:10.610Z,"137 km N of Eagle, Alaska",earthquake,15.6,4.5567,0.1,5,reviewed,ak,ak
2026-08-27T01:09:06.195Z,62.613,-150.594,76,2.4,ml,61,31,0.1,0.8,ak,aka2026qxrndc,2026-08-27T15:35:24.503Z,"15 km NE of Petersville, Alaska",earthquake,2.3,3.0814,0.2,42,reviewed,ak,ak
2026-08-27T01:07:18.809Z,32.314,-101.609,6.2744,0.1,ml,12,88,0,0.2,tx,tx2026quzbdm,2026-08-27T12:57:17.190Z,"14 km WNW of Big Spring, Texas",earthquake,1.0821913402127,1.1428837503524,0.1,4,reviewed,tx,tx
2026-08-27T01:06:57.240Z,45.369666666667,-121.70183333333,1.64,0.11,md,9,109,0.0114,0.06,uw,uw714087982,2026-08-27T22:20:55.060Z,"8 km NNE of Government Camp, Oregon",earthquake,0.24,0.48,0.31571050509518,5,reviewed,uw,uw
2026-08-27T01:05:36.070Z,35.6935,-117.50016666667,5.01,0.54,ml,13,113,0.06839,0.09,ci,ci41537224,2026-08-27T18:13:02.477Z,"12 km SW of Searles Valley, CA",earthquake,0.29,0.29,0.10129036586031,7,reviewed,ci,ci
2026-08-27T01:05:31.517Z,53.157,-166.624,38.5,2,ml,20,233,0.7,0.4,ak,aka2026qxrkdt,2026-08-27T15:32:02.226Z,"80 km S of Unalaska, Alaska",earthquake,7.6,8.8933,0.1,14,reviewed,ak,ak
2026-08-27T01:03:54.888Z,39.3341,-119.0274,8.4351,1.75,ml,15,55,0.076,0.0784,nn,nn00923913,2026-08-27T04:33:09.228Z,"19 km ESE of Silver Springs, Nevada",earthquake,,1.0653,0.34,11,reviewed,nn,nn
2026-08-27T00:56:06.350Z,53.3855,-168.18933333333,1.83,-0.54,ml,6,135,0.0334,0.26,av,av93066294,2026-08-27T19:13:07.600Z,"67 km NE of Nikolski, Alaska",earthquake,0.59,2.46,0.18656291260828,6,reviewed,av,av
2026-08-27T00:40:40.800Z,38.833332061768,-122.78399658203,2.6400001049042,0.83,md,6,147,0.007091,0.02,nc,nc75425727,2026-08-27T00:42:18.121Z,"5 km WNW of Cobb, CA",earthquake,0.54,0.889999986,0.17,9,automatic,nc,nc
2026-08-27T00:26:08.095Z,58.983,-152.71,63.4,2.3,ml,67,89,0.4,0.7,ak,aka2026qxqblc,2026-08-27T15:27:18.927Z,"61 km SW of Nanwalek, Alaska",earthquake,2.9,2.8241,0.1,49,reviewed,ak,ak
2026-08-27T00:24:53.370Z,37.299166666667,-112.69833333333,5.95,1.52,md,6,110,0.2759,0.09,uu,uu80150521,2026-08-27T13:50:02.460Z,"5 km WNW of Orderville, Utah",earthquake,0.44,31.61,0.31092402503155,6,reviewed,uu,uu
2026-08-27T00:13:38.969Z,56.287,-156.559,11.4,2.2,ml,13,243,1,0.3,ak,aka2026qxprdu,2026-08-27T15:19:13.162Z,"114 km E of Chignik, Alaska",earthquake,8.2,5.7322,0.2,10,reviewed,ak,ak
2026-08-27T00:10:43.833Z,54.397,-161.732,3.6,2.3,ml,21,235,0.7,0.4,ak,aka2026qxpoor,2026-08-27T15:18:13.639Z,"83 km SSE of King Cove, Alaska",earthquake,6.2,3.1871,0.2,16,reviewed,ak,ak
2026-08-26T23:51:10.455Z,31.606,-103.955,8.1122,2,ml,27,66,0,0.1,tx,tx2026quwnvj,2026-08-27T14:55:10.590Z,"35 km WSW of Mentone, Texas",earthquake,0.47370870915313,0.38318043572567,0.1,24,reviewed,tx,tx
2026-08-26T23:45:24.790Z,33.708833333333,-116.761,15.77,0.58,ml,20,77,0.03911,0.12,ci,ci41537208,2026-08-27T15:30:20.437Z,"5 km SW of Idyllwild, CA",earthquake,0.26,0.43,0.20499395443263,5,reviewed,ci,ci
2026-08-26T23:41:49.160Z,39.237167358398,-123.19666290283,4.9000000953674,1.36,md,8,106,0.06751,0.05,nc,nc75425697,2026-08-27T01:42:20.854Z,"3 km SSE of Redwood Valley, CA",earthquake,0.43,1.36000001,0.26,7,automatic,nc,nc
2026-08-26T23:40:58.600Z,46.198333333333,-122.18916666667,5.54,0.81,ml,19,58,0.003158,0.1,uw,uw714087892,2026-08-27T17:03:30.330Z,"37 km NNE of Amboy, Washington",earthquake,0.26,0.34,0.1947792709827,2,reviewed,uw,uw
2026-08-26T23:32:51.200Z,34.42516667,-97.471,4.91,1.87,ml,95,41,0.06118799283,0.43,ok,ok2026qsuv,2026-08-27T00:09:29.780Z,"4 km SE of Ratliff City, Oklahoma",earthquake,,0.9,0.26,43,reviewed,ok,ok
2026-08-26T23:26:28.940Z,35.0365,-117.67233333333,-0.82,1.45,ml,28,83,0.1038,0.14,ci,ci41537200,2026-08-27T15:48:02.427Z,"5 km NNW of Boron, CA",quarry blast,0.31,31.61,0.13600901565602,29,reviewed,ci,ci
2026-08-26T23:11:24.310Z,44.31,-114.05383333333,9.39,1.71,ml,8,143,0.2826,0.08,mb,mb90206203,2026-08-28T21:07:41.140Z,"25 km SSE of Challis, Idaho",earthquake,0.39,0.94,0.087240489216404,7,reviewed,mb,mb
2026-08-26T23:08:51.400Z,38.847332000732,-122.83550262451,13.460000038147,0.88,md,8,231,0.00873,0.07,nc,nc75425682,2026-08-26T23:47:27.077Z,"10 km WNW of Cobb, CA",earthquake,2.35,8.89000034,0.13,12,automatic,nc,nc
2026-08-26T23:04:59.120Z,47.5105,-121.78566666667,19.21,1.32,ml,14,145,0.06123,0.11,uw,uw714087842,2026-08-27T17:09:16.620Z,"1 km N of North Bend, Washington",earthquake,0.63,0.42,0.18880159885445,4,reviewed,uw,uw
2026-08-26T22:52:44.070Z,19.069333333333,-155.3595,33.37,1.93,ml,38,243,0.1294,0.13,hv,hv75024492,2026-08-29T00:25:05.630Z,"19 km SE of Pāhala, Hawaii",earthquake,0.59,0.76,0.14250940628596,9,reviewed,hv,hv
2026-08-26T22:43:20.010Z,38.506666666667,-112.88983333333,2.13,0.85,md,9,107,0.005664,0.04,uu,uu80150506,2026-08-27T16:48:42.890Z,"16 km NE of Milford, Utah",earthquake,0.46,0.34,0.32916566279407,3,reviewed,uu,uu
2026-08-26T22:38:32.484Z,61.803,-149.7,21.4,2.1,ml,19,112,0.3,0.8,ak,aka2026qxmmqh,2026-08-26T22:45:19.350Z,"18 km ENE of Willow, Alaska",earthquake,5.1,4.25,0.1,5,automatic,ak,ak
2026-08-26T22:36:52.680Z,38.508666666667,-112.88833333333,2.3,0.78,md,10,130,0.0072,0.06,uu,uu80150501,2026-08-26T22:51:56.170Z,"16 km NE of Milford, Utah",earthquake,0.41,0.36,0.41779657576708,3,reviewed,uu,uu
2026-08-26T22:35:57.610Z,38.822334289551,-122.84383392334,1.6900000572205,1.48,md,30,55,0.006921,0.03,nc,nc75425672,2026-08-27T00:27:24.342Z,"9 km WNW of The Geysers, CA",earthquake,0.18,0.25999999,0.15,28,automatic,nc,nc
2026-08-26T22:29:56.598Z,31.662,-104.311,6.8176,1.7,ml,21,68,0,0.1,tx,tx2026qutvgu,2026-08-27T15:13:31.843Z,"57 km S of Whites City, New Mexico",earthquake,0.75851117226875,0.7604660858947,0.1,20,reviewed,tx,tx
2026-08-26T22:23:12.424Z,-35.3195,-71.4471,80.639,4.7,mb,32,145,0.443,0.58,us,us7000tc3j,2026-08-28T03:13:58.040Z,"22 km ENE of Talca, Chile",earthquake,5.6,5.623,0.175,10,reviewed,us,us
2026-08-26T22:18:49.460Z,34.635166666667,-117.3065,-0.27,0.95,ml,22,75,0.07674,0.17,ci,ci41537176,2026-08-27T18:10:01.076Z,"11 km ENE of Adelanto, CA",quarry blast,0.36,1.08,0.13027176332685,17,reviewed,ci,ci
2026-08-26T22:18:46.730Z,36.062666666667,-117.84733333333,3.23,1.16,ml,18,101,0.05514,0.1,ci,ci41537168,2026-08-26T23:05:52.256Z,"9 km ENE of Coso Junction, CA",earthquake,0.16,0.32,0.19958611148261,17,reviewed,ci,ci
2026-08-26T22:15:03.360Z,46.856666666667,-112.5365,10.21,1.31,ml,5,145,0.05462,0.05,mb,mb90206198,2026-08-27T15:01:53.960Z,"15 km SE of Lincoln, Montana",earthquake,0.62,0.37,0.16557691931449,9,reviewed,mb,mb
2026-08-26T22:14:38.420Z,33.649833333333,-116.70333333333,13.85,0.28,ml,14,60,0.03112,0.11,ci,ci41537160,2026-08-26T23:02:49.774Z,"10 km S of Idyllwild, CA",earthquake,0.27,0.59,0.090050970642399,7,reviewed,ci,ci
2026-08-26T22:07:25.290Z,31.705,-101.741,7.0801,0.2,ml,14,80,0,0.1,tx,tx2026qutcls,2026-08-27T17:47:08.481Z,"30 km SW of Garden City, Texas",earthquake,0.78323136344274,0.85694935657271,0.2,6,reviewed,tx,tx
2026-08-26T22:03:30.140Z,33.245166666667,-116.063,1.97,1.52,ml,52,37,0.07343,0.22,ci,ci41537152,2026-08-26T22:51:40.020Z,"12 km WSW of Salton City, CA",earthquake,0.17,0.38,0.20112015471703,26,reviewed,ci,ci
2026-08-26T21:57:06.390Z,36.437831878662,-121.02383422852,8.4399995803833,1.42,md,10,147,0.03257,0.1,nc,nc75425667,2026-08-27T00:07:24.220Z,"15 km SE of Pinnacles, CA",earthquake,0.62,1.03999996,0.26,8,automatic,nc,nc
2026-08-26T21:54:40.270Z,52.091833333333,-176.165,1.84,0.77,ml,5,273,0.03806,0.29,av,av94405003,2026-08-27T04:11:24.430Z,"40 km NE of Adak, Alaska",earthquake,1.41,1.66,0.21006549744117,5,reviewed,av,av
2026-08-26T21:50:19.820Z,19.047666666667,-155.3555,32.56,1.88,ml,34,216,0.1471,0.14,hv,hv75024482,2026-08-28T03:16:30.090Z,"21 km SE of Pāhala, Hawaii",earthquake,0.51,0.85,0.21745368080329,6,reviewed,hv,hv
2026-08-26T21:47:20.969Z,22.8296,121.4502,42.104,4.6,mwr,48,103,0.342,0.69,us,us7000tc37,2026-08-27T12:52:14.370Z,"106 km ESE of Yujing, Taiwan",earthquake,6.38,4.78,0.057,30,reviewed,us,us
2026-08-26T21:46:24.390Z,33.7985,-116.87783333333,14.32,0.67,ml,16,78,0.1176,0.1,ci,ci41537136,2026-08-26T22:28:02.997Z,"6 km NNE of Valle Vista, CA",earthquake,0.31,0.66,0.17059663102164,7,reviewed,ci,ci
2026-08-26T21:35:14.800Z,45.239666666667,-112.30283333333,-2,1.16,ml,6,128,0.1855,0.03,mb,mb90206193,2026-08-28T20:52:40.170Z,"17 km WSW of Alder, Montana",quarry blast,1.14,31.61,0.15308094168852,6,reviewed,mb,mb
2026-08-26T21:31:30.820Z,49.365833333333,-120.4985,0.66,2.04,ml,15,181,0.5727,0.33,uw,uw714088491,2026-08-27T16:50:53.670Z,"10 km S of Princeton, Canada",earthquake,3.55,6.85,0.11821319134869,9,reviewed,uw,uw
2026-08-26T21:08:11.150Z,38.817665100098,-122.82683563232,4.2199997901917,0.73,md,6,230,0.008402,0.05,nc,nc75425642,2026-08-26T22:17:29.468Z,"8 km NW of The Geysers, CA",earthquake,2.07,1.20000005,0.1,9,automatic,nc,nc
2026-08-26T21:08:00.580Z,38.847332000732,-122.84983062744,1.5700000524521,1.05,md,20,105,0.0142,0.03,nc,nc75425637,2026-08-26T23:17:24.847Z,"11 km NW of The Geysers, CA",earthquake,0.23,0.379999995,0.1,22,automatic,nc,nc
2026-08-26T21:05:55.759Z,36.239,-95.81416667,0,1.13,ml,16,207,0.3284355497,0.51,ok,ok2026qspz,2026-08-27T15:20:53.478Z,"4 km SE of Owasso, Oklahoma",quarry blast,,1.4,0.1,7,reviewed,ok,ok
2026-08-26T20:59:47.860Z,38.838832855225,-122.81733703613,1.1799999475479,0.69,md,7,120,0.01418,0.01,nc,nc75425627,2026-08-26T21:47:27.173Z,"8 km WNW of Cobb, CA",earthquake,0.35,1.16999996,0.09,9,automatic,nc,nc
2026-08-26T20:48:07.407Z,31.658,-104.305,7.0227,2.1,ml,35,68,0,0.2,tx,tx2026quqlha,2026-08-26T23:21:34.289Z,"57 km S of Whites City, New Mexico",earthquake,0.60304457871653,0.75829215025606,0.1,27,reviewed,tx,tx
2026-08-26T20:46:44.154Z,32.427,-102.293,7.251,1.8,ml,34,86,0.1,0.1,tx,tx2026quqkyj,2026-08-26T23:26:34.371Z,"26 km ENE of McKinney Acres, Texas",earthquake,0.54187075585887,1.1260209205744,0.2,49,reviewed,tx,tx
2026-08-26T20:40:29.081Z,58.243,-155.167,5,0.7,ml,9,75,0,0.3,ak,aka2026qxiogx,2026-08-27T04:08:24.180Z,"86 km NNW of Karluk, Alaska",earthquake,6.9,,0.2,6,automatic,ak,ak
2026-08-26T20:30:39.300Z,31.129,-103.278,5.5103,1.6,ml,14,55,0.1,0.3,tx,tx2026qupxby,2026-08-27T15:48:11.392Z,"23 km WSW of Coyanosa, Texas",earthquake,1.0220973015363,2.5099027814102,0.2,13,reviewed,tx,tx
2026-08-26T20:29:24.850Z,35.1185,-118.66766666667,10.56,1.19,ml,27,67,0.1104,0.17,ci,ci41537104,2026-08-26T21:17:47.541Z,"18 km SE of Arvin, CA",earthquake,0.25,0.42,0.1964339365775,11,reviewed,ci,ci
2026-08-26T20:25:50.238Z,32.107,-101.922,8.8135,2,ml,20,81,0.1,0.1,tx,tx2026qupqhg,2026-08-26T22:05:20.136Z,"12 km W of Stanton, Texas",earthquake,0.3611273633034,0.76983390088145,0.2,37,reviewed,tx,tx
2026-08-26T20:11:21.070Z,33.871166666667,-117.01316666667,14.89,0.78,ml,32,30,0.1601,0.16,ci,ci41537096,2026-08-26T20:50:12.735Z,"7 km SSW of Beaumont, CA",earthquake,0.19,0.5,0.2647952561566,21,reviewed,ci,ci
2026-08-26T20:10:45.224Z,31.663,-104.438,6.7151,1.5,ml,15,71,0,0.2,tx,tx2026qupfyi,2026-08-27T15:16:55.616Z,"57 km S of Whites City, New Mexico",earthquake,0.92925547200033,0.62499775490387,0.2,12,reviewed,tx,tx
2026-08-26T20:10:35.230Z,35.826,-117.67566666667,6.16,0.9,ml,27,40,0.06434,0.19,ci,ci41537088,2026-08-26T22:53:00.340Z,"23 km N of Ridgecrest, CA",earthquake,0.22,0.56,0.17377209866987,12,reviewed,ci,ci
2026-08-26T20:06:56.255Z,31.998,-103.889,5.2026,0.6,ml,7,91,0,0.1,tx,tx2026qupcpq,2026-08-27T18:02:35.861Z,"30 km SE of Malaga, New Mexico",earthquake,1.0119415392696,1.6961833865693,0.2,6,reviewed,tx,tx
2026-08-26T20:01:53.980Z,38.796333312988,-122.75382995606,0.46999999880791,0.8,md,7,118,0.006284,0.01,nc,nc75425587,2026-08-26T20:57:19.843Z,"2 km N of The Geysers, CA",earthquake,0.41,0.879999995,0.14,7,automatic,nc,nc
2026-08-26T19:51:20.450Z,33.848833333333,-117.49266666667,-0.53,1.68,ml,47,50,0.05054,0.25,ci,ci41537064,2026-08-26T22:36:56.169Z,"4 km SE of Home Gardens, CA",quarry blast,0.37,31.61,0.19656499871125,23,reviewed,ci,ci
2026-08-26T19:50:31.190Z,33.305,-116.85583333333,14.53,0.58,ml,28,44,0.04881,0.12,ci,ci41537056,2026-08-26T20:50:45.460Z,"6 km S of Palomar Observatory, CA",earthquake,0.19,0.46,0.13671559696039,11,reviewed,ci,ci
2026-08-26T19:50:08.291Z,-13.9457,168.9143,10,4.5,mb,16,279,7.917,0.98,us,us7000tc21,2026-08-27T03:44:20.514Z,"147 km E of Sola, Vanuatu",earthquake,45.37,2.026,0.15,13,reviewed,us,us
2026-08-26T19:44:54.410Z,41.006000518799,-125.10483551025,4.6399998664856,2.33,md,19,279,0.8315,0.13,nc,nc75425577,2026-08-26T21:57:25.245Z,"81 km W of Trinidad, CA",earthquake,3.28,13.4399996,0.1,4,automatic,nc,nc
2026-08-26T19:43:19.333Z,59.479,-155.501,0.1,2.6,ml,59,62,0.2,0.8,ak,aka2026qxgqtu,2026-08-26T19:44:35.876Z,"28 km NE of Igiugig, Alaska",earthquake,2.7,2.079,0.1,13,automatic,ak,ak
2026-08-26T19:43:00.690Z,33.057,-114.99216666667,-0.2,1.31,ml,17,63,0.08537,0.26,ci,ci41537048,2026-08-26T22:44:10.634Z,"45 km NE of Holtville, CA",quarry blast,0.57,31.61,0.1502509478171,3,reviewed,ci,ci
2026-08-26T19:41:40.310Z,35.661666666667,-117.488,7.05,1.23,ml,32,72,0.05246,0.12,ci,ci41537032,2026-08-26T20:50:49.521Z,"14 km SSW of Searles Valley, CA",earthquake,0.14,0.34,0.18989688802434,15,reviewed,ci,ci
2026-08-26T19:39:59.496Z,66.647,-140.816,11.6,2.2,ml,10,146,0.4,0.9,ak,aka2026qxgnvd,2026-08-27T05:05:19.568Z,"128 km E of Chalkyitsik, Alaska",earthquake,7.7,4.9568,0.2,7,reviewed,ak,ak
2026-08-26T19:39:24.940Z,34.4595,-119.22133333333,8.92,0.61,ml,9,92,0.06724,0.19,ci,ci41537040,2026-08-26T22:23:42.355Z,"2 km ENE of Ojai, CA",earthquake,0.52,1.04,0.065916778785631,4,reviewed,ci,ci
2026-08-26T19:32:42.970Z,38.814166666667,-122.82116666667,2.76,0.27,md,17,79,0.008196,0.02,nc,nc75425567,2026-08-29T23:20:41.140Z,"7 km NW of The Geysers, CA",earthquake,0.29,0.72,0.414,18,reviewed,nc,nc
2026-08-26T19:32:28.116Z,63.062,-150.934,120.6,2,ml,29,51,0.5,0.5,ak,aka2026qxghho,2026-08-27T06:40:16.688Z,"63 km N of Petersville, Alaska",earthquake,3.5,3.4644,0.1,11,reviewed,ak,ak
2026-08-26T19:31:00.920Z,38.798999786377,-122.79183197022,3.9800000190735,0.75,md,7,134,0.009357,0.01,nc,nc75425562,2026-08-26T20:32:25.668Z,"4 km NW of The Geysers, CA",earthquake,0.71,1.67999995,0.08,8,automatic,nc,nc
2026-08-26T19:29:18.381Z,-16.9936,-74.8729,10,4,mb,12,190,4.531,0.91,us,us7000tc1f,2026-08-27T16:29:39.040Z,"143 km SSW of Atiquipa, Peru",earthquake,11.93,2.012,0.3,3,reviewed,us,us
2026-08-26T19:21:42.872Z,38.1821,143.8447,16.05,5.6,mww,258,62,3.377,0.77,us,us7000tc18,2026-08-27T19:31:58.869Z,"209 km ESE of Ōfunato, Japan",earthquake,18.49,5.269,0.043,51,reviewed,us,us
2026-08-26T19:21:37.889Z,31.658,-104.437,6.792,1.7,ml,20,71,0,0.3,tx,tx2026qunpow,2026-08-27T15:04:11.774Z,"57 km S of Whites City, New Mexico",earthquake,1.2490568313074,0.81579098684149,0.1,16,reviewed,tx,tx
2026-08-26T19:12:45.950Z,36.062,-117.846,2.16,0.81,ml,21,59,0.05593,0.14,ci,ci41537024,2026-08-26T19:21:58.414Z,"9 km ENE of Coso Junction, CA",earthquake,0.18,0.21,0.19251126772753,12,reviewed,ci,ci
2026-08-26T19:09:54.136Z,31.658,-104.303,7.0227,1.9,ml,32,68,0,0.2,tx,tx2026quncwz,2026-08-27T14:48:44.948Z,"57 km S of Whites City, New Mexico",earthquake,0.61818602545528,0.70177362169236,0.1,24,reviewed,tx,tx
2026-08-26T19:07:26.740Z,36.0685,-117.84866666667,2.08,0.8,ml,18,72,0.04923,0.12,ci,ci41537016,2026-08-26T19:22:02.394Z,"9 km ENE of Coso Junction, CA",earthquake,0.16,0.19,0.15842930217585,12,reviewed,ci,ci
2026-08-26T19:03:53.450Z,60.855,-149.938,44.7,1.9,ml,29,47,0.3,0.6,ak,aka2026qxfine,2026-08-26T19:05:05.924Z,"17 km WSW of Hope, Alaska",earthquake,3.5,5.6784,0.2,7,automatic,ak,ak
2026-08-26T19:02:58.846Z,-6.2169,130.3825,132.024,4.4,mb,51,47,1.749,0.6,us,us7000tc0v,2026-08-27T14:54:50.040Z,"270 km WSW of Tual, Indonesia",earthquake,8.56,7.124,0.084,41,reviewed,us,us
2026-08-26T19:00:41.120Z,33.976166666667,-116.83533333333,13.81,0.95,ml,36,54,0.06313,0.13,ci,ci41537000,2026-08-26T19:33:23.238Z,"7 km NE of Banning, CA",earthquake,0.19,0.41,0.13784973557561,24,reviewed,ci,ci
2026-08-26T18:58:08.340Z,34.056166666667,-117.24583333333,15.1,1.47,ml,68,33,0.05793,0.16,ci,ci41536992,2026-08-26T19:34:55.180Z,"2 km ENE of Loma Linda, CA",earthquake,0.13,0.23,0.16269838425495,26,reviewed,ci,ci
2026-08-26T18:51:48.280Z,33.6235,-118.353,15.25,1.91,ml,35,116,0.1017,0.23,ci,ci41536984,2026-08-26T20:01:39.315Z,"14 km SSW of San Pedro, CA",earthquake,0.33,0.47,0.14531831902578,16,reviewed,ci,ci
2026-08-26T18:44:56.359Z,36.4715,-98.79966667,6.32,1.51,ml,86,62,0.02159576217,0.38,ok,ok2026qsli,2026-08-26T19:05:45.013Z,"14 km SSE of Waynoka, Oklahoma",earthquake,,0.5,0.22,38,reviewed,ok,ok
2026-08-26T18:44:50.340Z,38.783832550049,-122.76466369629,4.4200000762939,0.41,md,9,96,0.01312,0.01,nc,nc75425532,2026-08-26T19:42:23.367Z,"1 km NW of The Geysers, CA",earthquake,0.55,1.63,0.15,8,automatic,nc,nc
2026-08-26T18:38:47.330Z,32.911833333333,-116.24583333333,7.37,1.56,ml,54,46,0.06451,0.2,ci,ci41536976,2026-08-26T19:35:59.610Z,"28 km SSW of Ocotillo Wells, CA",earthquake,0.18,0.51,0.19761787931928,26,reviewed,ci,ci
2026-08-26T18:36:03.323Z,53.979,-164.553,69.9,2,ml,29,211,0.5,0.4,ak,aka2026qxekjm,2026-08-27T06:59:57.243Z,"81 km ESE of Akutan, Alaska",earthquake,21.7,10.3732,0.1,19,reviewed,ak,ak
2026-08-26T18:34:58.482Z,-8.3333,120.6143,10,4.7,mb,31,77,3.407,0.63,us,us7000tc0p,2026-08-26T20:51:18.040Z,"34 km NNE of Ruteng, Indonesia",earthquake,4.97,1.894,0.106,27,reviewed,us,us
2026-08-26T18:34:25.039Z,34.49216667,-97.28333333,0,1.29,ml,45,45,0.0863830487,0.5,ok,ok2026qskz,2026-08-26T18:41:21.439Z,"11 km SSE of Katie, Oklahoma",quarry blast,,0.7,0.21,27,reviewed,ok,ok
2026-08-26T18:29:27.664Z,70.098,-147.451,14.2,2.3,ml,15,168,0.4,0.6,ak,aka2026qxeerd,2026-08-27T05:03:31.457Z,"37 km ESE of Prudhoe Bay, Alaska",earthquake,6.1,3.2272,0.2,10,reviewed,ak,ak
2026-08-26T18:23:13.728Z,-8.3107,120.6979,10,4.9,mb,55,49,3.407,0.58,us,us7000tc0k,2026-08-26T18:58:07.040Z,"42 km NE of Ruteng, Indonesia",earthquake,7.71,0.723,0.087,44,reviewed,us,us
2026-08-26T18:22:19.450Z,18.0275,-66.740333333333,13.08,2.37,md,8,166,0.1285,0.13,pr,pr71530008,2026-08-26T19:39:09.450Z,"3 km ENE of Magas Arriba, Puerto Rico",earthquake,0.57,0.49,0.23395584059139,5,reviewed,pr,pr
2026-08-26T18:18:41.390Z,38.825668334961,-122.81483459473,2.0699999332428,1.04,md,15,48,0.004357,0.02,nc,nc75425527,2026-08-26T19:17:24.192Z,"7 km NW of The Geysers, CA",earthquake,0.24,0.550000012,0.27,15,automatic,nc,nc
2026-08-26T18:10:31.290Z,33.815,-116.76133333333,11.25,1.2,ml,53,38,0.03527,0.14,ci,ci41536936,2026-08-26T22:11:16.000Z,"9 km NNW of Idyllwild, CA",earthquake,0.15,0.33,0.20087186977287,32,reviewed,ci,ci
2026-08-26T18:09:36.020Z,34.609166666667,-117.137,-1.29,0.93,ml,11,68,0.2087,0.3,ci,ci41536944,2026-08-26T19:33:07.371Z,"13 km NNE of Apple Valley, CA",quarry blast,0.66,31.61,0.10597645984494,9,reviewed,ci,ci
2026-08-26T17:49:07.280Z,17.9655,-67.064666666667,14.12,2.6,md,8,228,0.01985,0.09,pr,pr71529998,2026-08-26T18:20:04.800Z,"2 km WSW of La Parguera, Puerto Rico",earthquake,0.87,0.6,0.10679134218641,5,reviewed,pr,pr
2026-08-26T17:45:59.770Z,19.229166666667,-155.523,40.4,2.41,ml,49,68,0.02967,0.13,hv,hv75024342,2026-08-26T20:46:40.640Z,"5 km WNW of Pāhala, Hawaii",earthquake,0.5,0.54,0.20508303666386,36,reviewed,hv,hv
2026-08-26T17:40:25.150Z,19.329,-155.14366666667,5.58,1.76,ml,29,111,0.04507,0.13,hv,hv75024332,2026-08-27T19:49:23.560Z,"15 km S of Fern Forest, Hawaii",earthquake,0.35,0.81,0.34977979043349,8,reviewed,hv,hv
2026-08-26T17:36:05.830Z,33.179,-116.4205,13.11,0.73,ml,30,58,0.089,0.17,ci,ci41536928,2026-08-26T22:02:34.747Z,"10 km SSW of Borrego Springs, CA",earthquake,0.24,0.67,0.099458803479444,15,reviewed,ci,ci
2026-08-26T17:28:49.690Z,38.758167266846,-122.72116851807,1.3400000333786,1.86,md,23,68,0.004476,0.1,nc,nc75425502,2026-08-26T19:52:20.418Z,"3 km SW of Anderson Springs, CA",earthquake,0.32,0.379999995,0.1,23,automatic,nc,nc
2026-08-26T17:24:49.410Z,18.79,-66.629333333333,51.24,3.11,md,18,226,0.4566,0.27,pr,pr71529973,2026-08-26T19:18:22.665Z,"36 km NNE of Arecibo, Puerto Rico",earthquake,1.07,2.3,0.083380431449999,14,reviewed,pr,pr
2026-08-26T17:24:32.679Z,34.98766667,-96.044,7.4,1.06,ml,37,94,0.08188393158,0.5,ok,ok2026qsir,2026-08-27T13:08:28.523Z,"8 km NW of Arpelar, Oklahoma",earthquake,,1.7,0.23,18,reviewed,ok,ok
2026-08-26T17:23:33.210Z,37.451667785645,-118.83316802978,0.95999997854233,2.12,md,21,99,0.1382,0.04,nc,nc75425492,2026-08-26T19:27:22.263Z,"18 km SW of Toms Place, CA",earthquake,0.39,2.20000005,0.15,22,automatic,nc,nc
2026-08-26T17:23:27.360Z,38.809501647949,-122.89250183106,5.1799998283386,0.75,md,9,173,0.02954,0.03,nc,nc75425487,2026-08-26T19:07:22.181Z,"11 km E of Cloverdale, CA",earthquake,0.71,2.70000005,0.06,10,automatic,nc,nc
2026-08-26T17:19:44.246Z,52.543,-169.481,61,1.9,ml,12,263,0.3,0.4,ak,aka2026qxbwfg,2026-08-27T06:58:16.419Z,"60 km SW of Nikolski, Alaska",earthquake,29.2,9.2221,0.1,10,reviewed,ak,ak
2026-08-26T17:17:31.531Z,54.6192,-161.3041,35,2.9,ml,52,202,0.622,0.68,us,us7000tc80,2026-08-27T14:31:25.040Z,"81 km SE of King Cove, Alaska",earthquake,3.03,2.01,0.081,20,reviewed,us,us
2026-08-26T17:17:10.440Z,46.865833333333,-123.05066666667,5.8,1.64,md,6,183,0.06673,2.17,uw,uw714088051,2026-08-26T18:50:19.880Z,"6 km NE of Rochester, Washington",earthquake,45.93,20.26,0.025500629494993,5,reviewed,uw,uw
2026-08-26T17:14:05.181Z,51.2701,-178.0146,35,2.7,ml,30,205,0.491,0.54,us,us7000tc7z,2026-08-27T13:45:34.040Z,"116 km SW of Adak, Alaska",earthquake,2.91,2.006,0.091,16,reviewed,us,us
2026-08-26T17:04:40.608Z,64.469,-158.33,4.3,1.9,ml,10,90,0.7,0.9,ak,aka2026qxbjdu,2026-08-27T05:01:37.341Z,"24 km NE of Kaltag, Alaska",earthquake,4.4,3.2555,0.2,7,reviewed,ak,ak
2026-08-26T17:02:33.844Z,61.25,-150.258,48.6,2.5,ml,83,26,0.1,0.9,ak,aka2026qxbglc,2026-08-27T06:51:49.179Z,"19 km SW of Point MacKenzie, Alaska",earthquake,1.9,2.4193,0.2,62,reviewed,ak,ak
2026-08-26T16:53:51.350Z,58.367833333333,-154.855,5.32,-0.32,ml,7,176,0.03212,0.18,av,av93066289,2026-08-27T03:10:20.310Z,"92 km NNW of Karluk, Alaska",earthquake,0.66,0.81,0.23809677456192,7,reviewed,av,av
2026-08-26T16:46:38.153Z,58.331,-150.984,0.6,2,ml,10,233,0.8,0.7,ak,aka2026qxasze,2026-08-27T06:46:39.196Z,"100 km ENE of Ouzinkie, Alaska",earthquake,8.5,3.4949,0.2,8,reviewed,ak,ak
2026-08-26T16:45:14.599Z,6.737,-73.0596,159.913,4.9,mww,120,30,0.839,0.62,us,us7000tbzn,2026-08-29T12:13:13.162Z,"4 km E of Jordán, Colombia",earthquake,7.36,5.96,0.086,13,reviewed,us,us
2026-08-26T16:41:38.510Z,35.3125,-117.799,6.17,1.13,ml,36,89,0.05907,0.18,ci,ci41536920,2026-08-26T19:36:42.247Z,"16 km WSW of Johannesburg, CA",earthquake,0.21,0.46,0.15886182010263,19,reviewed,ci,ci
2026-08-26T16:38:10.500Z,19.19700050354,-155.4871673584,29.920000076294,1.86,md,26,79,0.04767,0.140000001,hv,hv75024307,2026-08-26T16:41:53.580Z,"1 km SW of Pāhala, Hawaii",earthquake,0.6,0.75999999,0.14697509014973,15,automatic,hv,hv
2026-08-26T16:31:00.961Z,60.002,-152.028,89.9,2,ml,42,48,0.5,0.6,ak,aka2026qxafzm,2026-08-27T06:45:44.771Z,"17 km WNW of Happy Valley, Alaska",earthquake,2.7,2.6802,0.2,30,reviewed,ak,ak
2026-08-26T16:18:37.490Z,66.48,-148.876,14,2.6,ml,35,30,0.6,0.7,ak,aka2026qwzvfp,2026-08-27T06:42:46.664Z,"53 km N of Stevens Village, Alaska",earthquake,2.7,2.0957,0.2,25,reviewed,ak,ak
2026-08-26T16:12:36.220Z,34.3725,-117.66216666667,8.68,0.39,ml,7,232,0.01633,0.06,ci,ci41536912,2026-08-26T21:33:25.510Z,"3 km WNW of Wrightwood, CA",earthquake,0.35,0.69,0.27287715027874,7,reviewed,ci,ci
2026-08-26T16:10:57.170Z,36.069833333333,-117.8445,2.63,1.22,ml,24,111,0.04838,0.14,ci,ci41536904,2026-08-26T19:37:05.982Z,"10 km ENE of Coso Junction, CA",earthquake,0.22,0.28,0.23341376966813,18,reviewed,ci,ci
2026-08-26T16:06:49.250Z,46.010166666667,-122.92216666667,20.79,0.8,md,6,179,0.05898,0.09,uw,uw714087881,2026-08-26T18:26:38.970Z,"5 km SSW of Prescott, Oregon",earthquake,0.8,0.88,0.12851297317084,5,reviewed,uw,uw
2026-08-26T15:54:54.420Z,54.518166666667,-164.69983333333,12,0.32,ml,4,127,0.02926,0.23,av,av94404683,2026-08-27T02:23:46.790Z,"81 km ENE of Akutan, Alaska",earthquake,1.1,1.98,0.18880134616084,4,reviewed,av,av
2026-08-26T15:52:53.624Z,51.311,178.614,26.3,3.2,ml,25,274,0.4,0.5,ak,aka2026qwyygz,2026-08-27T06:36:38.586Z,"Rat Islands, Aleutian Islands, Alaska",earthquake,6.8,3.3396,0.2,19,reviewed,ak,ak
2026-08-26T15:48:15.200Z,19.137333333333,-65.994666666667,15.42,3.42,md,11,248,0.8858,0.4,pr,pr71529948,2026-08-26T17:41:27.670Z,"75 km N of San Juan, Puerto Rico",earthquake,2.59,5.8,0.020079391386154,4,reviewed,pr,pr
2026-08-26T15:26:30.590Z,38.831001281738,-122.74266815185,0.58999997377396,0.94,md,7,187,0.02129,0.04,nc,nc75425447,2026-08-26T15:57:22.802Z,"2 km WNW of Cobb, CA",earthquake,0.5,1.96000004,0.24,9,automatic,nc,nc
2026-08-26T15:24:46.660Z,60.504,-152.75333333333,0.27,-0.38,ml,7,95,0.03309,0.13,av,av94404643,2026-08-27T02:46:19.940Z,"78 km NW of Ninilchik, Alaska",earthquake,0.28,0.6,0.23800531717955,7,reviewed,av,av
2026-08-26T15:18:36.300Z,35.696666666667,-118.098,8.24,0.99,ml,29,47,0.1176,0.14,ci,ci41536864,2026-08-26T19:37:01.968Z,"26 km WNW of Inyokern, CA",earthquake,0.17,0.74,0.24758977867978,11,reviewed,ci,ci
2026-08-26T15:17:34.953Z,60.607,-140.143,12,2,ml,16,85,0.5,0.7,ak,aka2026qwxuhk,2026-08-27T06:33:11.627Z,"120 km NNW of Yakutat, Alaska",earthquake,3.8,2.9574,0.2,12,reviewed,ak,ak
2026-08-26T15:03:38.440Z,33.039,-116.4405,7.05,0.86,ml,33,50,0.07155,0.16,ci,ci41536848,2026-08-26T19:37:04.300Z,"16 km ESE of Julian, CA",earthquake,0.2,0.46,0.12644560073742,13,reviewed,ci,ci
2026-08-26T15:00:13.260Z,58.2465,-155.14366666667,3.09,-0.37,ml,7,146,0.04307,0.08,av,av94404608,2026-08-27T02:41:17.640Z,"85 km NNW of Karluk, Alaska",earthquake,0.3,0.75,0.29070622584541,8,reviewed,av,av
2026-08-26T14:58:17.050Z,39.111166666667,-111.9575,14.03,0.33,md,4,143,0.1494,0.03,uu,uu80150456,2026-08-26T15:35:37.120Z,"12 km W of Centerfield, Utah",earthquake,0.52,2.43,0.29429964845007,3,reviewed,uu,uu
2026-08-26T14:53:51.250Z,38.810665130615,-122.81966400147,3.170000076294,1.45,md,33,54,0.007647,0.02,nc,nc75425432,2026-08-26T16:57:23.207Z,"7 km NW of The Geysers, CA",earthquake,0.22,0.360000014,0.18,33,automatic,nc,nc
2026-08-26T14:50:02.219Z,66.279,-157.264,8.3,1.8,ml,11,94,0.2,0.9,ak,aka2026qwwwkn,2026-08-27T04:59:31.328Z,"68 km S of Shungnak, Alaska",earthquake,4.7,3.0951,0.1,7,reviewed,ak,ak
2026-08-26T14:46:58.340Z,38.824001312256,-122.79516601562,2.1099998950958,1.94,md,43,31,0.01166,0.06,nc,nc75425422,2026-08-26T16:27:21.004Z,"6 km NNW of The Geysers, CA",earthquake,0.17,0.280000001,0.18,43,automatic,nc,nc
2026-08-26T14:45:31.410Z,36.061666666667,-117.84666666667,2.69,0.68,ml,13,96,0.05619,0.09,ci,ci41536840,2026-08-26T18:59:57.267Z,"9 km ENE of Coso Junction, CA",earthquake,0.17,0.61,0.32929921930756,2,reviewed,ci,ci
2026-08-26T14:44:42.530Z,38.826168060303,-122.79533386231,2.079999923706,1.7,md,40,37,0.01184,0.04,nc,nc75425417,2026-08-26T16:07:20.865Z,"6 km W of Cobb, CA",earthquake,0.16,0.25999999,0.16,40,automatic,nc,nc
2026-08-26T14:31:27.500Z,63.16,-142.924,5.7,1.5,ml,11,82,0.5,0.6,ak,aka2026qwwghs,2026-08-27T06:31:08.646Z,"19 km S of Tok, Alaska",earthquake,3.7,3.7684,0.1,7,reviewed,ak,ak
2026-08-26T14:30:03.523Z,51.524,-167.25,19.9,2.4,ml,13,303,1.8,0.2,ak,aka2026qwwezr,2026-08-27T06:29:01.943Z,"192 km SE of Nikolski, Alaska",earthquake,40.6,28.8812,0.1,10,reviewed,ak,ak
2026-08-26T14:29:42.913Z,36.1914,-114.8524,5.2243,2.4,ml,7,218,0.208,0.1545,nn,nn00923899,2026-08-27T02:04:13.269Z,"19 km ESE of Nellis Air Force Base, Nevada",earthquake,,2.7105,0.45,3,reviewed,nn,nn
2026-08-26T14:25:41.270Z,-11.0416,165.7947,71.191,4.9,mb,67,109,5.971,0.74,us,us7000tbyz,2026-08-26T14:50:59.040Z,"35 km S of Lata, Solomon Islands",earthquake,11.33,7.456,0.075,56,reviewed,us,us
2026-08-26T14:15:31.234Z,-8.3715,121.5083,10,5,mww,71,51,3.052,0.76,us,us7000tbyu,2026-08-26T14:39:54.040Z,"54 km NNW of Ende, Indonesia",earthquake,7.36,1.654,0.089,12,reviewed,us,us
2026-08-26T14:15:19.850Z,45.37,-121.69066666667,1.88,0.24,md,11,61,0.01551,0.08,uw,uw714087661,2026-08-26T17:55:18.340Z,"8 km NE of Government Camp, Oregon",earthquake,0.22,0.51,0.37926852692639,9,reviewed,uw,uw
2026-08-26T14:00:22.676Z,60.946,-150.261,62.7,1.6,ml,34,46,0.3,0.5,ak,aka2026qwvenw,2026-08-27T06:27:03.125Z,"23 km E of Point Possession, Alaska",earthquake,3,3.6472,0.1,25,reviewed,ak,ak
2026-08-26T13:53:35.144Z,59.415,-153.446,110.3,1.7,ml,33,78,0,0.4,ak,aka2026qwuzmv,2026-08-27T06:23:11.112Z,"55 km SE of Pedro Bay, Alaska",earthquake,4.9,3.0751,0.2,22,reviewed,ak,ak
2026-08-26T13:51:48.925Z,53.978,-163.472,27.6,2.2,ml,28,231,0.7,0.6,ak,aka2026qwuxxt,2026-08-27T05:59:42.129Z,"97 km S of False Pass, Alaska",earthquake,6.9,3.6435,0.1,20,reviewed,ak,ak
2026-08-26T13:47:15.000Z,32.116,-101.508,8.7158,1.3,ml,21,79,0.1,0.1,tx,tx2026qucnlh,2026-08-26T14:37:25.359Z,"13 km W of Forsan, Texas",earthquake,0.95119251229758,1.1121222213564,0.2,19,reviewed,tx,tx
2026-08-26T13:36:44.236Z,63.578,-159.472,3.9,1.9,ml,10,135,1.4,0.8,ak,aka2026qwukwc,2026-08-27T04:57:32.358Z,"72 km ESE of Unalakleet, Alaska",earthquake,7.3,9.0422,0.1,8,reviewed,ak,ak
2026-08-26T13:34:11.750Z,34.543833333333,-120.488,6.33,2.25,ml,35,140,0.01476,0.23,ci,ci41536816,2026-08-26T14:28:00.163Z,"11 km SSW of Lompoc, CA",earthquake,0.36,0.65,0.10354947543525,31,reviewed,ci,ci
2026-08-26T13:29:31.750Z,34.442833333333,-119.20233333333,12.46,1.82,ml,50,64,0.05391,0.27,ci,ci41536800,2026-08-26T14:57:29.390Z,"4 km E of Ojai, CA",earthquake,0.28,0.62,0.13428898236666,50,reviewed,ci,ci
2026-08-26T13:26:29.375Z,32.303,-102.085,6.3721,0.2,ml,11,66,0,0.1,tx,tx2026qubvmk,2026-08-26T14:42:29.193Z,"33 km N of Midland, Texas",earthquake,0.95169552348206,0.70839342139927,0.2,7,reviewed,tx,tx
2026-08-26T13:23:45.540Z,34.456166666667,-119.21216666667,8.86,0.81,ml,9,86,0.06462,0.13,ci,ci41536792,2026-08-26T21:30:54.099Z,"3 km ENE of Ojai, CA",earthquake,0.4,0.8,0.17446200360994,8,reviewed,ci,ci
2026-08-26T13:14:14.030Z,36.062,-117.84566666667,2.28,1.65,ml,30,50,0.05596,0.14,ci,ci41536784,2026-08-26T14:17:14.386Z,"9 km ENE of Coso Junction, CA",earthquake,0.15,0.19,0.24313932686419,26,reviewed,ci,ci
2026-08-26T13:14:05.430Z,33.331833333333,-116.7845,16.15,0.53,ml,23,79,0.06893,0.16,ci,ci41536776,2026-08-26T21:24:07.563Z,"8 km ESE of Palomar Observatory, CA",earthquake,0.32,0.61,0.16279652528373,13,reviewed,ci,ci
2026-08-26T12:53:41.132Z,51.957,176.356,5,3.3,ml,10,342,1.3,0.5,ak,aka2026qwszoq,2026-08-26T22:00:29.560Z,"237 km ESE of Attu Station, Alaska",earthquake,30.9,0,0.1,8,reviewed,ak,ak
2026-08-26T12:28:31.480Z,17.968833333333,-65.428666666667,6.16,3.1,md,12,205,0.3282,0.54,pr,pr71529898,2026-08-26T13:22:51.400Z,"14 km SSE of Esperanza, Puerto Rico",earthquake,1.87,2.19,0.16467631298861,6,reviewed,pr,pr
2026-08-26T12:23:59.340Z,58.197833333333,-155.256,2.3,0.16,ml,8,81,0.04049,0.08,av,av94404508,2026-08-27T00:15:11.670Z,"84 km NW of Karluk, Alaska",earthquake,0.21,0.86,0.33206419964996,3,reviewed,av,av
2026-08-26T12:17:31.990Z,38.782833099365,-122.76416778565,3.6600000858307,1.31,md,26,83,0.0181,0.02,nc,nc75425377,2026-08-26T13:57:21.996Z,"1 km NW of The Geysers, CA",earthquake,0.29,0.550000012,0.2,27,automatic,nc,nc
2026-08-26T12:04:32.310Z,33.245333333333,-116.06366666667,3.4,0.87,ml,34,68,0.07384,0.18,ci,ci41536768,2026-08-26T21:19:48.722Z,"12 km WSW of Salton City, CA",earthquake,0.21,0.51,0.14377759182941,13,reviewed,ci,ci
2026-08-26T11:38:21.908Z,-57.4436,-65.3176,10,4.5,mb,26,143,2.83,0.66,us,us7000tbyh,2026-08-28T17:55:51.040Z,Drake Passage,earthquake,9.87,1.972,0.121,20,reviewed,us,us
2026-08-26T11:35:31.181Z,58.163,-155.322,5,0.6,ml,8,80,0,0.4,ak,aka2026qwqjtk,2026-08-27T00:09:40.300Z,"83 km NW of Karluk, Alaska",earthquake,6.1,,0.1,6,automatic,ak,ak
2026-08-26T11:28:49.800Z,34.0305,-117.236,14.84,0.99,ml,61,46,0.09497,0.12,ci,ci41536760,2026-08-26T13:15:50.030Z,"3 km SE of Loma Linda, CA",earthquake,0.11,0.22,0.28803988337531,27,reviewed,ci,ci
2026-08-26T11:14:57.230Z,38.824001312256,-122.80366516113,2.0199999809265,0.73,md,10,82,0.005043,0.03,nc,nc75425362,2026-08-26T13:07:23.667Z,"7 km NW of The Geysers, CA",earthquake,0.29,0.699999988,0.11,10,automatic,nc,nc
2026-08-26T11:11:07.760Z,19.182666778564,-155.49482727051,27.5,1.87,md,38,151,0.06548,0.150000006,hv,hv75024197,2026-08-26T11:14:42.850Z,"2 km SW of Pāhala, Hawaii",earthquake,0.55,0.709999979,0.19691000041151,13,automatic,hv,hv
2026-08-26T11:09:14.780Z,33.2885,-116.74066666667,13.13,0.63,ml,35,35,0.05453,0.16,ci,ci41536752,2026-08-26T13:13:30.480Z,"6 km NNE of Lake Henshaw, CA",earthquake,0.2,0.45,0.097409957756761,13,reviewed,ci,ci
2026-08-26T10:59:03.269Z,-26.1601,-69.3386,101.064,4.3,mb,28,97,1.019,1.15,us,us7000tbyb,2026-08-26T11:36:43.040Z,"75 km ENE of Diego de Almagro, Chile",earthquake,5.99,7.942,0.138,15,reviewed,us,us
2026-08-26T10:58:09.848Z,54.5458,-159.9993,35.64,4.1,mb,27,158,1.489,0.75,us,us7000tby9,2026-08-27T05:51:39.720Z,"93 km SSE of Sand Point, Alaska",earthquake,4.48,10.295,0.262,4,reviewed,us,us
2026-08-26T10:56:29.740Z,33.683,-116.77066666667,16.63,0.63,ml,32,64,0.05485,0.14,ci,ci41536744,2026-08-26T13:12:52.671Z,"8 km SW of Idyllwild, CA",earthquake,0.2,0.38,0.13666766103106,10,reviewed,ci,ci
2026-08-26T10:51:28.020Z,38.837001800537,-122.80300140381,2.3699998855591,1.02,md,14,68,0.009985,0.01,nc,nc75425357,2026-08-26T12:37:21.461Z,"7 km WNW of Cobb, CA",earthquake,0.29,0.689999998,0.22,15,automatic,nc,nc
2026-08-26T10:47:52.711Z,60.527,-139.972,8.6,1.6,ml,14,90,0.6,0.4,ak,aka2026qwoumf,2026-08-27T05:43:42.231Z,"110 km N of Yakutat, Alaska",earthquake,5.4,2.8386,0.1,12,reviewed,ak,ak
2026-08-26T10:45:00.890Z,36.398998260498,-120.98383331299,7.8600001335144,1.91,md,22,58,0.08204,0.12,nc,nc75425352,2026-08-26T12:07:23.260Z,"21 km SE of Pinnacles, CA",earthquake,0.3,0.930000007,0.14,18,automatic,nc,nc
2026-08-26T10:43:59.450Z,33.379666666667,-116.282,11.55,0.86,ml,56,37,0.08869,0.19,ci,ci41536736,2026-08-26T13:13:35.650Z,"16 km NNE of Borrego Springs, CA",earthquake,0.18,0.37,0.14443116580394,18,reviewed,ci,ci
2026-08-26T10:34:18.750Z,18.006166666667,-66.840666666667,12.42,1.98,md,7,156,0.04803,0.22,pr,pr71529873,2026-08-26T10:55:35.060Z,"2 km WNW of Indios, Puerto Rico",earthquake,0.73,1.12,0.086595968141294,5,reviewed,pr,pr
2026-08-26T10:33:22.800Z,36.316,-98.17916667,6.23,2.33,ml,88,46,0,0.11,ok,ok2026qrvd,2026-08-26T14:22:36.040Z,"7 km S of Meno, Oklahoma",earthquake,,0.2,0.24,39,reviewed,ok,ok
2026-08-26T10:32:03.600Z,36.024,-117.831,1.14,0.94,ml,22,60,0.04515,0.14,ci,ci41536728,2026-08-26T13:12:48.653Z,"11 km ESE of Coso Junction, CA",earthquake,0.17,0.21,0.17573429930655,12,reviewed,ci,ci
2026-08-26T10:29:48.893Z,32.059,-101.963,10.083,0.5,ml,13,86,0,0.1,tx,tx2026qtvzip,2026-08-26T17:06:39.882Z,"12 km ENE of Midland, Texas",earthquake,0.63196835889154,0.64061980711622,0.1,7,reviewed,tx,tx
2026-08-26T10:26:35.970Z,38.517666666667,-112.892,2.32,0.93,md,14,69,0.008783,0.08,uu,uu80150446,2026-08-26T13:24:07.420Z,"16 km NE of Milford, Utah",earthquake,0.26,0.48,0.34172056404084,8,reviewed,uu,uu
2026-08-26T10:07:22.240Z,19.3925,-154.84133333333,8.24,2.31,ml,49,276,0.09619,0.19,hv,hv75024167,2026-08-26T18:42:02.000Z,"11 km SE of Leilani Estates, Hawaii",earthquake,0.77,0.45,0.1536309335252,26,reviewed,hv,hv
2026-08-26T09:53:25.460Z,32.587333333333,-115.28116666667,21.11,1.59,ml,23,73,0.116,0.19,ci,ci41536720,2026-08-26T13:16:03.702Z,"7 km ENE of Puebla, B.C., MX",earthquake,0.24,0.63,0.3184293044674,19,reviewed,ci,ci
2026-08-26T09:51:22.122Z,21.5368,122.3274,10,4.6,mb,45,109,1.721,0.5,us,us7000tby1,2026-08-26T10:59:59.040Z,"126 km NNE of Basco, Philippines",earthquake,9.33,1.902,0.098,31,reviewed,us,us
2026-08-26T09:47:51.320Z,34.441,-119.16633333333,4.31,1.29,ml,27,56,0.02418,0.15,ci,ci41536712,2026-08-26T13:16:17.050Z,"7 km E of Ojai, CA",earthquake,0.19,0.34,0.15947041686108,26,reviewed,ci,ci
2026-08-26T09:47:34.610Z,46.092166666667,-122.12266666667,6.67,0.69,md,14,237,0.05873,0.1,uw,uw714087551,2026-08-26T17:47:26.660Z,"32 km NE of Amboy, Washington",earthquake,0.46,0.71,0.24254211886329,10,reviewed,uw,uw
2026-08-26T09:47:34.473Z,-8.3296,121.337,10,4.6,mb,31,95,3.222,0.68,us,us7000tbxz,2026-08-26T14:39:24.040Z,"67 km NNW of Ende, Indonesia",earthquake,6.11,1.927,0.129,18,reviewed,us,us
2026-08-26T09:46:02.387Z,32.471,-101.146,3.6865,1,ml,15,56,0.1,0.1,tx,tx2026qtunlf,2026-08-26T18:03:05.386Z,"17 km NW of Westbrook, Texas",earthquake,0.68526098155947,1.3106529370521,0.2,13,reviewed,tx,tx
2026-08-26T09:43:15.503Z,51.958,176.301,10,3.1,ml,10,195,1.4,0.6,ak,aka2026qwmqlc,2026-08-27T05:42:17.440Z,"233 km ESE of Attu Station, Alaska",earthquake,23.4,0,0.1,8,reviewed,ak,ak
2026-08-26T09:42:34.310Z,18.4206,-68.7866,128,4.03,md,24,228,0.4158,0.28,pr,pr2026238000,2026-08-28T09:50:28.040Z,"11 km W of San Rafael del Yuma, Dominican Republic",earthquake,5.48,2.1,0.09,13,reviewed,pr,pr
2026-08-26T09:34:59.600Z,38.838333129883,-122.80799865723,2.1099998950958,0.72,md,8,96,0.01379,0.01,nc,nc75425347,2026-08-26T11:42:20.085Z,"8 km WNW of Cobb, CA",earthquake,0.44,1.08000004,0.14,9,automatic,nc,nc
2026-08-26T09:32:26.789Z,31.521,-104.002,7.4329,1.5,ml,24,64,0,0.2,tx,tx2026qtubum,2026-08-26T13:06:59.466Z,"30 km NW of Toyah, Texas",earthquake,0.99688177361149,0.65954029961407,0.2,18,reviewed,tx,tx
2026-08-26T09:28:36.660Z,38.517833333333,-112.8955,1.82,1.57,ml,16,47,0.007855,0.1,uu,uu80150436,2026-08-26T14:33:14.840Z,"16 km NE of Milford, Utah",earthquake,0.28,0.65,0.16693727720351,4,reviewed,uu,uu
2026-08-26T09:25:45.420Z,34.017833333333,-118.38083333333,11.09,1.06,ml,27,54,0.01762,0.18,ci,ci41536704,2026-08-26T21:13:45.821Z,"1 km ESE of Culver City, CA",earthquake,0.31,0.5,0.21844742637608,12,reviewed,ci,ci
2026-08-26T09:22:30.271Z,58.169,-155.379,5,1.5,ml,9,134,0,0.1,ak,aka2026qwlyku,2026-08-26T23:29:38.060Z,"86 km NW of Karluk, Alaska",earthquake,8,,0.3,6,automatic,ak,ak
2026-08-26T09:13:58.080Z,52.9815,-169.62816666667,-1.7,0.59,ml,5,202,0.2035,0.32,av,av93066279,2026-08-26T23:55:39.400Z,"51 km W of Nikolski, Alaska",earthquake,2.31,0.78,0.214018639271,5,reviewed,av,av
2026-08-26T09:10:49.490Z,54.090166666667,-165.979,14.97,-0.09,ml,9,169,0.001585,0.13,av,av94404313,2026-08-26T23:22:35.650Z,"14 km WSW of Akutan, Alaska",earthquake,0.55,0.41,0.41121033183461,10,reviewed,av,av
2026-08-26T09:09:46.100Z,46.195333333333,-122.1625,5.81,-0.13,md,6,177,0.008054,0.06,uw,uw714087541,2026-08-26T17:40:49.350Z,"38 km NE of Amboy, Washington",earthquake,1.02,1.57,0.21491895825124,6,reviewed,uw,uw
2026-08-26T09:01:24.211Z,32.006,-103.227,6.1255,0.9,ml,15,71,0.1,0.2,tx,tx2026qttbdj,2026-08-27T15:07:09.187Z,"12 km SSW of Jal, New Mexico",earthquake,1.1229169639685,2.2750321164387,0.2,6,reviewed,tx,tx
2026-08-26T08:57:23.500Z,37.894664764404,-122.13216400147,14.510000228882,1.95,md,58,40,0.02948,0.15,nc,nc75425337,2026-08-28T22:41:41.717Z,"2 km NW of Lafayette, CA",earthquake,0.24,0.439999998,0.16,44,automatic,nc,nc
2026-08-26T08:45:51.020Z,33.250833333333,-116.67333333333,5.93,0.03,ml,10,86,0.05598,0.06,ci,ci41536696,2026-08-26T21:07:13.265Z,"5 km SW of Warner Springs, CA",earthquake,0.17,0.39,0.12294085809774,6,reviewed,ci,ci
2026-08-26T08:45:12.354Z,32.011,-103.241,5.7922,2.4,ml,17,89,0.1,0.1,tx,tx2026qtslkt,2026-08-26T14:06:10.522Z,"12 km SSW of Jal, New Mexico",earthquake,0.58012955977351,1.2183269562248,0.1,13,reviewed,tx,tx
2026-08-26T08:40:53.270Z,46.211833333333,-122.1855,4.48,0.37,md,7,129,0.03028,0.05,uw,uw714087531,2026-08-26T17:37:48.560Z,"39 km S of Morton, Washington",earthquake,0.3,0.81,0.25953789892125,6,reviewed,uw,uw
2026-08-26T08:32:42.340Z,33.2435,-116.06333333333,4.65,1.18,ml,51,56,0.07448,0.18,ci,ci41536688,2026-08-26T21:04:48.070Z,"12 km WSW of Salton City, CA",earthquake,0.15,0.56,0.12866515250882,23,reviewed,ci,ci
2026-08-26T08:22:14.400Z,33.240666666667,-116.06533333333,3.65,2.01,ml,75,22,0.07734,0.19,ci,ci41536680,2026-08-26T14:45:22.350Z,"12 km WSW of Salton City, CA",earthquake,0.13,0.35,0.16125441062047,71,reviewed,ci,ci
2026-08-26T08:19:59.796Z,32.11,-101.958,9.0576,1.1,ml,22,45,0.1,0.1,tx,tx2026qtrrlr,2026-08-26T16:04:07.012Z,"16 km W of Stanton, Texas",earthquake,0.32255587612744,0.70196181673065,0.1,12,reviewed,tx,tx
2026-08-26T08:15:44.054Z,61.772,-150.823,67.7,2,ml,40,42,0.4,0.7,ak,aka2026qwjsnt,2026-08-27T05:40:38.619Z,"30 km NNW of Susitna, Alaska",earthquake,2.8,3.5054,0.1,31,reviewed,ak,ak
2026-08-26T08:07:14.210Z,17.9435,-65.438833333333,6.2,2.94,md,9,167,0.3416,0.54,pr,pr71529843,2026-08-26T11:23:45.230Z,"17 km S of Esperanza, Puerto Rico",earthquake,1.57,2.77,0.049661102927045,7,reviewed,pr,pr
2026-08-26T07:58:53.690Z,17.959,-65.418166666667,4.25,2.85,md,21,163,0.3422,0.61,pr,pr71529828,2026-08-26T11:50:17.040Z,"16 km SSE of Esperanza, Puerto Rico",earthquake,1.35,1.87,0.12512759404702,15,reviewed,pr,pr
2026-08-26T07:49:41.430Z,38.825500488281,-122.84566497803,0.99000000953674,0.68,md,8,81,0.008642,0.06,nc,nc75425322,2026-08-26T08:57:19.941Z,"9 km NW of The Geysers, CA",earthquake,0.36,0.850000024,0.12,8,automatic,nc,nc
2026-08-26T07:47:20.380Z,57.622,-154.111,52.3,1.8,ml,24,122,0.2,0.5,ak,aka2026qwitxo,2026-08-27T05:37:30.541Z,"12 km NW of Larsen Bay, Alaska",earthquake,5.1,4.6153,0.1,16,reviewed,ak,ak
2026-08-26T07:46:11.850Z,38.838333129883,-122.83666992188,1.6699999570847,0.77,md,12,82,0.0009585,0.02,nc,nc75425317,2026-08-26T07:47:47.415Z,"10 km NW of The Geysers, CA",earthquake,0.28,0.649999976,0.17,12,automatic,nc,nc
2026-08-26T07:45:30.570Z,38.798168182373,-122.80516815185,1.6299999952316,0.76,md,12,59,0.009964,0.03,nc,nc75425312,2026-08-26T07:47:07.619Z,"5 km WNW of The Geysers, CA",earthquake,0.3,0.589999974,0.19,13,automatic,nc,nc
2026-08-26T07:44:46.140Z,48.969666666667,-118.30066666667,4.47,0.98,md,5,214,0.4096,0.15,uw,uw714087511,2026-08-26T17:33:36.700Z,"6 km WSW of Laurier, Washington",earthquake,1.34,3.68,0.11182899583587,2,reviewed,uw,uw
2026-08-26T07:42:55.290Z,38.837333679199,-122.83567047119,1.5099999904633,0.36,md,7,104,0.001262,0.01,nc,nc75425307,2026-08-26T08:47:25.862Z,"10 km NW of The Geysers, CA",earthquake,0.35,1.21000004,0.29,9,automatic,nc,nc
2026-08-26T07:41:27.900Z,38.838001251221,-122.83650207519,1.7400000095367,1.08,md,18,81,0.0009864,0.01,nc,nc75425297,2026-08-26T08:22:22.701Z,"10 km NW of The Geysers, CA",earthquake,0.22,0.389999986,0.15,21,automatic,nc,nc
2026-08-26T07:38:31.360Z,38.838001251221,-122.83650207519,1.6200000047684,1.05,md,18,108,0.0009864,0.02,nc,nc75425292,2026-08-26T08:07:22.596Z,"10 km NW of The Geysers, CA",earthquake,0.24,0.360000014,0.1,21,automatic,nc,nc
2026-08-26T07:33:12.960Z,58.546,-153.036,69.6,1.9,ml,26,84,0.3,0.4,ak,aka2026qwihrq,2026-08-27T05:35:36.485Z,"54 km N of Aleneva, Alaska",earthquake,4.1,4.1144,0.2,18,reviewed,ak,ak
2026-08-26T07:32:17.399Z,44.6862,146.4404,159.458,4.7,mb,68,131,2.815,0.77,us,us7000tbxl,2026-08-26T07:52:00.040Z,"82 km NE of Otrada, Russia",earthquake,10.52,7.469,0.028,373,reviewed,us,us
2026-08-26T07:22:12.420Z,48.445166666667,-122.50266666667,25.52,1.17,ml,17,82,0.06812,0.17,uw,uw714087501,2026-08-26T17:28:20.540Z,"4 km SSW of Bay View, Washington",earthquake,0.39,0.69,0.22265796037543,4,reviewed,uw,uw
2026-08-26T07:17:26.690Z,38.78466796875,-122.74433135986,-0.0099999997764826,0.79,md,7,117,0.006114,0.05,nc,nc75425282,2026-08-26T09:27:22.137Z,"1 km NE of The Geysers, CA",earthquake,0.48,0.579999983,0.25,7,automatic,nc,nc
2026-08-26T07:16:51.120Z,46.211666666667,-122.19533333333,1.15,0.56,md,10,78,0.01335,0.06,uw,uw714087491,2026-08-26T17:24:38.670Z,"38 km NNE of Amboy, Washington",earthquake,0.19,0.32,0.62436182306404,7,reviewed,uw,uw
2026-08-26T07:12:57.610Z,33.112333333333,-115.59766666667,9.8,1.48,ml,36,41,0.01711,0.25,ci,ci41536672,2026-08-26T19:47:19.218Z,"8 km W of Calipatria, CA",earthquake,0.29,0.49,0.30191664994238,19,reviewed,ci,ci
2026-08-26T07:09:18.700Z,18.707833333333,-64.9435,17.68,2.98,md,4,253,0.3538,0.06,pr,pr71529878,2026-08-26T11:35:47.830Z,"40 km N of Charlotte Amalie, U.S. Virgin Islands",earthquake,0.86,0.82,0.029766183914287,4,reviewed,pr,pr
2026-08-26T07:06:20.058Z,32.108,-101.955,8.7402,1.9,ml,56,37,0,0.1,tx,tx2026qtpfyy,2026-08-26T17:41:21.140Z,"15 km W of Stanton, Texas",earthquake,0.2289761371467,0.33478070538557,0.2,34,reviewed,tx,tx
2026-08-26T06:58:46.650Z,45.900333333333,-122.41066666667,17.68,0.79,md,13,246,0.03273,0.09,uw,uw714087481,2026-08-26T17:18:25.320Z,"2 km ESE of Amboy, Washington",earthquake,0.62,0.31,0.17263648259687,9,reviewed,uw,uw
2026-08-26T06:55:29.095Z,52.328,-165.439,17.8,2.6,ml,25,275,1.7,0.4,ak,aka2026qwhazk,2026-08-27T05:32:51.442Z,"187 km SSE of Unalaska, Alaska",earthquake,18,12.0914,0.1,19,reviewed,ak,ak
2026-08-26T06:55:06.010Z,38.832668304443,-122.80883026123,0.68999999761581,0.71,md,7,76,0.009311,0.02,nc,nc75425277,2026-08-26T09:07:22.006Z,"8 km W of Cobb, CA",earthquake,0.39,1.47000003,0.1,10,automatic,nc,nc
2026-08-26T06:54:52.876Z,39.7276,143.6596,10,4.8,mb,55,135,2.251,0.89,us,us7000tbxf,2026-08-26T07:12:47.040Z,"147 km E of Miyako, Japan",earthquake,7.86,1.874,0.05,123,reviewed,us,us
2026-08-26T06:52:21.470Z,38.758834838867,-122.93016815185,0.79000002145767,0.84,md,10,131,0.06616,0.03,nc,nc75425272,2026-08-26T08:32:21.759Z,"9 km SE of Cloverdale, CA",earthquake,0.39,2.51999998,0.15,10,automatic,nc,nc
2026-08-26T06:50:04.570Z,44.822166666667,-110.45533333333,7.86,0.96,ml,14,88,0.1008,0.21,uu,uu80150426,2026-08-26T15:10:49.250Z,"25 km SE of Mammoth, Wyoming",earthquake,0.56,0.95,0.27302394538017,3,reviewed,uu,uu
2026-08-26T06:49:38.740Z,38.508,-112.89366666667,1.92,1.84,ml,22,44,0.008455,0.12,uu,uu80150421,2026-08-26T13:32:03.620Z,"16 km NE of Milford, Utah",earthquake,0.25,0.43,0.1149493073151,5,reviewed,uu,uu
2026-08-26T06:41:28.658Z,31.792,-103.74,9.4708,1.4,ml,33,53,0.1,0.2,tx,tx2026qtokno,2026-08-26T17:55:19.646Z,"16 km NW of Mentone, Texas",earthquake,0.37876982486849,0.5818423013063,0.1,25,reviewed,tx,tx
2026-08-26T06:26:39.390Z,19.048334121704,-155.36383056641,31,1.73,md,21,245,0.1414,0.300000012,hv,hv75024077,2026-08-26T06:30:20.600Z,"20 km SE of Pāhala, Hawaii",earthquake,2.39,1.55999994,0.10133654674803,14,automatic,hv,hv
2026-08-26T06:22:35.020Z,36.025666666667,-117.774,2.13,0.45,ml,13,65,0.0071,0.1,ci,ci41536664,2026-08-26T20:50:16.689Z,"16 km NE of Little Lake, CA",earthquake,0.18,0.17,0.23746703356604,5,reviewed,ci,ci
2026-08-26T06:21:47.920Z,51.736,177.575,69.2,2.5,ml,12,320,0.6,0.4,ak,aka2026qwfxwc,2026-08-27T05:31:24.504Z,"Rat Islands, Aleutian Islands, Alaska",earthquake,18.8,6.5793,0.2,10,reviewed,ak,ak
2026-08-26T06:21:18.596Z,31.795,-103.739,7.7405,1.1,ml,13,80,0.1,0.1,tx,tx2026qtnswu,2026-08-27T14:19:00.559Z,"16 km NW of Mentone, Texas",earthquake,0.54562843555624,1.1274340919539,0.1,6,reviewed,tx,tx
2026-08-26T06:15:03.040Z,18.009166666667,-67.079833333333,13.9,2.31,md,14,126,0.02846,0.19,pr,pr71529808,2026-08-26T10:26:09.320Z,"3 km S of Palmarejo, Puerto Rico",earthquake,0.6,0.43,0.096399121774718,7,reviewed,pr,pr
2026-08-26T06:08:57.350Z,36.312166666667,-89.535333333333,9.69,1.78,md,27,37,0.02817,0.05,nm,nm60627296,2026-08-26T12:48:41.660Z,"6 km NW of Ridgely, Tennessee",earthquake,0.49,0.43,0.11594692006743,19,reviewed,nm,nm
2026-08-26T06:07:14.710Z,38.785331726074,-122.94383239746,4.1300001144409,1.04,md,12,126,0.0578,0.04,nc,nc75425267,2026-08-26T06:47:25.086Z,"7 km ESE of Cloverdale, CA",earthquake,0.46,1.40999997,0.2,11,automatic,nc,nc
2026-08-26T06:06:35.410Z,36.023333333333,-117.77766666667,1.69,0.77,ml,22,48,0.01023,0.14,ci,ci41536656,2026-08-26T13:14:36.958Z,"15 km NE of Little Lake, CA",earthquake,0.17,0.17,0.20498962540547,10,reviewed,ci,ci
2026-08-26T06:04:44.685Z,53.61,-165.331,34.2,1.9,ml,20,255,0.5,0.6,ak,aka2026qwfizv,2026-08-27T05:29:07.249Z,"65 km SSE of Akutan, Alaska",earthquake,8.7,5.8576,0.1,16,reviewed,ak,ak
2026-08-26T06:00:35.000Z,28.27,85.515,0,4.2,ms_vx,0,,,1.42,us,us7000tc90,2026-08-27T23:22:09.676Z,"55 km NW of Kodāri̇̄, Nepal",landslide,19.97,1.988,0.148,8,reviewed,us,us
2026-08-26T05:57:03.490Z,19.415,-155.41783333333,7.21,2.13,ml,52,35,0.05663,0.17,hv,hv75024057,2026-08-27T05:21:46.040Z,"19 km W of Volcano, Hawaii",earthquake,0.27,0.61,0.26965636196151,38,reviewed,hv,hv
2026-08-26T05:56:47.280Z,38.798667907715,-122.75133514404,3.2799999713898,0.91,md,9,97,0.006831,0.01,nc,nc75425257,2026-08-26T08:07:21.590Z,"2 km N of The Geysers, CA",earthquake,0.45,1.25999999,0.17,10,automatic,nc,nc
2026-08-26T05:53:19.810Z,45.342166666667,-112.56983333333,10.66,1.19,ml,10,108,0.07684,0.05,mb,mb90206183,2026-08-28T20:44:09.550Z,"14 km NNE of Dillon, Montana",earthquake,0.62,0.81,0.17777169525242,9,reviewed,mb,mb
2026-08-26T05:52:15.655Z,31.687,-104.299,7.5354,2.2,ml,43,67,0,0.2,tx,tx2026qtmtuu,2026-08-26T08:18:07.828Z,"54 km S of Whites City, New Mexico",earthquake,0.71032935715373,0.58856356742883,0.2,25,reviewed,tx,tx
2026-08-26T05:48:56.517Z,32.458,-101.281,7.1533,0.9,ml,17,54,0,0.2,tx,tx2026qtmrhd,2026-08-26T12:04:40.578Z,"18 km N of Coahoma, Texas",earthquake,0.5611829400666,0.68235546275941,0.2,6,reviewed,tx,tx
2026-08-26T05:45:05.013Z,-52.7725,11.6756,10,4.8,mb,28,95,21.427,0.9,us,us7000tbx8,2026-08-26T06:39:31.040Z,southwest of Africa,earthquake,14.53,1.869,0.135,19,reviewed,us,us
2026-08-26T05:42:47.175Z,56.528,-135.117,25.9,1.6,ml,9,214,0.5,0.4,ak,aka2026qwepxf,2026-08-27T05:28:04.415Z,"42 km NW of Port Alexander, Alaska",earthquake,11,4.9092,0.1,6,reviewed,ak,ak
2026-08-26T05:41:53.950Z,35.673166666667,-117.47066666667,8.07,1.07,ml,28,48,0.03907,0.18,ci,ci41536648,2026-08-26T13:14:53.768Z,"12 km SSW of Searles Valley, CA",earthquake,0.25,0.62,0.1579733125288,14,reviewed,ci,ci
2026-08-26T05:35:25.560Z,18.941499710083,-155.43865966797,29.120000839233,1.71,md,20,239,0.2139,0.200000003,hv,hv75024032,2026-08-26T05:38:58.200Z,"20 km SE of Naalehu, Hawaii",earthquake,1.12,2.04999995,0.11692665243708,12,automatic,hv,hv
2026-08-26T05:28:24.720Z,61.139666666667,-152.2895,3.84,0.21,ml,13,117,0.06122,0.12,av,av94404058,2026-08-26T23:03:05.620Z,"62 km W of Tyonek, Alaska",earthquake,0.32,0.28,0.23075745237836,13,reviewed,av,av
2026-08-26T05:25:20.833Z,53.757,-164.119,18.8,2.6,ml,33,230,0.8,0.6,ak,aka2026qweatw,2026-08-27T05:27:08.929Z,"116 km ESE of Akutan, Alaska",earthquake,4.6,3.8865,0.1,24,reviewed,ak,ak
2026-08-26T05:15:38.690Z,38.806331634521,-122.81800079346,3,0.36,md,9,133,0.009093,0.01,nc,nc75425237,2026-08-26T05:47:24.645Z,"6 km WNW of The Geysers, CA",earthquake,0.61,0.579999983,0.13,11,automatic,nc,nc
2026-08-26T05:12:22.212Z,31.8,-103.744,7.8943,1.4,ml,44,52,0.1,0.2,tx,tx2026qtllun,2026-08-26T10:01:59.219Z,"17 km NW of Mentone, Texas",earthquake,0.47641102510606,1.1994074089507,0.1,24,reviewed,tx,tx
2026-08-26T05:05:34.490Z,19.4175,-155.27066666667,0.5,1.99,ml,12,104,0.009936,0.12,hv,hv75024012,2026-08-26T19:20:04.540Z,"4 km SW of Volcano, Hawaii",earthquake,0.19,0.15,0.25776090598737,7,reviewed,hv,hv
2026-08-26T05:02:20.870Z,36.172832489014,-119.61316680908,20.510000228882,2.49,md,19,61,0.1159,0.26,nc,nc75425232,2026-08-26T07:42:22.440Z,"10 km NNW of Corcoran, CA",earthquake,0.57,0.879999995,0.27,19,automatic,nc,nc
2026-08-26T04:59:26.720Z,31.793,-103.744,9.035,3,ml,54,42,0.1,0.2,tx,tx2026qtlaoj,2026-08-26T15:52:50.491Z,"16 km NW of Mentone, Texas",earthquake,0.35305956951079,0.64219545186731,0.1,20,reviewed,tx,tx
2026-08-26T04:55:34.708Z,51.593,179.166,12.9,2.9,ml,28,153,0.2,0.6,ak,aka2026qwdazg,2026-08-27T05:24:06.673Z,"291 km W of Adak, Alaska",earthquake,5.7,2.5501,0.1,22,reviewed,ak,ak
2026-08-26T04:54:59.479Z,36.18533333,-97.33133333,8.33,0.81,ml,42,61,0.1079788109,0.2,ok,ok2026qrjy,2026-08-27T12:52:17.427Z,"5 km NE of Orlando, Oklahoma",earthquake,,1.6,0.16,23,reviewed,ok,ok
2026-08-26T04:53:57.787Z,32.009,-103.235,6.0999,0.8,ml,15,70,0.1,0.2,tx,tx2026qtkvwj,2026-08-26T15:11:16.353Z,"12 km SSW of Jal, New Mexico",earthquake,0.96863375920262,1.8595862224079,0.1,6,reviewed,tx,tx
2026-08-26T04:52:00.954Z,51.853,-173.816,9.6,2.2,ml,16,285,0.4,0.4,ak,aka2026qwcxxd,2026-08-27T05:21:57.684Z,"46 km SE of Atka, Alaska",earthquake,17.3,8.8817,0.1,12,reviewed,ak,ak
2026-08-26T04:42:56.600Z,33.414833333333,-116.63833333333,7.46,-0.14,ml,27,70,0.08519,0.14,ci,ci41536624,2026-08-26T13:15:45.550Z,"15 km N of Warner Springs, CA",earthquake,0.19,0.55,0.038468282438305,3,reviewed,ci,ci
2026-08-26T04:40:34.567Z,53.372,-166.97,14.6,1.8,ml,21,209,0.4,0.3,ak,aka2026qwcnzh,2026-08-27T05:19:34.205Z,"62 km SSW of Unalaska, Alaska",earthquake,11.3,5.7088,0.2,16,reviewed,ak,ak
2026-08-26T04:37:36.996Z,60.641,-150.469,52.3,2.6,ml,66,52,0.4,0.7,ak,aka2026qwclke,2026-08-27T05:18:40.826Z,"19 km NE of Sterling, Alaska",earthquake,2.4,3.4311,0.2,50,reviewed,ak,ak
2026-08-26T04:35:11.500Z,53.347333333333,-168.20816666667,6.64,-0.14,ml,7,306,0.02927,0.35,av,av93066269,2026-08-26T22:56:34.180Z,"63 km NE of Nikolski, Alaska",earthquake,2.05,1.53,0.21202424847875,6,reviewed,av,av
2026-08-26T04:28:45.100Z,33.508833333333,-117.303,15.82,1.21,ml,57,66,0.1039,0.15,ci,ci41536616,2026-08-26T13:15:40.730Z,"10 km WSW of Murrieta, CA",earthquake,0.15,0.37,0.27414279383812,28,reviewed,ci,ci
2026-08-26T04:26:49.550Z,38.828666687012,-122.81483459473,1.5,1.06,md,21,46,0.006445,0.04,nc,nc75425207,2026-08-26T05:17:22.439Z,"8 km NW of The Geysers, CA",earthquake,0.21,0.360000014,0.16,21,automatic,nc,nc
2026-08-26T04:26:42.858Z,31.998,-102.363,3.9551,0.1,ml,12,78,0,0.2,tx,tx2026qtjyfj,2026-08-26T13:18:31.257Z,"2 km SSE of Gardendale, Texas",earthquake,1.7018445341878,2.4192530524022,0.1,7,reviewed,tx,tx
2026-08-26T04:15:35.530Z,18.4085,-64.7465,93.91,2.42,md,3,180,0.2071,0.24,pr,pr71529868,2026-08-26T10:04:57.740Z,"9 km NNE of Cruz Bay, U.S. Virgin Islands",earthquake,19.82,2.31,0.043918049040676,2,reviewed,pr,pr
2026-08-26T03:51:41.290Z,52.087166666667,-176.14416666667,9.97,-0.16,ml,5,154,0.02155,0.26,av,av94403983,2026-08-26T22:52:03.820Z,"41 km NE of Adak, Alaska",earthquake,1.48,1.75,0.14895742086118,5,reviewed,av,av
2026-08-26T03:50:15.157Z,31.536,-104,6.3562,1.6,ml,44,55,0,0.2,tx,tx2026qtiswk,2026-08-26T09:39:35.605Z,"31 km NW of Toyah, Texas",earthquake,0.65643755031194,0.59217096884323,0.2,28,reviewed,tx,tx
2026-08-26T03:45:41.681Z,60.971,-151.295,73.6,1.5,ml,17,59,0.5,0.4,ak,aka2026qwasjs,2026-08-27T05:10:57.090Z,"13 km SW of Tyonek, Alaska",earthquake,4.7,5.273,0.1,12,reviewed,ak,ak
2026-08-26T03:42:50.260Z,19.15299987793,-155.5008392334,28.059999465942,1.75,md,18,210,0.09489,0.140000001,hv,hv75024002,2026-08-26T03:46:34.030Z,"6 km SSW of Pāhala, Hawaii",earthquake,1.07,0.889999986,0.20503323851257,12,automatic,hv,hv
2026-08-26T03:37:38.583Z,31.529,-104.001,6.792,2.3,ml,38,56,0,0.2,tx,tx2026qtiidn,2026-08-26T07:45:09.932Z,"30 km NW of Toyah, Texas",earthquake,0.71942067691242,0.63386197773143,0.2,29,reviewed,tx,tx
2026-08-26T03:26:23.725Z,57.643,-155.017,71.1,1.6,ml,11,216,0.4,0.2,ak,aka2026qwabqs,2026-08-27T05:07:55.995Z,"34 km WNW of Karluk, Alaska",earthquake,10.2,6.2069,0.2,8,reviewed,ak,ak
2026-08-26T03:19:54.704Z,32.105,-101.922,8.7646,1,ml,20,65,0.1,0.1,tx,tx2026qthsxe,2026-08-26T11:07:25.746Z,"12 km WSW of Stanton, Texas",earthquake,0.37070380938348,0.96039801015795,0.2,7,reviewed,tx,tx
2026-08-26T03:18:56.753Z,51.379,-177.04,31.1,1.9,ml,21,216,0.4,0.4,ak,aka2026qvzveo,2026-08-27T05:06:27.879Z,"61 km SSW of Adak, Alaska",earthquake,8.6,4.3832,0.2,13,reviewed,ak,ak
2026-08-26T03:16:43.982Z,63.412,-149.336,95.7,1.6,ml,23,75,0.2,0.7,ak,aka2026qvzthb,2026-08-26T19:45:43.929Z,"19 km W of Cantwell, Alaska",earthquake,3.7,3.4226,0.2,17,reviewed,ak,ak
2026-08-26T03:12:29.368Z,51.94,176.298,10,3.1,ml,15,196,1.4,0.6,ak,aka2026qvzppi,2026-08-26T19:46:57.782Z,"234 km ESE of Attu Station, Alaska",earthquake,22.4,0,0.2,12,reviewed,ak,ak
2026-08-26T02:56:42.016Z,59.93,-153.176,130.6,3.4,ml,189,33,0.1,0.9,ak,aka2026qvzbwa,2026-08-26T19:42:03.044Z,"54 km ENE of Pedro Bay, Alaska",earthquake,2.1,1.1217,0.3,132,reviewed,ak,ak
2026-08-26T02:56:37.460Z,51.939,176.273,10,2.8,ml,9,196,1.4,0.7,ak,aka2026qvzbwe,2026-08-26T19:43:23.427Z,"233 km ESE of Attu Station, Alaska",earthquake,23.1,0,0.1,7,reviewed,ak,ak
2026-08-26T02:54:51.530Z,60.535,-152.77,6.94,-0.38,ml,7,72,0.05843,0.03,av,av94403908,2026-08-26T22:20:31.890Z,"80 km W of Salamatof, Alaska",earthquake,0.23,0.57,0.31633568347522,7,reviewed,av,av
2026-08-26T02:52:10.000Z,28.271,85.515,0,5.2,ms_vx,0,,,11.91,us,us7000tbwb,2026-08-28T06:58:30.526Z,"55 km NW of Kodāri̇̄, Nepal",landslide,0,0,0.09,26,reviewed,us,us
2026-08-26T02:48:52.961Z,54.603,-161.219,14.2,2.2,ml,12,243,0.7,0.4,ak,aka2026qvyvdb,2026-08-26T19:23:00.391Z,"87 km SE of King Cove, Alaska",earthquake,7.5,3.6719,0.1,10,reviewed,ak,ak
2026-08-26T02:36:08.200Z,61.301166666667,-152.34033333333,2.19,-0.36,ml,8,174,0.04494,0.33,av,av93066264,2026-08-26T22:27:33.340Z,"69 km WNW of Tyonek, Alaska",earthquake,0.99,1.75,0.13161590943717,8,reviewed,av,av
2026-08-26T02:32:06.710Z,38.485166666667,-112.905,2.91,0.92,md,12,84,0.01071,0.06,uu,uu80150416,2026-08-26T15:21:32.160Z,"13 km NE of Milford, Utah",earthquake,0.32,0.61,0.46308758596253,4,reviewed,uu,uu
2026-08-26T02:24:09.415Z,36.4889,71.3629,93.702,4.5,mb,67,69,2.028,0.57,us,us7000tbw6,2026-08-26T03:06:24.040Z,"26 km SW of Ashkāsham, Afghanistan",earthquake,6.97,7.689,0.075,52,reviewed,us,us
2026-08-26T02:05:46.773Z,-6.6192,127.5468,10,4.5,mb,12,127,3.138,0.72,us,us7000tbw5,2026-08-26T02:21:12.040Z,"218 km NNE of Lospalos, Timor Leste",earthquake,6.47,1.934,0.18,9,reviewed,us,us
2026-08-26T01:58:51.160Z,38.827667236328,-122.81500244141,2.1600000858307,0.67,md,8,77,0.005746,0.01,nc,nc75425177,2026-08-26T02:00:26.929Z,"8 km NW of The Geysers, CA",earthquake,0.45,1.17999995,0.45,10,automatic,nc,nc
2026-08-26T01:57:48.740Z,38.825832366943,-122.81349945068,2.1300001144409,1.91,md,40,45,0.003617,0.04,nc,nc75425172,2026-08-26T06:07:20.795Z,"7 km NW of The Geysers, CA",earthquake,0.17,0.25,0.16,42,automatic,nc,nc
2026-08-26T01:48:11.757Z,-6.6411,127.493,11.628,4.8,mb,38,95,3.192,0.49,us,us7000tbw3,2026-08-26T02:58:07.040Z,"215 km NNE of Lospalos, Timor Leste",earthquake,6.44,4.669,0.102,30,reviewed,us,us
2026-08-26T01:44:33.060Z,20.161833333333,-156.36666666667,5.41,2.46,ml,25,218,0.5552,0.17,hv,hv75023967,2026-08-26T03:00:24.400Z,"55 km S of Mākena, Hawaii",earthquake,0.74,1.25,0.087483237303608,6,reviewed,hv,hv
2026-08-26T01:40:50.360Z,51.779166666667,-178.82316666667,6.67,0.2,ml,5,145,0.0208,0.14,av,av94403828,2026-08-26T20:14:23.470Z,"151 km W of Adak, Alaska",earthquake,0.67,0.91,0.36124273724849,5,reviewed,av,av
2026-08-26T01:37:01.106Z,-25.5207,-70.9248,31.754,4.2,mwr,34,142,0.69,0.85,us,us7000tbw0,2026-08-26T02:43:41.040Z,"45 km WSW of Taltal, Chile",earthquake,4,5.119,0.051,37,reviewed,us,us
2026-08-26T01:32:22.524Z,61.495,-151.546,101.5,2.3,ml,68,39,0.1,0.7,ak,aka2026qvwgup,2026-08-26T19:22:30.425Z,"46 km NNW of Beluga, Alaska",earthquake,2.3,1.8419,0.2,51,reviewed,ak,ak
2026-08-26T01:31:55.012Z,-7.813,120.2856,10,4.6,mb,21,83,2.831,0.53,us,us7000tbw1,2026-08-26T02:33:49.040Z,"87 km NNE of Labuan Bajo, Indonesia",earthquake,9.16,1.936,0.146,14,reviewed,us,us
2026-08-26T01:30:16.350Z,33.182166666667,-116.72316666667,12.05,0.59,ml,26,58,0.06141,0.19,ci,ci41536592,2026-08-26T18:47:07.553Z,"8 km SSE of Lake Henshaw, CA",earthquake,0.27,0.6,0.16436102275962,13,reviewed,ci,ci
2026-08-26T01:21:30.740Z,36.056166666667,-117.8515,2.63,0.86,ml,21,50,0.0577,0.12,ci,ci41536584,2026-08-26T02:49:08.818Z,"9 km E of Coso Junction, CA",earthquake,0.15,0.19,0.22512271313679,14,reviewed,ci,ci
2026-08-26T01:21:27.287Z,52.145,176.365,3.6,3.9,ml,36,182,1.3,0.9,ak,aka2026qvvxqr,2026-08-26T18:16:30.056Z,"229 km ESE of Attu Station, Alaska",earthquake,17.6,4.1876,0.2,25,reviewed,ak,ak
2026-08-26T01:20:41.790Z,38.509833333333,-112.89016666667,2.62,1.79,ml,21,44,0.006094,0.09,uu,uu80150406,2026-08-26T14:00:21.760Z,"16 km NE of Milford, Utah",earthquake,0.22,0.31,0.023180812458217,5,reviewed,uu,uu
2026-08-26T01:19:30.070Z,51.976,176.313,10,3.9,ml,8,193,1.4,0.7,ak,aka2026qvvvrv,2026-08-26T18:13:41.266Z,"233 km ESE of Attu Station, Alaska",earthquake,24.3,0,0.5,6,reviewed,ak,ak
2026-08-26T01:14:00.700Z,33.931333333333,-117.19316666667,12.32,1.58,ml,19,89,0.07024,0.2,ci,ci41536576,2026-08-26T02:49:16.613Z,"3 km E of Moreno Valley, CA",earthquake,0.35,0.78,0.38762340814691,18,reviewed,ci,ci
2026-08-26T01:09:47.098Z,32.013,-103.238,5.9973,1.6,ml,20,69,0.1,0.2,tx,tx2026qtdkqb,2026-08-26T09:02:42.697Z,"11 km SSW of Jal, New Mexico",earthquake,0.65729046269223,1.0961567924846,0.1,7,reviewed,tx,tx
2026-08-26T01:07:53.360Z,38.479666666667,-112.90266666667,2.53,1.35,md,12,112,0.01032,0.13,uu,uu80007918,2026-08-26T13:46:12.750Z,"13 km NE of Milford, Utah",earthquake,0.4,0.59,0.46310637649961,4,reviewed,uu,uu
2026-08-26T01:07:11.700Z,38.4835,-112.90366666667,2.14,1.77,ml,24,42,0.009765,0.15,uu,uu80150396,2026-08-26T13:19:48.570Z,"13 km NE of Milford, Utah",earthquake,0.26,0.5,0.19626587886159,5,reviewed,uu,uu
2026-08-26T01:04:55.690Z,35.863833333333,-117.67683333333,5.06,0.63,ml,19,67,0.08036,0.15,ci,ci41536568,2026-08-26T02:49:25.839Z,"22 km ESE of Little Lake, CA",earthquake,0.2,0.77,0.12622229286849,9,reviewed,ci,ci
2026-08-26T01:04:27.340Z,47.658833333333,-123.53116666667,35.28,1.71,ml,24,64,0.1968,0.12,uw,uw714087451,2026-08-26T17:08:47.080Z,"35 km NE of Amanda Park, Washington",earthquake,0.26,0.64,0.13228670934706,6,reviewed,uw,uw
2026-08-26T00:57:02.009Z,31.671,-104.332,6.7664,1.8,ml,33,68,0.1,0.2,tx,tx2026qtcyzx,2026-08-26T09:13:50.545Z,"56 km S of Whites City, New Mexico",earthquake,0.79566828468657,0.74256853338493,0.2,20,reviewed,tx,tx
2026-08-26T00:55:02.090Z,38.487,-112.90683333333,2.9,1.35,ml,19,62,0.01232,0.09,uu,uu80150391,2026-08-26T14:10:53.550Z,"13 km NE of Milford, Utah",earthquake,0.26,0.38,0.12856652389638,3,reviewed,uu,uu
2026-08-26T00:49:08.016Z,60.305,-147.699,12.7,2.1,ml,34,94,0.3,0.7,ak,aka2026qvuvhr,2026-08-26T18:10:20.545Z,"31 km NNE of Chenega, Alaska",earthquake,2.3,1.4947,0.2,25,reviewed,ak,ak
2026-08-26T00:46:14.970Z,32.01,-102.379,5.249,0.7,ml,15,73,0,0.2,tx,tx2026qtcodv,2026-08-26T10:52:29.687Z,"1 km S of Gardendale, Texas",earthquake,1.4359207351279,1.6617254442987,0.2,7,reviewed,tx,tx
2026-08-26T00:45:21.820Z,19.221166610718,-155.33917236328,31.209999084473,1.73,md,16,210,0.05746,0.100000001,hv,hv75023952,2026-08-26T00:49:03.550Z,"14 km E of Pāhala, Hawaii",earthquake,1.34,0.790000021,0.11161989859473,11,automatic,hv,hv
2026-08-26T00:45:10.589Z,54.083,-165.755,94.5,1.9,ml,28,177,0,0.8,ak,aka2026qvuryd,2026-08-26T18:07:17.067Z,"5 km SSE of Akutan, Alaska",earthquake,28,2.6759,0.4,22,reviewed,ak,ak
2026-08-26T00:41:09.324Z,51.932,-166.345,16.8,2.4,ml,14,311,1.8,0.2,ak,aka2026qvuojn,2026-08-26T17:47:21.290Z,"204 km SE of Nikolski, Alaska",earthquake,39,26.6402,0,12,reviewed,ak,ak
2026-08-26T00:38:58.697Z,51.9507,176.3412,31.085,2.8,ml,15,194,1.343,0.53,us,us7000tbzy,2026-08-26T21:40:28.040Z,"236 km ESE of Attu Station, Alaska",earthquake,5.15,13.573,0.091,16,reviewed,us,us
2026-08-26T00:35:50.378Z,60.535,-152.671,6.5,1.9,ml,33,43,0.1,0.4,ak,aka2026qvujuc,2026-08-26T21:54:29.450Z,"74 km W of Salamatof, Alaska",earthquake,2.6,1.5867,0.2,24,reviewed,ak,ak
2026-08-26T00:34:31.101Z,53.782,-165.185,35.1,2.5,ml,37,198,0.4,0.7,ak,aka2026qvuifn,2026-08-26T17:14:40.497Z,"55 km SE of Akutan, Alaska",earthquake,6.8,4.6047,0.1,28,reviewed,ak,ak
2026-08-26T00:30:20.910Z,19.342166900635,-155.18299865723,1.1299999952316,1.77,md,20,77,0.03928,0.310000002,hv,hv75023947,2026-08-26T00:33:47.220Z,"12 km SSE of Volcano, Hawaii",earthquake,0.59,0.699999988,0.084366126068038,3,automatic,hv,hv
2026-08-26T00:25:40.537Z,32.337,-101.536,4.5166,1,ml,19,83,0,0.1,tx,tx2026qtbyru,2026-08-26T10:40:36.258Z,"11 km NNW of Big Spring, Texas",earthquake,0.45037388947086,0.73363834618057,0.2,10,reviewed,tx,tx
2026-08-26T00:25:00.630Z,56.733833333333,-158.42283333333,15.58,0.54,ml,5,181,0.1028,0.15,av,av94403683,2026-08-26T21:48:59.080Z,"47 km N of Chignik Lagoon, Alaska",earthquake,1.67,1.16,0.28171272716203,5,reviewed,av,av
2026-08-26T00:21:23.703Z,32.392,-101.615,5.3467,0.7,ml,13,79,0,0.1,tx,tx2026qtbvak,2026-08-26T11:11:24.462Z,"17 km SSE of Ackerly, Texas",earthquake,0.87216077668778,0.93351945352893,0.2,7,reviewed,tx,tx
2026-08-26T00:16:55.088Z,31.7485,78.0893,49.347,4,mb,21,176,4.484,0.84,us,us7000tbvm,2026-08-26T05:18:52.040Z,"38 km NE of Sarāhan, India",earthquake,14.49,13.226,0.164,10,reviewed,us,us
2026-08-26T00:09:12.620Z,60.592,-139.978,4.1,1.9,ml,13,141,0.5,0.7,ak,aka2026qvtmpk,2026-08-26T17:17:02.908Z,"117 km N of Yakutat, Alaska",earthquake,4.5,3.5053,0.1,11,reviewed,ak,ak
2026-08-25T23:58:58.700Z,31.668,-104.48,6.2024,1.9,ml,26,71,0,0.2,tx,tx2026qtbbsm,2026-08-26T08:47:38.186Z,"57 km S of Whites City, New Mexico",earthquake,1.0541617293104,0.66546048791903,0.1,12,reviewed,tx,tx
2026-08-25T23:58:02.870Z,19.1745,-155.58366666667,7.81,2.61,ml,39,104,0.07713,0.27,hv,hv75023942,2026-08-26T05:13:28.040Z,"11 km WSW of Pāhala, Hawaii",earthquake,0.41,0.75,0.19959412235047,27,reviewed,hv,hv
2026-08-25T23:52:50.008Z,31.136,-103.408,1.5112,1.5,ml,11,78,0,0.2,tx,tx2026qtawjt,2026-08-26T19:36:01.104Z,"28 km SSE of Lindsay, Texas",earthquake,1.3005832321016,2.2636266700263,0.2,11,reviewed,tx,tx
2026-08-25T23:47:56.302Z,32.246,-101.768,8.4229,2.2,ml,103,16,0,0.2,tx,tx2026qtasew,2026-08-26T08:37:27.435Z,"13 km N of Stanton, Texas",earthquake,0.28731303509893,0.47528686345831,0.2,47,reviewed,tx,tx
2026-08-25T23:47:41.250Z,31.671,-104.483,6.2024,1.7,ml,26,71,0,0.2,tx,tx2026qtarzk,2026-08-26T14:55:59.997Z,"56 km S of Whites City, New Mexico",earthquake,1.2311827545513,0.6463740439607,0.1,20,reviewed,tx,tx
2026-08-25T23:38:56.000Z,46.237333333333,-111.94266666667,8.26,0.67,ml,6,122,0.09156,0.31,mb,mb90206138,2026-08-26T20:55:48.340Z,"4 km S of Elkhorn, Montana",earthquake,1.06,2.11,0.072345471175017,4,reviewed,mb,mb
2026-08-25T23:26:43.799Z,53.378,-165.066,2.7,2.4,ml,25,229,0.8,0.6,ak,aka2026qvsbty,2026-08-27T04:45:00.535Z,"96 km SSE of Akutan, Alaska",earthquake,5.8,3.9765,0.1,19,reviewed,ak,ak
2026-08-25T23:25:11.220Z,36.062333333333,-117.844,2.27,0.9,ml,22,67,0.05583,0.13,ci,ci41536552,2026-08-26T02:49:29.704Z,"10 km ENE of Coso Junction, CA",earthquake,0.15,0.18,0.21673121652822,11,reviewed,ci,ci
2026-08-25T23:24:04.400Z,35.044,-117.672,-0.8,1.52,ml,33,59,0.1112,0.14,ci,ci41536544,2026-08-26T19:47:55.223Z,"5 km NNW of Boron, CA",quarry blast,0.33,31.61,0.14901392067579,26,reviewed,ci,ci
2026-08-25T23:17:06.207Z,32.008,-103.239,6.0999,1.6,ml,23,47,0.1,0.2,tx,tx2026qszrrm,2026-08-26T15:55:11.792Z,"12 km SSW of Jal, New Mexico",earthquake,0.79204807028194,1.5493297844351,0.2,18,reviewed,tx,tx
2026-08-25T23:11:48.880Z,40.320667266846,-124.2679977417,33.060001373291,1.74,md,8,190,0.1512,0.14,nc,nc75425137,2026-08-26T00:22:19.445Z,"2 km ESE of Petrolia, CA",earthquake,2,3.71000004,0.16,4,automatic,nc,nc
2026-08-25T23:10:17.130Z,46.736,-121.142,-0.18,1,ml,17,151,0.2072,0.19,uw,uw714087431,2026-08-26T22:09:12.240Z,"18 km WSW of Nile, Washington",earthquake,0.71,18.04,0.14741991188781,2,reviewed,uw,uw
2026-08-25T23:02:50.394Z,40.5469,-125.9576,15.509,2.6,ml,33,272,1.491,0.59,us,us7000tbv9,2026-08-26T03:53:32.040Z,"143 km W of Ferndale, California",earthquake,8.95,9.333,0.039,86,reviewed,us,us
2026-08-25T23:02:44.126Z,59.939,-152.431,84.2,1.6,ml,17,67,0.3,0.3,ak,aka2026qvrhbc,2026-08-27T04:42:43.952Z,"38 km WNW of Anchor Point, Alaska",earthquake,5.8,3.8088,0.2,12,reviewed,ak,ak
2026-08-25T23:01:15.690Z,33.24,-116.06433333333,3.57,1.2,ml,49,56,0.07697,0.19,ci,ci41536520,2026-08-26T20:44:32.480Z,"12 km WSW of Salton City, CA",earthquake,0.16,0.36,0.13388398837651,23,reviewed,ci,ci
2026-08-25T22:59:01.800Z,38.821834564209,-122.80016326904,3.3699998855591,0.77,md,15,77,0.007897,0.02,nc,nc75425127,2026-08-26T00:07:22.336Z,"6 km NW of The Geysers, CA",earthquake,0.31,0.660000026,0.31,16,automatic,nc,nc
2026-08-25T22:45:25.973Z,60.074,-153.021,128.8,2,ml,47,64,0,0.5,ak,aka2026qvqscr,2026-08-27T04:40:47.926Z,"68 km ENE of Pedro Bay, Alaska",earthquake,3.8,2.3182,0.2,35,reviewed,ak,ak
2026-08-25T22:39:33.296Z,51.969,176.304,5,2.9,ml,12,194,1.4,0.8,ak,aka2026qvqnal,2026-08-27T04:37:24.893Z,"233 km ESE of Attu Station, Alaska",earthquake,24.2,0,0.2,10,reviewed,ak,ak
2026-08-25T22:38:13.300Z,38.810001373291,-122.81199645996,3.460000038147,1.89,md,37,53,0.0132,0.06,nc,nc75425117,2026-08-26T03:07:23.524Z,"6 km NW of The Geysers, CA",earthquake,0.21,0.310000002,0.13,41,automatic,nc,nc
2026-08-25T22:37:12.610Z,35.890666666667,-117.73816666667,8.11,0.68,ml,15,59,0.08476,0.11,ci,ci41536504,2026-08-25T23:05:23.879Z,"16 km ESE of Little Lake, CA",earthquake,0.19,0.52,0.21134862290419,9,reviewed,ci,ci
2026-08-25T22:35:49.026Z,32.374,-102.094,8.8623,0.2,ml,13,53,0,0.2,tx,tx2026qsyhxo,2026-08-26T16:29:48.161Z,"39 km WSW of Ackerly, Texas",earthquake,0.89792732268279,0.9420673057038,0.2,8,reviewed,tx,tx
2026-08-25T22:35:22.550Z,46.872666666667,-121.7635,-2.74,1.04,ml,24,62,0.02148,0.15,uw,uw714087401,2026-08-25T23:23:38.480Z,"24 km ENE of Ashford, Washington",earthquake,0.28,0.69,0.16909021401886,5,reviewed,uw,uw
2026-08-25T22:24:25.650Z,32.006,-102.389,3.7842,1,ml,17,79,0,0.1,tx,tx2026qsxyaj,2026-08-26T15:46:45.458Z,"1 km SSW of Gardendale, Texas",earthquake,1.1528865271322,1.4846355019328,0.1,12,reviewed,tx,tx
2026-08-25T22:23:25.237Z,-0.5066,-19.8654,10,4.7,mb,38,72,9.193,0.64,us,us7000tc8w,2026-08-27T11:29:57.040Z,central Mid-Atlantic Ridge,earthquake,12.03,1.875,0.088,39,reviewed,us,us
2026-08-25T22:19:28.762Z,32.357,-101.905,7.3975,0.3,ml,8,79,0,0.1,tx,tx2026qsxtzd,2026-08-26T16:43:54.492Z,"25 km SW of Ackerly, Texas",earthquake,0.65756358562481,0.84632303944605,0.2,7,reviewed,tx,tx
2026-08-25T22:17:35.059Z,31.541,-104.13,8.3044,1.5,ml,15,77,0,0.1,tx,tx2026qsxsiu,2026-08-26T15:38:34.659Z,"40 km NW of Toyah, Texas",earthquake,0.82308043596048,0.52268558021776,0.2,19,reviewed,tx,tx
2026-08-25T22:16:52.350Z,38.832832336426,-122.81800079346,1.5499999523163,0.44,md,12,56,0.01128,0.01,nc,nc75425107,2026-08-25T22:18:26.262Z,"8 km NW of The Geysers, CA",earthquake,0.3,0.769999981,0.3,12,automatic,nc,nc
2026-08-25T22:16:37.697Z,53.497,-167.037,15.5,1.6,ml,18,210,0.3,0.4,ak,aka2026qvptda,2026-08-27T04:36:01.214Z,"53 km SW of Unalaska, Alaska",earthquake,16.3,3.5401,0.3,12,reviewed,ak,ak
2026-08-25T22:14:07.080Z,55.015,-159.804,2.5,2.8,ml,22,239,1,0.5,ak,aka2026qvpqyu,2026-08-27T04:33:16.793Z,"56 km SE of Sand Point, Alaska",earthquake,7.1,2.77,0.1,18,reviewed,ak,ak
2026-08-25T22:10:44.683Z,58.052,-155.379,8.7,1.4,ml,17,143,0,0.4,ak,aka2026qvpnyz,2026-08-26T02:09:03.340Z,"76 km NW of Karluk, Alaska",earthquake,6.5,4.7957,0.2,12,automatic,ak,ak
2026-08-25T22:10:42.783Z,54.204,-163.59,86.2,2.3,ml,21,213,0.6,0.6,ak,aka2026qvpnyi,2026-08-27T04:31:31.376Z,"73 km S of False Pass, Alaska",earthquake,24.6,10.1008,0.1,14,reviewed,ak,ak
2026-08-25T22:01:39.896Z,43.3484,-126.9068,10,3,ml,26,271,2.116,0.76,us,us7000tbv1,2026-08-26T03:46:55.040Z,"204 km W of Bandon, Oregon",earthquake,4.32,2.021,0.041,80,reviewed,us,us
2026-08-25T22:00:24.458Z,36.7826,74.4191,53.576,4.4,mb,49,69,2.167,0.45,us,us7000tbv0,2026-08-26T03:15:25.040Z,"56 km NNW of Barishal, Pakistan",earthquake,7.12,7.524,0.104,27,reviewed,us,us
2026-08-25T21:46:04.750Z,46.147833333333,-119.26616666667,-0.25,1.73,ml,14,127,0.2332,0.17,uw,uw714087371,2026-08-25T23:11:56.310Z,"11 km W of Highland, Washington",explosion,0.3,31.61,0.12932981149239,6,reviewed,uw,uw
2026-08-25T21:39:31.993Z,57.412,-155.613,13.3,2,ml,25,105,0.4,0.6,ak,aka2026qvomwx,2026-08-27T04:30:14.293Z,"71 km WSW of Karluk, Alaska",earthquake,3.6,2.7341,0.2,18,reviewed,ak,ak
2026-08-25T21:38:59.440Z,48.335166666667,-122.2495,8.8,0.16,md,3,269,0.1082,0.12,uw,uw714087361,2026-08-26T21:28:10.400Z,"2 km NNW of Lake McMurray, Washington",earthquake,1.62,1.81,0.32542055343121,2,reviewed,uw,uw
2026-08-25T21:34:59.285Z,61.73,-146.583,13.6,1.9,ml,28,58,0.4,1,ak,aka2026qvoimz,2026-08-26T23:11:04.001Z,"30 km SSE of Nelchina, Alaska",earthquake,3.3,1.8042,0.2,21,reviewed,ak,ak
2026-08-25T21:32:37.670Z,33.2465,-116.0645,3.87,0.93,ml,31,67,0.07393,0.15,ci,ci41536480,2026-08-26T20:22:00.067Z,"12 km WSW of Salton City, CA",earthquake,0.17,0.36,0.11404042194427,23,reviewed,ci,ci
2026-08-25T21:31:35.150Z,37.781833648682,-121.99666595459,13.85000038147,1.37,md,10,87,0.05236,0.07,nc,nc75425082,2026-08-26T01:12:22.783Z,"2 km W of San Ramon, CA",earthquake,0.42,1.37,0.17,9,automatic,nc,nc
2026-08-25T21:31:15.500Z,38.823333740234,-122.81366729736,1.3899999856949,1.07,md,21,62,0.002808,0.05,nc,nc75425072,2026-08-25T22:27:21.646Z,"7 km NW of The Geysers, CA",earthquake,0.22,0.360000014,0.16,21,automatic,nc,nc
2026-08-25T21:30:13.860Z,49.447,-121.2135,1.64,1.9,ml,10,200,0.1479,0.29,uw,uw714087341,2026-08-26T21:23:23.850Z,"18 km ENE of Hope, Canada",earthquake,0.96,1.51,0.11505623280657,5,reviewed,uw,uw
2026-08-25T21:23:59.352Z,-8.2554,120.7135,9.418,4.9,mb,42,66,3.359,0.82,us,us7000tbup,2026-08-26T03:37:40.040Z,"47 km NE of Ruteng, Indonesia",earthquake,8.13,1.829,0.11,26,reviewed,us,us
2026-08-25T21:21:08.311Z,51.954,176.275,0.4,3.4,ml,25,195,1.4,0.5,ak,aka2026qvnxdk,2026-08-26T23:08:14.454Z,"232 km ESE of Attu Station, Alaska",earthquake,25.4,5.1641,0.1,18,reviewed,ak,ak
2026-08-25T21:19:54.021Z,31.85,-101.926,7.0557,0.4,ml,8,90,0,0.1,tx,tx2026qsvull,2026-08-26T16:46:28.169Z,"21 km SE of Midland, Texas",earthquake,2.5257330253795,1.221238357019,0.1,4,reviewed,tx,tx
2026-08-25T21:16:11.940Z,49.373,-120.48,-0.36,1.94,ml,11,182,0.5612,0.51,uw,uw714087321,2026-08-26T20:25:25.030Z,"9 km SSE of Princeton, Canada",explosion,2.85,31.61,0.12636715947159,8,reviewed,uw,uw
2026-08-25T21:08:17.716Z,62.476,-152.088,114.7,1.8,ml,23,74,0.4,0.6,ak,aka2026qvnlvg,2026-08-26T23:06:52.700Z,"64 km NW of Skwentna, Alaska",earthquake,4.3,3.3336,0.2,17,reviewed,ak,ak
2026-08-25T21:08:14.100Z,38.811000823975,-122.80916595459,2.3599998950958,1.45,md,33,48,0.01125,0.03,nc,nc75425052,2026-08-26T00:17:24.413Z,"6 km NW of The Geysers, CA",earthquake,0.19,0.310000002,0.18,33,automatic,nc,nc
2026-08-25T21:03:00.655Z,51.557,-178.447,16.2,1.8,ml,21,188,0.2,0.5,ak,aka2026qvnhfv,2026-08-26T23:04:42.850Z,"130 km WSW of Adak, Alaska",earthquake,7.9,2.0437,0.4,14,reviewed,ak,ak
2026-08-25T21:02:49.800Z,31.535,-104.134,8.2019,1.6,ml,16,70,0,0.1,tx,tx2026qsvfqi,2026-08-26T15:01:49.537Z,"40 km NW of Toyah, Texas",earthquake,1.1534882157541,0.57927452671653,0.2,25,reviewed,tx,tx
2026-08-25T21:00:14.980Z,36.061166666667,-117.84316666667,4.84,0.54,ml,9,128,0.05709,0.07,ci,ci41536448,2026-08-25T23:04:37.421Z,"10 km E of Coso Junction, CA",earthquake,0.24,0.58,0.098894883914318,4,reviewed,ci,ci
2026-08-25T20:57:11.250Z,38.516166666667,-112.8915,2.92,-0.07,md,11,172,0.007801,0.07,uu,uu80150376,2026-08-25T21:08:17.100Z,"16 km NE of Milford, Utah",earthquake,0.47,0.37,0.32293771455312,4,reviewed,uu,uu
2026-08-25T20:52:42.070Z,38.832668304443,-122.80867004394,2.170000076294,0.71,md,12,70,0.009325,0.01,nc,nc75425037,2026-08-25T21:47:21.361Z,"8 km W of Cobb, CA",earthquake,0.36,0.819999993,0.51,13,automatic,nc,nc
2026-08-25T20:46:35.471Z,59.819,-153.13,117,1.3,ml,19,86,0.1,0.4,ak,aka2026qvmszv,2026-08-26T22:58:32.335Z,"54 km E of Pedro Bay, Alaska",earthquake,7.4,3.7479,0.3,13,reviewed,ak,ak
2026-08-25T20:44:54.890Z,35.663833333333,-84.279,10,1.96,md,11,98,0.06753,0.3,se,se60627276,2026-08-26T12:12:02.150Z,"3 km SW of Tellico Village, Tennessee",earthquake,0.83,1.69,0.078442782021539,10,reviewed,se,se
2026-08-25T20:40:40.887Z,51.546,-175.58,37.4,2.4,ml,24,227,0.5,0.3,ak,aka2026qvmnxa,2026-08-26T22:55:56.150Z,"81 km ESE of Adak, Alaska",earthquake,9.1,6.4349,0.1,18,reviewed,ak,ak
2026-08-25T20:40:06.300Z,34.303333333333,-116.86016666667,3.56,1.24,ml,47,37,0.05216,0.16,ci,ci41536424,2026-08-25T23:05:39.751Z,"5 km NNW of Big Bear City, CA",earthquake,0.13,0.31,0.2239578834473,29,reviewed,ci,ci
2026-08-25T20:30:46.701Z,57.933,-155.78,20.3,1,ml,9,175,0.2,0.7,ak,aka2026qvmfhq,2026-08-26T01:59:01.620Z,"88 km WNW of Karluk, Alaska",earthquake,6.7,8.006,0.3,4,automatic,ak,ak
2026-08-25T20:23:36.308Z,37.2686,141.8893,35,4.7,mb,74,126,3.038,1.16,us,us7000tbu3,2026-08-25T23:19:00.000Z,"77 km E of Tomioka, Japan",earthquake,8.62,1.91,0.051,117,reviewed,us,us
2026-08-25T20:17:07.170Z,33.239333333333,-116.06683333333,4.3,3.06,ml,109,27,0.0791,0.19,ci,ci41536408,2026-08-26T05:10:58.955Z,"12 km WSW of Salton City, CA",earthquake,0.11,0.51,0.14841530712758,240,reviewed,ci,ci
2026-08-25T20:16:42.696Z,51.963,176.287,2,3.1,ml,13,194,1.4,0.6,ak,aka2026qvltds,2026-08-26T22:54:39.696Z,"232 km ESE of Attu Station, Alaska",earthquake,27.7,6.2394,0.1,11,reviewed,ak,ak
2026-08-25T20:07:22.458Z,53.436,-165.27,27.6,2.2,ml,20,248,0.7,0.5,ak,aka2026qvllbs,2026-08-26T22:53:01.975Z,"84 km SSE of Akutan, Alaska",earthquake,8.6,4.353,0.2,17,reviewed,ak,ak
2026-08-25T20:06:25.160Z,51.157,-176.263,17.1,2.2,ml,20,235,0.7,0.5,ak,aka2026qvlkeo,2026-08-26T22:50:33.474Z,"83 km SSE of Adak, Alaska",earthquake,5.4,4.3458,0.2,16,reviewed,ak,ak
2026-08-25T20:04:30.440Z,38.517166666667,-112.89166666667,3.13,2.17,ml,17,91,0.008512,0.09,uu,uu80150356,2026-08-25T21:20:45.100Z,"16 km NE of Milford, Utah",earthquake,0.27,0.29,0.19224031520386,5,reviewed,uu,uu
2026-08-25T20:03:39.030Z,38.515333333333,-112.89283333333,1.52,1.65,ml,16,44,0.006496,0.13,uu,uu80150351,2026-08-25T21:22:00.160Z,"16 km NE of Milford, Utah",earthquake,0.28,0.8,0.22183520637618,3,reviewed,uu,uu
2026-08-25T20:01:13.329Z,59.515,-152.86,96,3.4,ml,122,76,0.2,0.5,ak,aka2026qvlfsy,2026-08-26T05:57:29.611Z,"56 km WNW of Nanwalek, Alaska",earthquake,2.6,1.4605,0.2,58,automatic,ak,ak
2026-08-25T20:00:18.441Z,51.98,176.303,2.6,2.9,ml,14,193,1.4,0.8,ak,aka2026qvlewi,2026-08-26T22:43:33.794Z,"232 km ESE of Attu Station, Alaska",earthquake,23.4,4.9939,0.1,10,reviewed,ak,ak
2026-08-25T19:52:38.830Z,20.261,-155.58216666667,43.58,2.61,ml,44,181,0.2275,0.12,hv,hv75023872,2026-08-26T03:06:26.650Z,"15 km N of Kukuihaele, Hawaii",earthquake,0.5,0.74,0.22955165636645,15,reviewed,hv,hv
2026-08-25T19:47:53.610Z,33.002166666667,-116.2335,7.41,0.96,ml,37,47,0.0755,0.18,ci,ci41536400,2026-08-25T23:07:16.110Z,"18 km SSW of Ocotillo Wells, CA",earthquake,0.19,0.55,0.1432559273921,18,reviewed,ci,ci
2026-08-25T19:47:01.170Z,17.876666666667,-65.696666666667,3.15,2.67,md,10,229,0.3403,0.34,pr,pr71529788,2026-08-25T20:42:41.200Z,"24 km SE of Emajagua, Puerto Rico",earthquake,1.24,0.86,0.091806054329839,5,reviewed,pr,pr
2026-08-25T19:46:50.564Z,31.6,-103.996,5.7922,1.5,ml,25,57,0.1,0.2,tx,tx2026qssrhj,2026-08-26T15:33:33.726Z,"37 km NNW of Toyah, Texas",earthquake,0.51471681599414,0.97842453414949,0.2,17,reviewed,tx,tx
2026-08-25T19:45:55.410Z,49.338666666667,-122.60866666667,-0.51,1.52,md,8,250,0.4839,0.08,uw,uw714087211,2026-08-26T19:23:30.710Z,"13 km N of Maple Ridge, Canada",explosion,1.74,31.61,0.058877923642366,7,reviewed,uw,uw
2026-08-25T19:41:26.833Z,32.074,-102.205,8.1787,0.6,ml,15,75,0,0.2,tx,tx2026qssnuk,2026-08-26T16:32:36.838Z,"14 km NW of Midland, Texas",earthquake,1.0476374312082,0.96818363213256,0.2,11,reviewed,tx,tx
2026-08-25T19:40:28.630Z,33.2895,-116.74316666667,13.01,0.25,ml,22,44,0.05495,0.15,ci,ci41536384,2026-08-25T21:00:46.046Z,"6 km NNE of Lake Henshaw, CA",earthquake,0.26,0.58,0.14480524212601,9,reviewed,ci,ci
2026-08-25T19:40:14.783Z,51.675,-177.13,81.6,2.3,ml,28,191,0.1,0.5,ak,aka2026qvknmi,2026-08-26T22:42:16.388Z,"40 km WSW of Adak, Alaska",earthquake,19.3,3.1015,0.4,21,reviewed,ak,ak
2026-08-25T19:34:53.780Z,54.242,-161.41,3.3,2.3,ml,11,291,0.9,0.4,ak,aka2026qvkivv,2026-08-26T22:40:50.609Z,"108 km SSE of King Cove, Alaska",earthquake,8.6,4.0484,0.2,8,reviewed,ak,ak
2026-08-25T19:33:01.086Z,51.5035,159.2777,35,4.3,mb,28,150,1.877,0.76,us,us7000tbtn,2026-08-25T20:10:34.040Z,"169 km SSE of Vilyuchinsk, Russia",earthquake,8.68,1.96,0.126,19,reviewed,us,us
2026-08-25T19:26:59.000Z,38.515666666667,-112.89183333333,2.88,0.55,md,11,170,0.007252,0.07,uu,uu80150341,2026-08-25T19:42:58.230Z,"16 km NE of Milford, Utah",earthquake,0.38,0.34,0.60825323995507,4,reviewed,uu,uu
2026-08-25T19:26:38.950Z,35.054166666667,-118.32,-1.01,1.01,ml,18,70,0.06584,0.13,ci,ci41536376,2026-08-25T23:10:59.322Z,"13 km W of Mojave, CA",quarry blast,0.33,31.61,0.1715126988074,11,reviewed,ci,ci
2026-08-25T19:25:44.158Z,52.313,-169.398,15.7,2.5,ml,20,280,0.5,0.6,ak,aka2026qvkawp,2026-08-26T22:38:51.100Z,"78 km SSW of Nikolski, Alaska",earthquake,9.3,5.8136,0.1,16,reviewed,ak,ak
2026-08-25T19:24:58.470Z,19.209,-155.47,33.51,1.99,ml,45,96,0.04779,0.11,hv,hv75023852,2026-08-28T01:20:49.130Z,"1 km NE of Pāhala, Hawaii",earthquake,0.43,0.5,0.21570550012281,20,reviewed,hv,hv
2026-08-25T19:23:53.215Z,32.283,-101.145,9.1309,1.2,ml,15,59,0.2,0.1,tx,tx2026qsrymx,2026-08-26T17:02:51.214Z,"14 km WSW of Westbrook, Texas",earthquake,1.1347448997971,2.5408004169491,0.1,16,reviewed,tx,tx
2026-08-25T19:21:54.927Z,51.971,176.307,0.9,3.1,ml,16,194,1.4,0.5,ak,aka2026qvjxqy,2026-08-26T22:37:20.657Z,"233 km ESE of Attu Station, Alaska",earthquake,24.6,4.9028,0.1,13,reviewed,ak,ak
2026-08-25T19:19:42.870Z,38.836666107178,-122.78649902344,1.8400000333786,0.44,md,7,139,0.003471,0.02,nc,nc75424987,2026-08-25T20:07:21.697Z,"6 km WNW of Cobb, CA",earthquake,0.49,1.29999995,0.24,7,automatic,nc,nc
2026-08-25T19:17:55.930Z,36.067666666667,-117.84016666667,2.67,0.73,ml,20,64,0.05121,0.11,ci,ci41536352,2026-08-25T20:27:05.307Z,"10 km ENE of Coso Junction, CA",earthquake,0.15,0.52,0.089464526296922,7,reviewed,ci,ci
2026-08-25T19:16:30.100Z,38.513833333333,-112.88833333333,2.3,0.71,md,11,158,0.006027,0.05,uu,uu80150336,2026-08-25T19:34:01.360Z,"16 km NE of Milford, Utah",earthquake,0.38,0.34,0.28570578972884,4,reviewed,uu,uu
2026-08-25T19:16:11.963Z,3.693,125.8069,386.382,4.2,mb,25,118,3.362,0.83,us,us7000tbtj,2026-08-25T19:56:50.040Z,"192 km SSE of Sarangani, Philippines",earthquake,15.08,10.394,0.121,19,reviewed,us,us
2026-08-25T19:14:57.683Z,53.028,-167.043,22,2.6,ml,29,218,0.6,0.7,ak,aka2026qvjroe,2026-08-26T22:36:18.976Z,"100 km SSW of Unalaska, Alaska",earthquake,7.3,3.8628,0.1,22,reviewed,ak,ak
2026-08-25T19:14:03.234Z,60.448,-139.623,4.3,2.2,ml,22,52,0.5,0.9,ak,aka2026qvjqtt,2026-08-26T22:24:44.222Z,"100 km N of Yakutat, Alaska",earthquake,3,2.2173,0.1,22,reviewed,ak,ak
2026-08-25T19:10:01.206Z,32.1,-101.93,8.8379,0.5,ml,25,52,0.1,0.2,tx,tx2026qsrmrq,2026-08-26T16:04:32.293Z,"13 km WSW of Stanton, Texas",earthquake,0.69328131698758,1.1950850297168,0.1,12,reviewed,tx,tx
2026-08-25T19:09:54.270Z,33.640833333333,-116.71483333333,13.22,1.26,ml,64,25,0.04422,0.19,ci,ci41536344,2026-08-25T20:28:21.990Z,"10 km NNW of Anza, CA",earthquake,0.14,0.28,0.22573565925122,27,reviewed,ci,ci
2026-08-25T19:07:57.470Z,33.315833333333,-116.326,11.63,0.44,ml,16,127,0.03612,0.17,ci,ci41536336,2026-08-25T20:56:42.433Z,"8 km NE of Borrego Springs, CA",earthquake,0.35,0.6,0.13658160688533,9,reviewed,ci,ci
2026-08-25T19:05:18.850Z,51.861333333333,-177.915,5.22,0.34,ml,5,175,0.05771,0.1,av,av94403283,2026-08-26T01:52:31.050Z,"88 km W of Adak, Alaska",earthquake,0.44,1.08,0.23986409528162,5,reviewed,av,av
2026-08-25T18:59:33.770Z,34.994333333333,-118.18566666667,-0.83,0.94,ml,19,55,0.1205,0.18,ci,ci41536328,2026-08-25T23:25:19.910Z,"7 km S of Mojave, CA",quarry blast,0.41,31.61,0.12930567968326,17,reviewed,ci,ci
2026-08-25T18:57:39.456Z,61.869,-149.285,2.3,2.1,ml,43,72,0.2,0.8,ak,aka2026qvjcnx,2026-08-26T22:21:48.726Z,"14 km N of Fishhook, Alaska",earthquake,2,2.0193,0.2,33,reviewed,ak,ak
2026-08-25T18:56:22.856Z,31.859,-101.918,6.3232,0.7,ml,10,68,0,0.1,tx,tx2026qsrayo,2026-08-26T16:53:13.645Z,"21 km SE of Midland, Texas",earthquake,0.93333478373751,0.99247366850729,0.3,4,reviewed,tx,tx
2026-08-25T18:54:49.953Z,51.553,-179.138,13.8,2.1,ml,24,171,0.2,0.6,ak,aka2026qvizzr,2026-08-26T21:31:20.310Z,"176 km WSW of Adak, Alaska",earthquake,7.4,1.9981,0.2,18,reviewed,ak,ak
2026-08-25T18:50:39.870Z,19.406833648682,-155.27516174316,6.3600001335144,1.8,ml,28,39,0.01534,0.170000002,hv,hv75023837,2026-08-25T18:54:17.530Z,"5 km SW of Volcano, Hawaii",earthquake,0.32,0.5,0.33,3,automatic,hv,hv
2026-08-25T18:46:39.803Z,59.499,-153.355,118.4,2.3,ml,80,63,0.1,0.6,ak,aka2026qvisze,2026-08-26T21:25:38.333Z,"53 km SE of Pedro Bay, Alaska",earthquake,3.4,1.5657,0.3,61,reviewed,ak,ak
2026-08-25T18:43:54.134Z,38.1053,38.3938,10,4.2,mb,25,90,0.768,0.96,us,us7000tbta,2026-08-25T19:42:55.040Z,"16 km ENE of Çelikhan, Turkey",earthquake,3.16,1.689,0.167,10,reviewed,us,us
2026-08-25T18:40:16.290Z,34.0995,-117.20166666667,5.49,0.95,ml,39,33,0.02604,0.16,ci,ci41536320,2026-08-26T20:14:57.543Z,"3 km SSE of Highland, CA",earthquake,0.16,0.55,0.22294394456511,26,reviewed,ci,ci
2026-08-25T18:35:46.140Z,34.845833333333,-118.78233333333,-1.19,1.24,ml,23,68,0.06912,0.22,ci,ci41536312,2026-08-25T20:21:31.549Z,"8 km E of Lebec, CA",quarry blast,0.42,31.61,0.17699678653001,23,reviewed,ci,ci
2026-08-25T18:33:03.680Z,34.097833333333,-117.19916666667,5.64,0.78,ml,34,43,0.02858,0.15,ci,ci41536304,2026-08-26T18:35:47.069Z,"3 km SSE of Highland, CA",earthquake,0.17,0.53,0.13025818365669,19,reviewed,ci,ci
2026-08-25T18:31:39.479Z,51.971,176.293,0.6,3,ml,13,194,1.4,0.8,ak,aka2026qvigce,2026-08-26T21:18:50.198Z,"232 km ESE of Attu Station, Alaska",earthquake,49.7,12.4399,0.2,11,reviewed,ak,ak
2026-08-25T18:22:06.650Z,34.098666666667,-117.19866666667,6.17,0.77,ml,26,43,0.02815,0.13,ci,ci41536280,2026-08-26T00:22:53.637Z,"3 km SSE of Highland, CA",earthquake,0.16,0.41,0.092677933709489,17,reviewed,ci,ci
2026-08-25T18:18:19.910Z,36.062333333333,-117.84633333333,2.48,0.82,ml,21,69,0.05556,0.12,ci,ci41536272,2026-08-25T20:27:51.895Z,"9 km ENE of Coso Junction, CA",earthquake,0.16,0.18,0.23165596657471,10,reviewed,ci,ci
2026-08-25T18:11:07.774Z,60.314,-147.517,19.4,2.6,ml,74,68,0.3,0.9,ak,aka2026qvhofb,2026-08-26T21:18:38.324Z,"38 km NE of Chenega, Alaska",earthquake,2.2,1.7393,0.1,55,reviewed,ak,ak
2026-08-25T18:07:56.960Z,52.1085,-176.178,9.14,0.71,ml,7,225,0.01497,0.24,av,av94403193,2026-08-26T01:47:30.730Z,"40 km NE of Adak, Alaska",earthquake,1.23,0.84,0.064494322209825,3,reviewed,av,av
2026-08-25T18:07:01.320Z,46.582,-111.94366666667,-2,1.4,ml,9,100,0.1506,0.38,mb,mb90206123,2026-08-27T14:55:23.470Z,"2 km WSW of East Helena, Montana",quarry blast,1.7,31.61,0.22502249534559,9,reviewed,mb,mb
2026-08-25T18:05:41.210Z,38.770832061768,-122.95999908447,4.8499999046326,1.46,md,8,119,0.04292,0.04,nc,nc75424937,2026-08-25T21:22:23.226Z,"6 km SE of Cloverdale, CA",earthquake,0.5,2.31999993,0.49,8,automatic,nc,nc
2026-08-25T18:03:44.350Z,34.1005,-117.20033333333,6.91,0.8,ml,23,44,0.02586,0.16,ci,ci41536256,2026-08-26T00:13:16.760Z,"3 km SSE of Highland, CA",earthquake,0.23,0.61,0.15710302201096,12,reviewed,ci,ci
2026-08-25T18:00:44.370Z,19.341166666667,-155.11133333333,6.57,2.06,ml,47,141,0.04546,0.13,hv,hv75023822,2026-08-25T19:19:53.490Z,"14 km S of Fern Forest, Hawaii",earthquake,0.33,0.41,0.34680267519209,34,reviewed,hv,hv
2026-08-25T17:59:48.330Z,36.066333333333,-117.84266666667,2.58,1.32,ml,29,50,0.05209,0.15,ci,ci41536248,2026-08-25T20:28:07.430Z,"10 km ENE of Coso Junction, CA",earthquake,0.15,0.21,0.2147014448464,20,reviewed,ci,ci
2026-08-25T17:58:38.909Z,60.505,-152.379,107.6,2.1,ml,62,47,0.2,0.6,ak,aka2026qvhdjx,2026-08-26T21:15:49.797Z,"59 km WSW of Salamatof, Alaska",earthquake,3.5,1.8305,0.2,46,reviewed,ak,ak
2026-08-25T17:58:22.390Z,38.507,-112.88433333333,1.76,1.02,md,16,44,0.005708,0.1,uu,uu80150331,2026-08-25T18:56:47.100Z,"16 km NE of Milford, Utah",earthquake,0.28,0.36,0.38243979004935,7,reviewed,uu,uu
2026-08-25T17:54:14.200Z,44.039666666667,-123.00383333333,-0.37,1.79,ml,9,88,0.04238,0.31,uw,uw714086162,2026-08-26T19:13:55.600Z,"1 km ESE of Springfield, Oregon",explosion,0.7,31.61,0.031328351599029,3,reviewed,uw,uw
2026-08-25T17:48:10.200Z,36.060833333333,-117.838,2.66,0.95,ml,22,63,0.05825,0.13,ci,ci41536240,2026-08-25T20:28:11.478Z,"10 km E of Coso Junction, CA",earthquake,0.15,0.33,0.21341080574094,15,reviewed,ci,ci
2026-08-25T17:44:51.336Z,46.2509,149.6836,166.288,4.3,mb,59,161,5.446,1.04,us,us7000tbsx,2026-08-25T19:29:25.040Z,"180 km NE of Kuril’sk, Russia",earthquake,12.73,9.198,0.069,60,reviewed,us,us
2026-08-25T17:35:56.527Z,31.652,-104.425,6.0999,1.9,ml,42,67,0,0.2,tx,tx2026qsohrj,2026-08-25T19:22:28.529Z,"58 km S of Whites City, New Mexico",earthquake,0.97112218524336,0.60999522972003,0.1,25,reviewed,tx,tx
2026-08-25T17:33:44.121Z,65.585,-153.315,0.4,1.4,ml,12,70,0.4,0.4,ak,aka2026qvghuc,2026-08-27T05:29:45.195Z,"67 km SE of Hughes, Alaska",earthquake,4,3.9014,0.1,6,reviewed,ak,ak
2026-08-25T17:32:33.000Z,38.512333333333,-112.88616666667,1.96,0.93,md,15,90,0.004434,0.07,uu,uu80150321,2026-08-25T18:50:16.930Z,"16 km NE of Milford, Utah",earthquake,0.31,0.32,0.28128221008406,8,reviewed,uu,uu
2026-08-25T17:25:32.450Z,35.979,-117.44066666667,1.47,0.59,ml,14,146,0.08803,0.11,ci,ci41536208,2026-08-25T20:28:27.219Z,"24 km N of Searles Valley, CA",earthquake,0.51,0.69,0.035629568648918,7,reviewed,ci,ci
2026-08-25T17:22:04.389Z,36.74016667,-98.02933333,7.26,1.53,ml,46,223,0.2384532073,0.28,ok,ok2026qqnc,2026-08-25T17:36:04.109Z,"8 km NNE of Nash, Oklahoma",earthquake,,1,0.21,25,reviewed,ok,ok
2026-08-25T17:20:51.190Z,34.629833333333,-117.11716666667,-1.48,1.16,ml,13,146,0.2107,0.15,ci,ci41536200,2026-08-25T19:36:28.621Z,"16 km NNE of Apple Valley, CA",quarry blast,0.47,31.61,0.16470652899425,27,reviewed,ci,ci
2026-08-25T17:02:56.720Z,33.413166666667,-116.63766666667,6.65,0.54,ml,32,36,0.08655,0.16,ci,ci41536176,2026-08-25T20:29:31.260Z,"15 km N of Warner Springs, CA",earthquake,0.17,0.43,0.16911756752745,12,reviewed,ci,ci
2026-08-25T17:00:32.190Z,33.993166666667,-116.99716666667,14.59,0.49,ml,15,58,0.1123,0.14,ci,ci41536168,2026-08-26T00:08:14.570Z,"5 km E of Calimesa, CA",earthquake,0.34,0.86,0.10700332555753,6,reviewed,ci,ci
2026-08-25T17:00:18.260Z,60.011,-153.0775,1.44,-0.76,ml,5,138,0.03011,0.09,av,av94403118,2026-08-26T00:21:56.570Z,"62 km ENE of Pedro Bay, Alaska",earthquake,0.44,0.24,0.28449114381033,5,reviewed,av,av
2026-08-25T16:56:14.430Z,46.277166666667,-122.45966666667,-0.75,1.33,md,9,290,0.08674,0.08,uw,uw714086052,2026-08-25T20:26:00.060Z,"28 km S of Mossyrock, Washington",explosion,1.53,31.61,0.55447783601905,5,reviewed,uw,uw
2026-08-25T16:56:00.846Z,51.991,176.305,5,3,ml,10,193,1.4,0.7,ak,aka2026qvfbdb,2026-08-26T21:14:48.800Z,"232 km ESE of Attu Station, Alaska",earthquake,24.6,0,0.1,9,reviewed,ak,ak
2026-08-25T16:52:59.774Z,54.493,-161.295,9.3,2.5,ml,12,244,0.7,0.4,ak,aka2026qveylx,2026-08-26T21:13:46.243Z,"91 km SE of King Cove, Alaska",earthquake,8,4.4148,0.2,10,reviewed,ak,ak
2026-08-25T16:50:40.958Z,52.585,-166.61,23.5,2.3,ml,17,275,1.1,0.6,ak,aka2026qvewmb,2026-08-26T21:12:09.009Z,"143 km S of Unalaska, Alaska",earthquake,8.8,11.191,0.1,13,reviewed,ak,ak
2026-08-25T16:38:19.181Z,37.3581,-115.7932,12.7981,1.73,ml,40,184,0.234,0.149,nn,nn00923880,2026-08-25T17:06:29.381Z,"32 km S of Rachel, Nevada",earthquake,,1.6294,0.25,21,reviewed,nn,nn
2026-08-25T16:36:48.980Z,38.782165527344,-122.9238357544,2.8699998855591,1.12,md,8,227,0.05197,0.02,nc,nc75424887,2026-08-25T17:52:23.800Z,"8 km ESE of Cloverdale, CA",earthquake,1.01,2.11999989,0.03,8,automatic,nc,nc
2026-08-25T16:35:54.430Z,51.223,-176.665,33.9,2.1,ml,19,228,0.6,0.5,ak,aka2026qvejqa,2026-08-26T21:09:18.710Z,"72 km S of Adak, Alaska",earthquake,7.8,7.4659,0.2,14,reviewed,ak,ak
2026-08-25T16:29:38.964Z,61.553,-146.486,28.2,1.5,ml,21,97,0.3,0.9,ak,aka2026qveefh,2026-08-26T21:07:37.640Z,"47 km N of Valdez, Alaska",earthquake,3.5,2.3275,0.2,15,reviewed,ak,ak
2026-08-25T16:26:26.624Z,67.777,-135.62,20,2.7,ml,10,149,1,0.8,ak,aka2026qveblc,2026-08-27T05:27:04.838Z,"102 km SW of Inuvik, Canada",earthquake,13,12.8732,0.1,6,reviewed,ak,ak
2026-08-25T16:24:59.650Z,51.232,178.596,32.7,2.4,ml,13,278,0.5,0.3,ak,aka2026qveadv,2026-08-26T21:05:35.613Z,"Rat Islands, Aleutian Islands, Alaska",earthquake,9.3,5.5102,0.1,10,reviewed,ak,ak
2026-08-25T16:23:33.830Z,-14.235,170.4985,628.976,4.5,mb,125,53,8.058,0.64,us,us7000tbsj,2026-08-25T16:41:45.040Z,Vanuatu region,earthquake,11.51,9.151,0.038,201,reviewed,us,us
2026-08-25T16:21:31.411Z,60.336,-147.542,13.7,2.7,ml,89,59,0.3,0.9,ak,aka2026qvdxai,2026-08-26T21:04:52.827Z,"39 km NE of Chenega, Alaska",earthquake,1.9,1.3263,0.1,67,reviewed,ak,ak
2026-08-25T16:18:07.189Z,51.855,176.221,18.1,3.5,ml,20,202,1.4,0.7,ak,aka2026qvduld,2026-08-26T21:00:38.989Z,"234 km ESE of Attu Station, Alaska",earthquake,29.6,9.5576,0.1,16,reviewed,ak,ak
2026-08-25T16:02:43.878Z,52.0757,176.375,77.775,2.8,ml,9,186,1.326,0.57,us,us7000tbsq,2026-08-25T21:16:59.040Z,"233 km ESE of Attu Station, Alaska",earthquake,10.25,29.078,0.115,10,reviewed,us,us
2026-08-25T16:02:00.756Z,63.301,-150.729,5,3,ml,107,19,0.6,1.1,ak,aka2026qvdggc,2026-08-26T20:59:06.598Z,"56 km ESE of Denali National Park, Alaska",earthquake,2,0,0.1,79,reviewed,ak,ak
2026-08-25T15:58:49.380Z,33.667333333333,-116.73283333333,13.22,0.36,ml,24,69,0.04641,0.12,ci,ci41536136,2026-08-25T20:29:01.067Z,"8 km S of Idyllwild, CA",earthquake,0.19,0.38,0.20026686927742,5,reviewed,ci,ci
2026-08-25T15:53:48.801Z,60.335,-147.497,20.9,2.3,ml,58,65,0.3,0.8,ak,aka2026qvczdj,2026-08-26T20:55:14.734Z,"41 km NE of Chenega, Alaska",earthquake,2.4,1.9703,0.1,44,reviewed,ak,ak
2026-08-25T15:53:18.549Z,51.52,178.834,62.2,2.2,ml,16,219,0.3,0.5,ak,aka2026qvcysf,2026-08-26T20:54:02.019Z,"Rat Islands, Aleutian Islands, Alaska",earthquake,9.7,4.7844,0.2,11,reviewed,ak,ak
2026-08-25T15:43:08.250Z,33.517,-116.7395,4.32,0.39,ml,22,37,0.04828,0.11,ci,ci41536120,2026-08-25T20:29:05.006Z,"7 km SW of Anza, CA",earthquake,0.14,0.26,0.18638532130727,8,reviewed,ci,ci
2026-08-25T15:41:11.447Z,31.615,-104.114,6.0999,1.6,ml,36,53,0,0.2,tx,tx2026qskobh,2026-08-25T15:48:23.392Z,"45 km NW of Toyah, Texas",earthquake,0.44252193994172,0.41020897441772,0.2,20,reviewed,tx,tx
2026-08-25T15:21:26.090Z,56.7405,-158.44666666667,15.22,1.33,ml,8,164,0.1091,0.19,av,av94402928,2026-08-26T00:09:25.840Z,"48 km N of Chignik Lagoon, Alaska",earthquake,1.95,1.31,0.21115318133266,9,reviewed,av,av
2026-08-25T15:19:09.594Z,58.328,-154.66,5,1.2,ml,13,179,0.1,0.4,ak,aka2026qvbvck,2026-08-25T23:54:25.670Z,"85 km N of Karluk, Alaska",earthquake,7.1,,0.2,6,automatic,ak,ak
2026-08-25T15:15:54.340Z,-17.4086,-171.8992,10,5.2,mww,127,40,2.503,0.75,us,us6000tnd7,2026-08-26T13:50:00.040Z,"258 km SE of Hihifo, Tonga",earthquake,6.95,1.58,0.08,15,reviewed,us,us
2026-08-25T15:12:48.550Z,32.957666666667,-115.59483333333,11.05,1.01,ml,23,70,0.06296,0.2,ci,ci41536112,2026-08-26T00:04:56.979Z,"6 km WSW of Brawley, CA",earthquake,0.35,0.64,0.088497284327734,12,reviewed,ci,ci
2026-08-25T15:11:45.640Z,52.808166666667,-169.75316666667,8.68,0.88,ml,6,137,0.02838,0.26,av,av93066254,2026-08-26T00:01:55.350Z,"61 km WSW of Nikolski, Alaska",earthquake,3.61,1.57,0.19864574955751,6,reviewed,av,av
2026-08-25T15:10:14.380Z,38.829334259033,-122.85399627685,2.039999961853,0.77,md,11,90,0.002871,0.01,nc,nc75424872,2026-08-25T16:27:19.225Z,"10 km NW of The Geysers, CA",earthquake,0.39,0.519999981,0.22,13,automatic,nc,nc
2026-08-25T15:07:54.212Z,54.225,-163.692,67.2,2.3,ml,23,210,0.4,0.5,ak,aka2026qvblii,2026-08-26T20:44:34.114Z,"72 km SSW of False Pass, Alaska",earthquake,19.3,9.2426,0.2,17,reviewed,ak,ak
2026-08-25T14:58:54.052Z,-8.0758,120.6333,10,5,mb,62,67,3.165,0.83,us,us6000tnd4,2026-08-26T13:47:17.040Z,"62 km NNE of Ruteng, Indonesia",earthquake,6.63,1.808,0.08,52,reviewed,us,us
2026-08-25T14:58:21.436Z,52.83,-163.729,26.7,2.7,ml,18,260,1.7,0.2,ak,aka2026qvbdgg,2026-08-26T20:41:52.189Z,"198 km SE of Akutan, Alaska",earthquake,23.2,26.5389,0.1,16,reviewed,ak,ak
2026-08-25T14:53:25.228Z,55.058,-159.821,6,2.7,ml,15,236,1,0.6,ak,aka2026qvayzm,2026-08-26T20:39:10.590Z,"53 km SE of Sand Point, Alaska",earthquake,9.1,3.3074,0.1,13,reviewed,ak,ak
2026-08-25T14:50:45.307Z,58.229,-155.112,5,0.9,ml,6,103,0.1,0.1,ak,aka2026qvawly,2026-08-25T23:42:54.050Z,"83 km NNW of Karluk, Alaska",earthquake,9.5,,0.2,4,automatic,ak,ak
2026-08-25T14:49:59.368Z,58.383,-142.653,5,2.3,ml,20,229,1.8,0.8,ak,aka2026qvavxr,2026-08-26T20:37:10.264Z,"212 km SW of Yakutat, Alaska",earthquake,7.2,0,0.2,20,reviewed,ak,ak
2026-08-25T14:45:07.724Z,49.8967,155.7768,78.854,4.3,mb,66,128,3.433,0.55,us,us6000tnd3,2026-08-25T19:18:24.040Z,"90 km SSW of Severo-Kuril’sk, Russia",earthquake,12.15,7.981,0.069,59,reviewed,us,us
2026-08-25T14:35:19.280Z,61.449,-149.313,31.9,1.5,ml,22,44,0.2,0.5,ak,aka2026qvajca,2026-08-26T20:32:09.726Z,"14 km SSW of Gateway, Alaska",earthquake,3.3,1.9777,0.2,16,reviewed,ak,ak
2026-08-25T14:33:55.460Z,59.367333333333,-153.41433333333,1.72,-0.81,ml,9,110,0.01909,0.26,av,av94402853,2026-08-25T18:15:59.110Z,"60 km SE of Pedro Bay, Alaska",earthquake,0.49,1.72,0.23411834918838,9,reviewed,av,av
2026-08-25T14:31:58.980Z,34.406333333333,-117.7505,7.78,1.44,ml,53,24,0.0645,0.15,ci,ci41536096,2026-08-25T19:48:53.410Z,"10 km WSW of Pinon Hills, CA",earthquake,0.14,0.42,0.20211305203202,30,reviewed,ci,ci
2026-08-25T14:31:25.478Z,63.14,-142.905,7,1.5,ml,10,95,0.5,0.5,ak,aka2026qvafry,2026-08-26T20:30:03.953Z,"19 km W of Tetlin, Alaska",earthquake,4.6,4.3861,0.1,9,reviewed,ak,ak
2026-08-25T14:20:20.248Z,31.614,-104.115,6.0999,1.5,ml,35,53,0,0.2,tx,tx2026qshxcb,2026-08-25T14:29:26.758Z,"45 km NW of Toyah, Texas",earthquake,0.42074388655261,0.47051970663289,0.1,14,reviewed,tx,tx
2026-08-25T14:08:59.000Z,60.019166666667,-153.04866666667,2.97,-0.58,ml,5,111,0.01542,0.13,av,av94402823,2026-08-25T23:28:23.240Z,"64 km ENE of Pedro Bay, Alaska",earthquake,0.57,1.15,0.17198309902862,5,reviewed,av,av
2026-08-25T14:08:17.066Z,65.021,-162.526,0.2,2,ml,10,71,1.1,0.4,ak,aka2026quzlqn,2026-08-27T05:16:23.429Z,"46 km NNW of Elim, Alaska",earthquake,6.7,5.0637,0.2,6,reviewed,ak,ak
2026-08-25T14:07:25.610Z,38.824333190918,-122.84216308594,1.6200000047684,1.05,md,18,73,0.005703,0.02,nc,nc75424857,2026-08-25T16:07:24.089Z,"9 km NW of The Geysers, CA",earthquake,0.21,0.400000006,0.12,19,automatic,nc,nc
2026-08-25T14:06:56.670Z,53.347,-168.183,7.58,-0.21,ml,5,301,0.01587,0.09,av,av94402818,2026-08-25T23:24:52.810Z,"64 km NE of Nikolski, Alaska",earthquake,1.34,0.69,0.29974119968813,4,reviewed,av,av
2026-08-25T14:05:43.080Z,38.505166666667,-112.88966666667,2.57,1.38,ml,21,48,0.004297,0.09,uu,uu80150296,2026-08-25T15:18:18.260Z,"16 km NE of Milford, Utah",earthquake,0.27,0.27,0.065767549191856,2,reviewed,uu,uu
2026-08-25T14:05:07.058Z,57.65,-154.72,62.3,1.4,ml,12,149,0.2,0.2,ak,aka2026quzixb,2026-08-26T20:26:39.403Z,"18 km WNW of Karluk, Alaska",earthquake,8,5.5355,0.1,10,reviewed,ak,ak
2026-08-25T14:01:44.864Z,51.949,176.28,7.8,3.4,ml,28,195,1.4,0.6,ak,aka2026quzgcr,2026-08-26T20:24:45.450Z,"233 km ESE of Attu Station, Alaska",earthquake,24.4,10.7374,0.1,22,reviewed,ak,ak
2026-08-25T13:56:35.422Z,40.9504,19.5197,10,4.4,mb,24,69,0.474,0.92,us,us6000tnd0,2026-08-29T23:02:28.237Z,"15 km W of Lushnjë, Albania",earthquake,3.91,1.657,0.19,9,reviewed,us,us
2026-08-25T13:46:35.980Z,66.207,-150.677,5.5,1.3,ml,14,57,0.4,0.5,ak,aka2026quysvq,2026-08-27T05:14:12.944Z,"75 km WNW of Stevens Village, Alaska",earthquake,4,3.1919,0.1,9,reviewed,ak,ak
2026-08-25T13:39:03.920Z,52.071,176.339,1.5,2.8,ml,9,187,1.3,0.3,ak,aka2026quymiw,2026-08-26T20:13:33.277Z,"231 km ESE of Attu Station, Alaska",earthquake,51.1,10.5472,0.2,9,reviewed,ak,ak
2026-08-25T13:33:00.730Z,35.296166666667,-117.80516666667,6.91,0.92,ml,29,92,0.04391,0.17,ci,ci41536080,2026-08-26T00:00:08.914Z,"18 km WSW of Johannesburg, CA",earthquake,0.23,0.38,0.1347205949441,16,reviewed,ci,ci
2026-08-25T13:20:18.860Z,58.187666666667,-155.35033333333,1.85,-0.21,ml,11,82,0.02548,0.13,av,av94402753,2026-08-25T22:59:51.340Z,"87 km NW of Karluk, Alaska",earthquake,0.23,0.48,0.19010641592692,11,reviewed,av,av
2026-08-25T13:19:02.044Z,53.404,-165.276,24.8,2.2,ml,16,272,0.8,0.3,ak,aka2026quxuvf,2026-08-26T20:02:56.584Z,"87 km SSE of Akutan, Alaska",earthquake,11.4,7.2585,0.1,10,reviewed,ak,ak
2026-08-25T13:17:19.350Z,19.253999710083,-155.35049438477,30.739999771118,1.83,md,30,189,0.04735,0.140000001,hv,hv75023722,2026-08-25T13:21:19.000Z,"14 km ENE of Pāhala, Hawaii",earthquake,0.53,0.689999998,0.16582629713838,13,automatic,hv,hv
2026-08-25T13:11:23.503Z,60.928,-150.947,19.9,1.8,ml,36,49,0.2,0.7,ak,aka2026quxofe,2026-08-26T19:41:36.486Z,"14 km W of Point Possession, Alaska",earthquake,2.3,2.1412,0.2,24,reviewed,ak,ak
2026-08-25T13:06:54.012Z,51.396,-176.769,36.1,2,ml,18,235,0.5,0.3,ak,aka2026quxkkk,2026-08-26T19:38:26.210Z,"53 km S of Adak, Alaska",earthquake,9.6,4.9702,0.1,12,reviewed,ak,ak
2026-08-25T13:00:00.780Z,33.078,-116.46783333333,4.6,0.02,ml,11,62,0.02489,0.22,ci,ci41536072,2026-08-25T23:53:21.222Z,"13 km E of Julian, CA",earthquake,0.38,0.81,0.10891569736052,3,reviewed,ci,ci
2026-08-25T12:58:34.421Z,52.36,-166.984,17.2,2.5,ml,18,276,1.2,0.4,ak,aka2026quxdel,2026-08-26T19:35:54.362Z,"142 km ESE of Nikolski, Alaska",earthquake,12.2,12.2487,0.1,13,reviewed,ak,ak
2026-08-25T12:58:26.810Z,36.068166666667,-117.83416666667,2.63,0.7,ml,18,61,0.05208,0.12,ci,ci41536064,2026-08-25T13:42:45.153Z,"11 km ENE of Coso Junction, CA",earthquake,0.16,0.2,0.078809513197052,8,reviewed,ci,ci
2026-08-25T12:42:57.060Z,34.386166666667,-118.625,4.5,1.54,ml,60,38,0.04335,0.25,ci,ci41536056,2026-08-25T20:05:05.980Z,"9 km SSW of Valencia, CA",earthquake,0.21,0.42,0.13618441506324,60,reviewed,ci,ci
2026-08-25T12:37:05.367Z,32.008,-102.074,7.6904,0.3,ml,14,88,0,0.1,tx,tx2026qselyu,2026-08-25T14:40:57.477Z,"1 km NNE of Midland, Texas",earthquake,0.53836009711454,0.7314651050823,0.4,8,reviewed,tx,tx
2026-08-25T12:31:52.492Z,50.172,179.351,1.9,2.9,ml,29,283,1.2,0.6,ak,aka2026quwfyd,2026-08-26T19:32:57.656Z,"Rat Islands, Aleutian Islands, Alaska",earthquake,8.1,4.1161,0.2,21,reviewed,ak,ak
2026-08-25T12:29:26.290Z,52.084,-174.393,173,2.5,ml,25,215,0.2,0.5,ak,aka2026quwdyi,2026-08-26T19:27:56.410Z,"18 km SW of Atka, Alaska",earthquake,57.9,3.7745,0.3,18,reviewed,ak,ak
2026-08-25T12:27:39.155Z,14.7891,-91.525,129.278,4.3,mb,73,169,1.597,0.87,us,us6000tncq,2026-08-26T12:07:49.040Z,"4 km SW of Almolonga, Guatemala",earthquake,9.32,10.057,0.062,74,reviewed,us,us
2026-08-25T12:27:35.530Z,53.890666666667,-166.66533333333,7.84,0.06,ml,7,217,0.0143,0.23,av,av94402683,2026-08-25T22:35:49.880Z,"8 km W of Dutch Harbor, Alaska",earthquake,0.74,0.99,0.30252932578897,7,reviewed,av,av
2026-08-25T12:26:57.110Z,34.0775,-118.08683333333,9.66,0.77,ml,17,110,0.03903,0.12,ci,ci41536048,2026-08-25T23:46:01.214Z,"1 km WSW of Rosemead, CA",earthquake,0.28,0.6,0.20158626770807,15,reviewed,ci,ci
2026-08-25T12:26:29.775Z,-44.3718,167.8841,10,4.3,mb,26,105,0.303,0.75,us,us6000tncl,2026-08-26T11:54:31.040Z,"92 km NW of Arthurs Point, New Zealand",earthquake,2.58,1.903,0.237,5,reviewed,us,us
2026-08-25T12:21:31.270Z,52.805666666667,-169.78083333333,6.33,0.84,ml,4,184,0.04005,0.19,av,av93066239,2026-08-25T22:44:49.480Z,"63 km WSW of Nikolski, Alaska",earthquake,1.95,1.89,0.15736171878993,4,reviewed,av,av
2026-08-25T12:21:03.650Z,52.116833333333,-176.19916666667,10.53,0.46,ml,6,300,0.02686,0.29,av,av94402673,2026-08-25T22:31:49.430Z,"40 km NE of Adak, Alaska",earthquake,1.76,1.71,0.35121427384407,6,reviewed,av,av
2026-08-25T12:12:08.000Z,58.167,-155.36766666667,0.57,-0.43,ml,7,132,0.04814,0.06,av,av93066234,2026-08-25T22:26:18.060Z,"85 km NW of Karluk, Alaska",earthquake,0.21,1.66,0.1165453339744,7,reviewed,av,av
2026-08-25T12:12:03.252Z,-23.3497,179.8207,528.283,5.5,mww,71,56,5.817,0.91,us,us6000tnci,2026-08-26T12:20:35.894Z,south of the Fiji Islands,earthquake,11.14,7.762,0.083,14,reviewed,us,us
2026-08-25T12:11:39.100Z,58.165666666667,-155.36816666667,0.66,-0.47,ml,8,86,0.04946,0.05,av,av94402668,2026-08-25T22:22:48.750Z,"85 km NW of Karluk, Alaska",earthquake,0.2,1.62,0.12666326610433,8,reviewed,av,av
2026-08-25T12:09:42.580Z,19.063167572021,-155.47483825684,34.5,1.75,md,11,275,0.1856,0.119999997,hv,hv75023702,2026-08-25T12:13:15.320Z,"11 km E of Naalehu, Hawaii",earthquake,1.77,1.32000005,0.12806288278246,13,automatic,hv,hv
2026-08-25T12:05:18.110Z,39.298999786377,-123.32900238037,1.2000000476837,2.05,md,21,66,0.08595,0.05,nc,nc75424842,2026-08-25T14:52:22.560Z,"11 km WNW of Redwood Valley, CA",earthquake,0.21,1.45000005,0.12,17,automatic,nc,nc
2026-08-25T12:03:38.900Z,41.501166666667,-112.16566666667,-0.04,1.1,md,14,62,0.1093,0.13,uu,uu80150291,2026-08-25T13:12:21.410Z,"7 km SW of Corinne, Utah",earthquake,0.33,1.66,0.10701533418621,11,reviewed,uu,uu
2026-08-25T12:00:57.350Z,34.0345,-117.117,10.45,1.05,ml,61,29,0.003933,0.16,ci,ci41536040,2026-08-25T13:44:33.560Z,"4 km SSE of Mentone, CA",earthquake,0.13,0.29,0.22051014750524,29,reviewed,ci,ci
2026-08-25T11:54:26.130Z,17.966833333333,-66.952833333333,12.44,2.08,md,5,189,0.07051,0.13,pr,pr71529743,2026-08-25T12:23:05.470Z,"4 km WSW of Fuig, Puerto Rico",earthquake,0.91,0.67,0.0051043734273901,3,reviewed,pr,pr
2026-08-25T11:52:57.750Z,53.8985,-166.6525,7.04,-0.06,ml,7,226,0.02506,0.1,av,av94402633,2026-08-25T21:59:46.070Z,"7 km W of Dutch Harbor, Alaska",earthquake,0.44,0.54,0.30283211139612,7,reviewed,av,av
2026-08-25T11:51:47.830Z,53.8925,-166.67416666667,7.28,-0.3,ml,7,211,0.01176,0.21,av,av93066224,2026-08-25T21:51:45.600Z,"8 km W of Dutch Harbor, Alaska",earthquake,0.65,0.93,0.22855778384872,7,reviewed,av,av
2026-08-25T11:51:36.430Z,53.892333333333,-166.6475,7.64,-0.38,ml,5,230,0.02445,0.1,av,av93066219,2026-08-25T21:49:45.320Z,"6 km W of Dutch Harbor, Alaska",earthquake,0.6,0.51,0.25763365783748,5,reviewed,av,av
2026-08-25T11:50:57.930Z,53.893333333333,-166.65683333333,6.98,0.09,ml,6,223,0.01998,0.2,av,av94402628,2026-08-25T21:42:12.970Z,"7 km W of Dutch Harbor, Alaska",earthquake,0.72,0.95,0.3174994075073,6,reviewed,av,av
2026-08-25T11:41:02.440Z,36.063333333333,-117.846,2.6,0.82,ml,23,54,0.05461,0.14,ci,ci41536032,2026-08-25T23:49:17.483Z,"9 km ENE of Coso Junction, CA",earthquake,0.18,0.2,0.15879055793291,14,reviewed,ci,ci
2026-08-25T11:36:29.230Z,33.578666666667,-116.798,8.17,0.16,ml,18,93,0.03202,0.17,ci,ci41536024,2026-08-25T19:28:38.292Z,"12 km WNW of Anza, CA",earthquake,0.34,0.62,0.1570067223017,8,reviewed,ci,ci
2026-08-25T11:36:22.280Z,33.908,-116.67816666667,13.9,0.28,ml,14,77,0.1239,0.12,ci,ci10250630,2026-08-25T19:33:11.014Z,"10 km E of Cabazon, CA",earthquake,0.31,0.75,0.072799945393531,8,reviewed,ci,ci
2026-08-25T11:34:35.472Z,51.645,-176.445,68.9,1.8,ml,17,200,0.2,0.3,ak,aka2026quuijl,2026-08-26T19:20:41.214Z,"28 km SSE of Adak, Alaska",earthquake,24.8,7.061,0.2,13,reviewed,ak,ak
2026-08-25T11:33:27.200Z,33.518833333333,-116.73966666667,4.17,0.35,ml,24,37,0.04645,0.09,ci,ci41536016,2026-08-25T13:57:14.905Z,"7 km WSW of Anza, CA",earthquake,0.12,0.19,0.099327177375081,3,reviewed,ci,ci
2026-08-25T11:32:46.200Z,36.067666666667,-117.84,1.99,0.97,ml,23,66,0.05124,0.15,ci,ci41536008,2026-08-25T13:47:52.463Z,"10 km ENE of Coso Junction, CA",earthquake,0.17,0.2,0.23293376798366,16,reviewed,ci,ci
2026-08-25T11:29:44.762Z,-3.6519,127.3328,10,4.9,mb,67,76,2.707,0.64,us,us6000tncc,2026-08-25T12:52:32.040Z,"94 km W of Ambon, Indonesia",earthquake,8.65,1.862,0.067,71,reviewed,us,us
2026-08-25T11:28:35.070Z,38.832668304443,-122.79616546631,2.0699999332428,1.76,md,13,69,0.007316,0.02,nc,nc75424837,2026-08-25T14:07:23.234Z,"6 km W of Cobb, CA",earthquake,0.3,0.579999983,0.17,14,automatic,nc,nc
2026-08-25T11:28:13.299Z,65.851,-150.811,2.6,2.4,ml,44,40,0.2,0.7,ak,aka2026quucwe,2026-08-26T19:19:29.245Z,"48 km NW of Rampart, Alaska",earthquake,2.5,2.0905,0.2,32,reviewed,ak,ak
2026-08-25T11:19:58.880Z,53.679,-166.343,87.7,1.6,ml,15,219,0.3,0.3,ak,aka2026qutvur,2026-08-26T19:17:50.724Z,"25 km SSE of Unalaska, Alaska",earthquake,54.5,10.6796,0.4,9,reviewed,ak,ak
2026-08-25T11:19:09.160Z,60.485,-140.689,0,1.9,ml,15,101,0.4,3,ak,aka2026qutvdl,2026-08-25T19:48:29.791Z,"117 km NNW of Yakutat, Alaska",earthquake,7.8,0,0.1,12,reviewed,ak,ak
2026-08-25T11:18:02.970Z,44.761166666667,-111.22916666667,9.61,-0.16,ml,5,135,0.0522,0.13,mb,mb90206108,2026-08-26T20:31:16.830Z,"3 km WSW of Hebgen Lake Estates, Montana",earthquake,0.43,0.85,0.11678710491186,6,reviewed,mb,mb
2026-08-25T11:16:19.740Z,34.577,-118.03283333333,9.55,0.71,ml,27,40,0.04988,0.09,ci,ci41536000,2026-08-25T13:57:18.926Z,"6 km E of Palmdale, CA",earthquake,0.11,0.32,0.13718526231463,18,reviewed,ci,ci
2026-08-25T11:04:47.912Z,62.844,-150.917,100.7,2.2,ml,60,65,0.3,0.7,ak,aka2026qutily,2026-08-26T19:16:37.778Z,"39 km NNW of Petersville, Alaska",earthquake,2.5,2.5869,0.2,42,reviewed,ak,ak
2026-08-25T10:52:52.693Z,31.669,-104.487,6.6638,1.8,ml,22,71,0,0.3,tx,tx2026qsazgg,2026-08-25T14:24:22.309Z,"57 km S of Whites City, New Mexico",earthquake,1.1414734963056,0.82818745610636,0.2,18,reviewed,tx,tx
2026-08-25T10:44:22.720Z,32.938333333333,-116.33566666667,8.64,0.5,ml,20,58,0.07133,0.12,ci,ci41535992,2026-08-25T13:48:22.316Z,"22 km NE of Pine Valley, CA",earthquake,0.18,0.62,0.030923801136435,2,reviewed,ci,ci
2026-08-25T10:39:52.419Z,53.431,-165.266,27.6,2.3,ml,19,255,0.7,0.4,ak,aka2026qusmzh,2026-08-26T19:14:06.847Z,"85 km SSE of Akutan, Alaska",earthquake,8.3,3.9081,0.1,13,reviewed,ak,ak
2026-08-25T10:35:47.851Z,54.438,-160.066,4.4,2.5,ml,18,266,1.3,0.8,ak,aka2026qusjmz,2026-08-26T19:12:43.788Z,"103 km SSE of Sand Point, Alaska",earthquake,8,5.242,0.1,14,reviewed,ak,ak
2026-08-25T10:34:21.020Z,38.837333679199,-122.79866790772,1.4700000286102,1.05,md,21,69,0.006589,0.04,nc,nc75424832,2026-08-25T11:22:23.182Z,"7 km WNW of Cobb, CA",earthquake,0.2,0.419999987,0.08,21,automatic,nc,nc
2026-08-25T10:20:38.990Z,60.407,-139.563,0.6,1.9,ml,18,86,0.7,0.9,ak,aka2026qurwgu,2026-08-26T19:10:21.724Z,"96 km N of Yakutat, Alaska",earthquake,4.5,2.9722,0.2,16,reviewed,ak,ak
2026-08-25T10:19:15.080Z,47.502833333333,-121.79016666667,18.24,1.42,ml,35,88,0.05662,0.14,uw,uw714085692,2026-08-25T19:53:23.430Z,"0 km NNW of North Bend, Washington",earthquake,0.45,0.34,0.17084903503184,13,reviewed,uw,uw
2026-08-25T10:12:58.243Z,53.411,-165.266,25.4,2.3,ml,13,276,0.7,0.4,ak,aka2026qurprg,2026-08-26T19:08:43.794Z,"87 km SSE of Akutan, Alaska",earthquake,10,4.8141,0.1,10,reviewed,ak,ak
2026-08-25T10:06:57.747Z,53.394,-165.222,2.1,2.9,ml,39,214,0.8,0.7,ak,aka2026qurklq,2026-08-26T18:43:54.691Z,"90 km SSE of Akutan, Alaska",earthquake,5.2,2.9064,0.1,30,reviewed,ak,ak
2026-08-25T10:00:22.630Z,33.570833333333,-116.8015,5.8,0.54,ml,24,41,0.03866,0.11,ci,ci41535984,2026-08-25T13:48:38.440Z,"12 km W of Anza, CA",earthquake,0.17,0.38,0.02684910354813,2,reviewed,ci,ci
2026-08-25T09:56:10.850Z,32.013,-102.383,5.1025,1.1,ml,17,78,0,0.1,tx,tx2026qrzdlm,2026-08-25T15:16:07.474Z,"0 km SSW of Gardendale, Texas",earthquake,1.372459048012,1.2607559520655,0.2,14,reviewed,tx,tx
2026-08-25T09:51:56.700Z,37.41283416748,-118.74050140381,11.770000457764,2.55,md,28,62,0.1532,0.07,nc,nc75424817,2026-08-25T15:47:28.486Z,"13 km W of Round Valley, CA",earthquake,0.31,1.88999999,0.15,31,automatic,nc,nc
2026-08-25T09:48:58.236Z,54.331,-161.559,1,2.6,ml,23,229,0.8,0.5,ak,aka2026ququup,2026-08-26T18:39:19.920Z,"94 km SSE of King Cove, Alaska",earthquake,7.3,3.3486,0.1,17,reviewed,ak,ak
2026-08-25T09:41:35.530Z,44.4545,-122.72816666667,12.78,1.01,ml,11,74,0.06925,0.23,uw,uw714085682,2026-08-25T19:04:57.970Z,"6 km N of Sweet Home, Oregon",earthquake,0.4,1.05,0.1468353595865,3,reviewed,uw,uw
2026-08-25T09:39:07.257Z,51.389,-178.388,8.3,2.3,ml,29,202,0.3,0.5,ak,aka2026quqmgn,2026-08-26T18:36:28.858Z,"132 km WSW of Adak, Alaska",earthquake,6.2,2.6757,0.3,19,reviewed,ak,ak
2026-08-25T09:32:05.680Z,36.310333333333,-89.535833333333,9.53,1.49,md,12,101,0.02866,0.03,nm,nm60627241,2026-08-25T12:52:19.840Z,"6 km NW of Ridgely, Tennessee",earthquake,0.59,0.53,0.077465172307299,9,reviewed,nm,nm
2026-08-25T09:28:11.760Z,38.814498901367,-122.81466674805,2.8900001049042,1.07,md,10,75,0.00958,0.01,nc,nc75424807,2026-08-25T10:42:22.902Z,"7 km NW of The Geysers, CA",earthquake,0.37,1.04999995,0.13,11,automatic,nc,nc
2026-08-25T09:22:54.320Z,36.064666666667,-117.83333333333,2.28,0.68,ml,19,59,0.05561,0.15,ci,ci41535968,2026-08-25T13:48:42.471Z,"11 km ENE of Coso Junction, CA",earthquake,0.19,0.22,0.14557244939439,10,reviewed,ci,ci
2026-08-25T09:20:47.974Z,59.765,-151.194,44.8,1.7,ml,30,90,0.1,0.6,ak,aka2026qupwjl,2026-08-26T18:33:15.212Z,"6 km ENE of Fritz Creek, Alaska",earthquake,3.8,3.3181,0.1,24,reviewed,ak,ak
2026-08-25T09:20:01.535Z,31.692,-104.299,7.8943,1.7,ml,18,85,0,0.2,tx,tx2026qrxybt,2026-08-25T14:02:47.194Z,"54 km S of Whites City, New Mexico",earthquake,0.86852366876482,0.7640879844555,0.1,24,reviewed,tx,tx
2026-08-25T09:17:06.589Z,31.692,-104.302,7.3303,2.7,ml,57,64,0,0.2,tx,tx2026qrxvuk,2026-08-25T15:25:33.279Z,"54 km S of Whites City, New Mexico",earthquake,0.70518183113624,0.56895832828113,0.1,32,reviewed,tx,tx
2026-08-25T09:15:08.810Z,36.069166666667,-117.83533333333,2.81,0.73,ml,19,59,0.05084,0.13,ci,ci41535960,2026-08-25T13:48:55.276Z,"11 km ENE of Coso Junction, CA",earthquake,0.17,0.52,0.11921303770754,9,reviewed,ci,ci
2026-08-25T09:07:20.740Z,43.045,145.6343,96.855,5,mb,81,121,2.1,0.74,us,us6000tnbv,2026-08-25T09:27:27.040Z,"31 km S of Nemuro, Japan",earthquake,8.97,6.851,0.027,434,reviewed,us,us
2026-08-25T09:04:58.130Z,33.382333333333,-116.402,9.6,0.63,ml,31,106,0.06266,0.16,ci,ci41535952,2026-08-25T13:57:32.844Z,"14 km N of Borrego Springs, CA",earthquake,0.22,0.55,0.08486076735036,6,reviewed,ci,ci
2026-08-25T08:53:02.253Z,56.789,-148.629,5,2.9,ml,75,205,2.4,1.1,ak,aka2026quoxzt,2026-08-26T18:30:42.236Z,"238 km ESE of Chiniak, Alaska",earthquake,5,0,0.1,58,reviewed,ak,ak
2026-08-25T08:44:36.730Z,36.066666666667,-117.83566666667,3.61,0.64,ml,18,60,0.05313,0.09,ci,ci41535944,2026-08-25T19:23:05.134Z,"10 km ENE of Coso Junction, CA",earthquake,0.15,0.27,0.21086334102653,8,reviewed,ci,ci
2026-08-25T08:43:03.125Z,60.433,-139.59,3.5,1.6,ml,10,94,0.8,0.7,ak,aka2026quopvz,2026-08-26T18:27:55.992Z,"99 km N of Yakutat, Alaska",earthquake,4,3.5494,0.2,8,reviewed,ak,ak
2026-08-25T08:27:47.199Z,31.693,-104.313,5.8948,1.8,ml,11,82,0,0.1,tx,tx2026qrweeb,2026-08-25T14:08:59.662Z,"53 km S of Whites City, New Mexico",earthquake,0.67488264768584,0.84794523293143,0.2,22,reviewed,tx,tx
2026-08-25T08:19:46.930Z,36.060666666667,-117.8435,2.17,0.39,ml,14,67,0.05754,0.14,ci,ci41535936,2026-08-25T13:49:26.049Z,"10 km E of Coso Junction, CA",earthquake,0.18,0.24,0.067737780018404,5,reviewed,ci,ci
2026-08-25T08:18:08.689Z,40.4953,-120.7308,5.3265,1.53,ml,9,245,0.288,0.1423,nn,nn00923862,2026-08-25T16:06:17.643Z,"10 km NW of Susanville, California",earthquake,,1.8036,0.36,5,reviewed,nn,nn
2026-08-25T08:08:06.807Z,51.3245,-176.1562,10,3.6,ml,22,205,0.56,0.54,us,us7000tbsp,2026-08-26T13:07:43.040Z,"69 km SSE of Adak, Alaska",earthquake,2.95,1.974,0.077,22,reviewed,us,us
2026-08-25T08:06:06.620Z,19.3345,-155.1765,5.64,1.44,ml,42,84,0.04523,0.15,hv,hv75023647,2026-08-25T17:36:34.700Z,"13 km SSE of Volcano, Hawaii",earthquake,0.33,0.65,0.20549764519812,12,reviewed,hv,hv
2026-08-25T07:57:05.670Z,33.574166666667,-116.798,7.25,1.83,ml,15,72,0.03435,0.11,ci,ci41535928,2026-08-25T13:49:30.135Z,"12 km W of Anza, CA",earthquake,0.24,0.44,0.19574509114973,9,reviewed,ci,ci
2026-08-25T07:53:35.151Z,51.353,-178.069,7.4,2.5,ml,32,203,0.4,0.4,ak,aka2026qumytp,2026-08-26T18:21:33.751Z,"115 km WSW of Adak, Alaska",earthquake,5.4,2.3056,0.2,25,reviewed,ak,ak
2026-08-25T07:49:45.933Z,51.487,-173.89,4.1,2.6,ml,16,288,0.7,0.3,ak,aka2026qumvkx,2026-08-26T18:18:11.442Z,"81 km SSE of Atka, Alaska",earthquake,11.1,6.7381,0.1,12,reviewed,ak,ak
2026-08-25T07:47:59.540Z,36.071666666667,-117.8405,1.97,0.57,ml,14,64,0.04727,0.09,ci,ci41535920,2026-08-25T13:49:44.765Z,"10 km ENE of Coso Junction, CA",earthquake,0.14,0.16,0.2660500230454,5,reviewed,ci,ci
2026-08-25T07:47:23.410Z,38.822834014893,-122.84549713135,2.25,1.01,md,10,117,0.008181,0.01,nc,nc75424792,2026-08-25T09:22:22.390Z,"9 km WNW of The Geysers, CA",earthquake,0.34,0.649999976,0.25,12,automatic,nc,nc
2026-08-25T07:44:20.348Z,31.715,-103.986,7.5354,1.2,ml,16,62,0,0.1,tx,tx2026qrutvp,2026-08-25T15:11:18.691Z,"36 km W of Mentone, Texas",earthquake,0.52403773409492,0.45646188536307,0.2,12,reviewed,tx,tx
2026-08-25T07:41:25.760Z,46.153333333333,-122.48,6.44,1.81,md,21,122,0.09316,0.07,uw,uw714085662,2026-08-25T18:12:15.300Z,"27 km N of Amboy, Washington",earthquake,0.47,1.41,0.19404944764825,13,reviewed,uw,uw
2026-08-25T07:38:10.510Z,33.2995,-116.20216666667,9.83,0.71,ml,45,43,0.115,0.24,ci,ci41535912,2026-08-25T07:41:37.841Z,"17 km ENE of Borrego Springs, CA",earthquake,0.23,0.69,0.11883129595811,13,automatic,ci,ci
2026-08-25T07:28:20.507Z,55.156,-160.253,22.1,2.3,ml,18,225,0.9,0.5,ak,aka2026qumcvv,2026-08-26T18:13:00.463Z,"25 km SE of Sand Point, Alaska",earthquake,10.1,4.4457,0.1,14,reviewed,ak,ak
2026-08-25T07:22:36.149Z,65.587,-149.195,7.7,2.6,ml,52,26,0.3,0.9,ak,aka2026qulxwz,2026-08-26T18:10:42.017Z,"30 km WNW of Livengood, Alaska",earthquake,2.2,1.6409,0.2,36,reviewed,ak,ak
2026-08-25T07:20:03.330Z,63.564,-150.725,1,2,ml,21,54,0.5,0.5,ak,aka2026qulvrq,2026-08-26T18:07:31.493Z,"49 km E of Denali National Park, Alaska",earthquake,3.1,2.2906,0.2,15,reviewed,ak,ak
2026-08-25T07:12:10.468Z,54.606,-162.804,64.3,2.1,ml,14,210,0.4,0.7,ak,aka2026qulovn,2026-08-26T18:00:15.535Z,"47 km SE of False Pass, Alaska",earthquake,16.1,7.0614,0.2,8,reviewed,ak,ak
2026-08-25T07:07:03.170Z,58.289833333333,-154.99116666667,3.66,0.05,ml,11,129,0.03896,0.15,av,av94402283,2026-08-25T20:58:40.840Z,"86 km NNW of Karluk, Alaska",earthquake,0.37,0.64,0.24157368255563,11,reviewed,av,av
2026-08-25T07:02:51.535Z,31.626,-104.477,4.3261,1.5,ml,21,92,0,0.5,tx,tx2026qrtkba,2026-08-25T07:05:35.167Z,"61 km S of Whites City, New Mexico",earthquake,0,1.4320552349091,0.1,15,automatic,tx,tx
2026-08-25T07:00:10.853Z,22.6053,121.5709,14.608,5.5,mww,101,28,0.5,1.05,us,us6000tnbm,2026-08-26T07:09:27.608Z,"108 km NE of Hengchun, Taiwan",earthquake,5.4,3.358,0.066,22,reviewed,us,us
2026-08-25T06:51:02.530Z,33.415,-116.60783333333,11.43,1.3309032440997,ml,27,85,0.07417,0.13,ci,ci41535904,2026-08-25T13:50:00.598Z,"15 km N of Warner Springs, CA",earthquake,0.21,0.45,0.47407272458076,7,reviewed,ci,ci
2026-08-25T06:48:20.910Z,3.4176,124.4529,322.862,4.6,mb,80,67,3.797,0.73,us,us6000tnbk,2026-08-25T07:03:32.040Z,"218 km NNW of Manado, Indonesia",earthquake,8.64,7.586,0.055,98,reviewed,us,us
2026-08-25T06:43:27.900Z,33.648833333333,-116.73033333333,14.61,0.43,ml,32,59,0.05123,0.12,ci,ci41535896,2026-08-25T17:24:35.015Z,"10 km S of Idyllwild, CA",earthquake,0.18,0.25,0.086817954505229,7,reviewed,ci,ci
2026-08-25T06:41:44.684Z,31.636,-104.499,3.2398,1.3,ml,12,209,0,0.6,tx,tx2026qrsrxl,2026-08-25T07:00:59.044Z,"60 km S of Whites City, New Mexico",earthquake,0,2.2903923988342,0.2,6,automatic,tx,tx
2026-08-25T06:37:15.420Z,33.999,-116.82116666667,17.74,0.61,ml,38,34,0.03773,0.12,ci,ci41535880,2026-08-25T13:50:45.960Z,"10 km NNW of Cabazon, CA",earthquake,0.15,0.36,0.14814609074426,14,reviewed,ci,ci
2026-08-25T06:31:43.560Z,38.846832275391,-122.84816741943,1.3999999761581,0.49,md,7,103,0.01288,0.01,nc,nc75424777,2026-08-25T06:47:29.331Z,"11 km NW of The Geysers, CA",earthquake,0.34,1.29999995,0.32,9,automatic,nc,nc
2026-08-25T06:27:48.858Z,62.9,-148.819,0.4,1.5,ml,25,57,0.1,1,ak,aka2026qukclv,2026-08-26T17:58:18.227Z,"55 km S of Cantwell, Alaska",earthquake,2.8,2.0345,0.1,17,reviewed,ak,ak
2026-08-25T06:27:47.490Z,19.3755,-155.54266666667,2.54,0.78,md,21,48,0.03658,0.11,hv,hv75023607,2026-08-25T06:43:07.430Z,"20 km NNW of Pāhala, Hawaii",earthquake,0.22,0.8,0.095995961168908,4,reviewed,hv,hv
2026-08-25T06:19:52.919Z,33.101,47.3976,10,4.2,mb,32,108,2.313,0.9,us,us6000tnbh,2026-08-25T06:42:54.040Z,"5 km SSE of Darreh Shahr, Iran",earthquake,9.65,1.946,0.125,18,reviewed,us,us
2026-08-25T06:14:48.980Z,19.3715,-155.40516666667,10.37,1.9,ml,35,46,0.04215,0.11,hv,hv75023602,2026-08-25T06:35:36.110Z,"19 km WSW of Volcano, Hawaii",earthquake,0.29,0.6,0.22957722474751,16,reviewed,hv,hv
2026-08-25T06:10:48.550Z,53.3795,-168.18616666667,2.99,-0.28,ml,6,194,0.02727,0.25,av,av93066209,2026-08-25T20:35:09.480Z,"66 km NE of Nikolski, Alaska",earthquake,0.81,1.13,0.13363302862183,6,reviewed,av,av
2026-08-25T06:10:35.529Z,60.051,-152.676,99.1,1.7,ml,50,53,0,0.5,ak,aka2026qujnli,2026-08-26T17:53:05.111Z,"53 km WNW of Happy Valley, Alaska",earthquake,3.9,2.0698,0.3,37,reviewed,ak,ak
2026-08-25T06:07:58.201Z,61.7,-149.614,32.2,2.2,ml,70,27,0.1,1,ak,aka2026qujldz,2026-08-26T16:32:17.548Z,"8 km N of Meadow Lakes, Alaska",earthquake,1.8,1.3566,0.1,50,reviewed,ak,ak
2026-08-25T06:05:20.540Z,33.28,-117.51216666667,14.56,1.24,ml,43,142,0.1215,0.12,ci,ci41535864,2026-08-25T13:57:40.968Z,"14 km WNW of Camp Pendleton South, CA",earthquake,0.22,0.31,0.24662306270713,27,reviewed,ci,ci
2026-08-25T06:05:04.400Z,47.672833333333,-120.118,3.29,2.32,ml,15,50,0.04287,0.12,uw,uw714085652,2026-08-25T17:02:16.978Z,"4 km NW of Waterville, Washington",earthquake,0.28,0.88,0.13611441346775,14,reviewed,uw,uw
2026-08-25T05:56:42.340Z,19.3875,-155.54733333333,4.68,1.3,md,23,49,0.02441,0.16,hv,hv75023587,2026-08-25T06:10:35.150Z,"21 km NNW of Pāhala, Hawaii",earthquake,0.29,0.65,0.11043427081463,5,reviewed,hv,hv
2026-08-25T05:55:05.710Z,38.507,-112.88416666667,1.85,2.09,ml,33,36,0.00575,0.14,uu,uu80150281,2026-08-25T13:23:23.530Z,"16 km NE of Milford, Utah",earthquake,0.24,0.3,0.23776109228047,19,reviewed,uu,uu
2026-08-25T05:49:00.400Z,34.803666666667,-118.93933333333,11.66,0.97,ml,27,55,0.03766,0.19,ci,ci41535848,2026-08-25T13:51:04.216Z,"2 km SSE of Frazier Park, CA",earthquake,0.3,0.51,0.1310767086442,14,reviewed,ci,ci
2026-08-25T05:46:08.079Z,63.8453,-23.2345,10,4.2,mb,30,117,1.23,0.82,us,us6000tnbf,2026-08-25T06:31:30.040Z,"33 km SW of Sandgerði, Iceland",earthquake,5.57,1.908,0.11,23,reviewed,us,us
2026-08-25T05:46:05.430Z,19.374666666667,-155.54733333333,2.39,1.74,ml,36,40,0.03717,0.13,hv,hv74000229,2026-08-25T06:27:06.530Z,"20 km NNW of Pāhala, Hawaii",earthquake,0.18,0.83,0.17717149583196,8,reviewed,hv,hv
2026-08-25T05:45:40.440Z,33.416166666667,-116.63966666667,6.88,-0.11,ml,31,40,0.08436,0.09,ci,ci41535840,2026-08-25T13:57:36.899Z,"15 km N of Warner Springs, CA",earthquake,0.1,0.33,0.10264663428776,3,reviewed,ci,ci
2026-08-25T05:44:51.510Z,19.360333333333,-155.54133333333,-1.23,0.8,md,19,52,0.05171,0.17,hv,hv75023582,2026-08-25T05:57:02.630Z,"18 km NNW of Pāhala, Hawaii",earthquake,0.26,0.44,0.21937915027328,7,reviewed,hv,hv
2026-08-25T05:38:34.131Z,32.365,-102.111,8.2764,0.2,ml,15,58,0,0.2,tx,tx2026qrqplr,2026-08-25T08:45:20.438Z,"39 km E of McKinney Acres, Texas",earthquake,0.9183273167153,0.96545804846542,0.1,6,reviewed,tx,tx
2026-08-25T05:27:49.880Z,36.07,-117.84566666667,2.05,0.93,ml,23,69,0.04806,0.14,ci,ci41535832,2026-08-25T13:51:35.994Z,"10 km ENE of Coso Junction, CA",earthquake,0.18,0.2,0.23269090340758,14,reviewed,ci,ci
2026-08-25T05:23:59.510Z,19.376166666667,-155.54266666667,2.31,0.92,md,19,66,0.03592,0.1,hv,hv75023562,2026-08-25T05:47:01.850Z,"20 km NNW of Pāhala, Hawaii",earthquake,0.22,0.91,0.14666385497473,6,reviewed,hv,hv
2026-08-25T05:17:46.090Z,36.069666666667,-117.84483333333,2.53,2.05,ml,28,47,0.0485,0.14,ci,ci41535824,2026-08-25T13:51:52.110Z,"10 km ENE of Coso Junction, CA",earthquake,0.14,0.18,0.25957120175028,25,reviewed,ci,ci
2026-08-25T05:16:11.520Z,19.377,-155.54116666667,2.47,0.7,md,18,47,0.03529,0.13,hv,hv75023547,2026-08-25T05:35:31.130Z,"20 km NNW of Pāhala, Hawaii",earthquake,0.27,0.96,0.077425791287287,4,reviewed,hv,hv
2026-08-25T05:14:37.010Z,33.255333333333,-116.38166666667,9.88,0.64,ml,43,47,0.03239,0.19,ci,ci41535816,2026-08-25T13:51:40.091Z,"1 km W of Borrego Springs, CA",earthquake,0.19,0.39,0.14099498836829,11,reviewed,ci,ci
2026-08-25T05:09:22.210Z,18.177166666667,-67.360166666667,19.05,2.33,md,11,207,0.2086,0.23,pr,pr71529718,2026-08-25T10:21:41.900Z,"20 km SW of Stella, Puerto Rico",earthquake,0.82,0.52,0.080750578657383,7,reviewed,pr,pr
2026-08-25T05:03:53.060Z,38.5145,-112.89233333333,2.75,1.16,md,9,112,0.006135,0.06,uu,uu80150276,2026-08-25T14:50:09.490Z,"16 km NE of Milford, Utah",earthquake,0.32,0.68,0.49538942107448,6,reviewed,uu,uu
2026-08-25T05:00:30.620Z,38.794166564941,-122.80999755859,3.2799999713898,0.28,md,7,143,0.007957,0.01,nc,nc75424757,2026-08-25T05:02:09.030Z,"5 km WNW of The Geysers, CA",earthquake,0.67,1.39999998,0.04,8,automatic,nc,nc
2026-08-25T04:58:59.350Z,38.817832946777,-122.8424987793,1.460000038147,0.7,md,9,125,0.007866,0.01,nc,nc75424752,2026-08-25T05:52:22.930Z,"9 km WNW of The Geysers, CA",earthquake,0.56,0.409999996,0.26,11,automatic,nc,nc
2026-08-25T04:57:52.600Z,33.585,-116.615,13.25,0.53,ml,33,39,0.0206,0.13,ci,ci41535808,2026-08-25T13:51:48.192Z,"6 km ENE of Anza, CA",earthquake,0.17,0.28,0.10613414537708,12,reviewed,ci,ci
2026-08-25T04:53:17.080Z,33.5825,-117.22783333333,15.27,1.06,ml,55,46,0.03218,0.19,ci,ci41535800,2026-08-25T13:52:01.973Z,"3 km NNW of Murrieta, CA",earthquake,0.19,0.29,0.33356036521518,30,reviewed,ci,ci
2026-08-25T04:52:42.896Z,65.668,-145.139,4.5,1.9,ml,27,42,0.2,0.7,ak,aka2026qugxyb,2026-08-26T16:28:44.219Z,"18 km NW of Central, Alaska",earthquake,2.8,2.2663,0.1,19,reviewed,ak,ak
2026-08-25T04:51:24.077Z,31.693,-104.311,7.074,2.4,ml,43,71,0,0.2,tx,tx2026qrpave,2026-08-25T07:14:10.576Z,"53 km S of Whites City, New Mexico",earthquake,0.69718292340676,0.87551206672204,0.2,30,reviewed,tx,tx
2026-08-25T04:50:44.690Z,38.847332000732,-122.84750366211,1.5599999427795,0.32,md,9,130,0.01282,0.01,nc,nc75424747,2026-08-25T04:52:18.450Z,"11 km NW of The Geysers, CA",earthquake,0.39,1.10000002,0.21,10,automatic,nc,nc
2026-08-25T04:49:04.920Z,19.366333333333,-155.55066666667,-0.85,1.85,ml,38,39,0.04559,0.22,hv,hv75023502,2026-08-25T05:09:59.580Z,"19 km NNW of Pāhala, Hawaii",earthquake,0.23,0.41,0.21065314832498,12,reviewed,hv,hv
2026-08-25T04:47:59.570Z,38.818332672119,-122.7945022583,3.2000000476837,1.07,md,17,35,0.01037,0.01,nc,nc75424737,2026-08-25T04:49:33.426Z,"6 km NW of The Geysers, CA",earthquake,0.26,0.649999976,0.16,18,automatic,nc,nc
2026-08-25T04:45:29.050Z,19.3745,-155.54233333333,3.35,1.85,md,15,81,0.0376,0.16,hv,hv75023492,2026-08-25T05:18:01.100Z,"20 km NNW of Pāhala, Hawaii",earthquake,0.41,1.04,0.071686013004462,5,reviewed,hv,hv
2026-08-25T04:32:42.810Z,33.535333333333,-116.55833333333,15.98,0.74,ml,15,69,0.05464,0.1,ci,ci41535792,2026-08-25T13:52:09.893Z,"11 km ESE of Anza, CA",earthquake,0.27,0.38,0.28829710199132,7,reviewed,ci,ci
2026-08-25T04:23:25.140Z,33.569,-116.77216666667,15.42,0.54,ml,25,61,0.02553,0.1,ci,ci41535784,2026-08-25T13:52:06.014Z,"9 km W of Anza, CA",earthquake,0.17,0.3,0.13136289108641,11,reviewed,ci,ci
2026-08-25T04:21:19.400Z,46.896833333333,-112.53116666667,9.82,1.39,ml,7,191,0.06329,0.06,mb,mb90205978,2026-08-28T22:29:16.890Z,"13 km ESE of Lincoln, Montana",earthquake,0.99,0.48,0.28726891249328,12,reviewed,mb,mb
2026-08-25T04:21:06.770Z,36.068333333333,-117.8475,2.15,1.7,ml,29,51,0.0495,0.14,ci,ci41535776,2026-08-25T13:52:27.804Z,"9 km ENE of Coso Junction, CA",earthquake,0.16,0.19,0.22450642251917,27,reviewed,ci,ci
2026-08-25T04:20:49.520Z,38.513,-112.89183333333,2.23,0.72,md,10,164,0.005533,0.05,uu,uu80150271,2026-08-25T15:49:50.300Z,"16 km NE of Milford, Utah",earthquake,0.42,0.31,0.71388526696463,3,reviewed,uu,uu
2026-08-25T04:18:52.780Z,38.832000732422,-122.81449890137,1.6000000238419,0.5,md,7,87,0.009262,0.01,nc,nc75424722,2026-08-25T04:20:29.206Z,"8 km NW of The Geysers, CA",earthquake,0.47,0.970000029,0.38,9,automatic,nc,nc
2026-08-25T04:16:08.510Z,38.515833333333,-112.892,2.34,0.85,md,15,90,0.007294,0.06,uu,uu80150266,2026-08-25T14:50:30.080Z,"16 km NE of Milford, Utah",earthquake,0.31,0.33,0.40886179858221,8,reviewed,uu,uu
2026-08-25T04:11:15.480Z,38.795333862305,-122.7996673584,3.829999923706,0.76,md,8,142,0.007486,0.01,nc,nc75424717,2026-08-25T04:12:54.266Z,"4 km WNW of The Geysers, CA",earthquake,0.68,1.48000002,0.05,9,automatic,nc,nc
2026-08-25T04:08:15.310Z,61.312333333333,-151.603,17.21,0.7,ml,17,101,0.1546,0.11,av,av94402138,2026-08-25T19:43:34.480Z,"33 km NW of Beluga, Alaska",earthquake,0.52,0.66,0.25941917061792,18,reviewed,av,av
2026-08-25T04:04:45.890Z,62.828,-149.262,64.6,1.7,ml,25,49,0.2,0.9,ak,aka2026qufihd,2026-08-26T16:24:16.400Z,"60 km NE of Chase, Alaska",earthquake,3.4,4.0455,0.2,18,reviewed,ak,ak
2026-08-25T04:01:14.070Z,18.046166666667,-66.2835,13.88,2.26,md,13,155,0.04964,0.26,pr,pr71529708,2026-08-25T10:30:34.890Z,"5 km NNW of Coco, Puerto Rico",earthquake,0.61,0.95,0.12351266564483,8,reviewed,pr,pr
2026-08-25T03:58:52.565Z,31.689,-104.309,7.5867,1.8,ml,37,69,0,0.2,tx,tx2026qrnekv,2026-08-25T07:32:59.508Z,"54 km S of Whites City, New Mexico",earthquake,0.71083759012829,0.82931507706557,0.1,24,reviewed,tx,tx
2026-08-25T03:56:21.810Z,35.305666666667,-118.5475,5.21,1.01,ml,27,72,0.1046,0.12,ci,ci41535768,2026-08-25T13:52:24.589Z,"21 km NNW of Tehachapi, CA",earthquake,0.16,0.62,0.1080109553288,9,reviewed,ci,ci
2026-08-25T03:48:14.326Z,53.477,-167.219,20.3,2,ml,21,189,0.4,0.5,ak,aka2026queuag,2026-08-26T16:21:39.501Z,"63 km SW of Unalaska, Alaska",earthquake,14.6,7.6829,0.3,13,reviewed,ak,ak
2026-08-25T03:47:29.700Z,38.757831573486,-122.71266937256,1.5499999523163,0.95,md,10,121,0.01025,0.04,nc,nc75424712,2026-08-25T04:47:27.525Z,"3 km SW of Anderson Springs, CA",earthquake,0.42,0.439999998,0.15,9,automatic,nc,nc
2026-08-25T03:43:03.020Z,37.575500488281,-121.70449829102,4.8299999237061,1.27,md,11,83,0.06247,0.06,nc,nc75424707,2026-08-25T05:37:21.838Z,"13 km SSE of Livermore, CA",earthquake,0.3,1.04999995,0.12,11,automatic,nc,nc
2026-08-25T03:41:42.707Z,54.659,-162.64,78.4,2,ml,13,212,0.5,0.6,ak,aka2026queojh,2026-08-26T16:19:18.879Z,"49 km SSW of King Cove, Alaska",earthquake,19.9,6.7249,0.2,11,reviewed,ak,ak
2026-08-25T03:38:10.923Z,63.7469,-23.419,10,4.4,mb,52,104,1.358,0.9,us,us6000tnav,2026-08-25T04:00:55.040Z,"47 km SW of Sandgerði, Iceland",earthquake,7.61,1.908,0.063,73,reviewed,us,us
2026-08-25T03:30:39.770Z,60.033166666667,-153.084,-2,-0.26,ml,5,103,0.02634,0.08,av,av94402113,2026-08-25T19:40:04.160Z,"63 km ENE of Pedro Bay, Alaska",earthquake,0.22,3.23,0.30214933979093,5,reviewed,av,av
2026-08-25T03:25:52.460Z,18.8386,-68.1843,90,4.13,md,23,166,0.3798,0.65,pr,pr2026237000,2026-08-26T22:40:10.275Z,"36 km NE of Punta Cana, Dominican Republic",earthquake,3.21,3,0.11,19,reviewed,pr,pr
2026-08-25T03:23:38.818Z,60.097,-151.394,49.7,1.8,ml,36,48,0.4,0.6,ak,aka2026qudyre,2026-08-26T16:17:19.218Z,"14 km S of Clam Gulch, Alaska",earthquake,3,5.1048,0.2,24,reviewed,ak,ak
2026-08-25T03:16:17.510Z,61.305833333333,-151.61083333333,17.49,0.84,ml,14,136,0.1541,0.08,av,av94402088,2026-08-25T19:54:05.180Z,"33 km WNW of Beluga, Alaska",earthquake,0.75,0.77,0.037680263971877,3,reviewed,av,av
2026-08-25T03:13:28.048Z,16.8505,-85.6548,10,4.4,mb,31,112,4.178,0.56,us,us6000tnam,2026-08-25T15:06:00.229Z,"48 km NNE of Savannah Bight, Honduras",earthquake,9.03,1.968,0.061,78,reviewed,us,us
2026-08-25T03:10:14.780Z,38.831832885742,-122.81783294678,1.5700000524521,0.2,md,8,81,0.01038,0.02,nc,nc75424692,2026-08-25T03:42:24.092Z,"8 km NW of The Geysers, CA",earthquake,0.31,0.980000019,0.07,8,automatic,nc,nc
2026-08-25T03:09:11.310Z,38.830833435059,-122.81866455078,1.4900000095367,0.73,md,8,103,0.01001,0.02,nc,nc75424687,2026-08-25T03:32:22.020Z,"8 km NW of The Geysers, CA",earthquake,0.4,0.899999976,0.17,8,automatic,nc,nc
2026-08-25T03:06:19.912Z,-6.6149,127.5589,10.169,4.7,mb,24,64,3.126,0.75,us,us6000tnal,2026-08-25T03:39:55.040Z,"219 km NNE of Lospalos, Timor Leste",earthquake,8.1,4.898,0.133,17,reviewed,us,us
2026-08-25T03:03:49.283Z,31.685,-104.304,7.7405,1.5,ml,30,68,0,0.2,tx,tx2026qrllwv,2026-08-25T08:21:56.898Z,"54 km S of Whites City, New Mexico",earthquake,0.70976226114961,0.75058107179798,0.1,18,reviewed,tx,tx
2026-08-25T03:02:00.220Z,60.005,-153.075,7.36,-0.46,ml,4,128,0.03056,0.27,av,av94402078,2026-08-25T19:33:33.740Z,"62 km ENE of Pedro Bay, Alaska",earthquake,1.76,1.88,0.2762734403614,4,reviewed,av,av
2026-08-25T03:01:50.670Z,57.142,-156.337,6.9,1.8,ml,23,133,0.5,0.6,ak,aka2026qudfui,2026-08-26T16:15:12.167Z,"76 km ESE of Ugashik, Alaska",earthquake,4.7,2.8918,0.2,15,reviewed,ak,ak
2026-08-25T02:58:57.171Z,31.693,-104.303,7.2791,1.5,ml,31,71,0,0.2,tx,tx2026qrlhxt,2026-08-25T08:31:02.964Z,"53 km S of Whites City, New Mexico",earthquake,0.66680969688341,0.63421130159073,0.2,20,reviewed,tx,tx
2026-08-25T02:56:45.200Z,18.549333333333,-64.640666666667,14.39,3.14,md,4,215,0.1299,0.53,pr,pr71529733,2026-08-25T10:14:31.110Z,"29 km NE of Cruz Bay, U.S. Virgin Islands",earthquake,7.58,6.46,0.05663029654105,4,reviewed,pr,pr
2026-08-25T02:55:25.690Z,33.998,-116.97883333333,10.93,0.85,ml,36,40,0.1018,0.13,ci,ci41535760,2026-08-25T13:52:53.870Z,"7 km E of Calimesa, CA",earthquake,0.15,0.58,0.10427911529836,21,reviewed,ci,ci
2026-08-25T02:52:58.514Z,61.26,-151.683,82.8,1.8,ml,57,36,0.2,0.7,ak,aka2026qucyci,2026-08-26T16:12:56.073Z,"34 km WNW of Beluga, Alaska",earthquake,2.6,2.0956,0.2,40,reviewed,ak,ak
2026-08-25T02:44:17.199Z,29.018,-97.9,6.9279,0.6,ml,9,61,0,0.2,tx,tx2026qrkvgq,2026-08-25T12:18:03.665Z,"12 km ENE of Falls City, Texas",earthquake,1.251858068667,0.68736224140291,0.2,6,reviewed,tx,tx
2026-08-25T02:42:36.720Z,61.150833333333,-152.2935,5.53,0.02,ml,13,111,0.05024,0.14,av,av94402043,2026-08-25T19:29:34.410Z,"63 km W of Tyonek, Alaska",earthquake,0.33,0.7,0.28926422590075,13,reviewed,av,av
2026-08-25T02:37:07.690Z,34.6625,-119.54266666667,4.27,1.24,ml,19,85,0.1352,0.18,ci,ci41535752,2026-08-27T19:37:09.456Z,"26 km NNE of Montecito, CA",earthquake,0.28,0.66,0.16050530722194,12,reviewed,ci,ci
2026-08-25T02:28:24.140Z,38.515333333333,-112.89133333333,2.12,0.38,md,9,169,0.007278,0.06,uu,uu80150261,2026-08-25T15:45:31.310Z,"16 km NE of Milford, Utah",earthquake,0.37,0.43,0.67034037203001,3,reviewed,uu,uu
2026-08-25T02:28:14.850Z,38.814834594727,-122.81700134277,0.60000002384186,1.04,md,20,50,0.01012,0.02,nc,nc75424677,2026-08-25T03:17:25.912Z,"7 km NW of The Geysers, CA",earthquake,0.17,0.409999996,0.21,19,automatic,nc,nc
2026-08-25T02:17:34.910Z,38.514166666667,-112.89266666667,2.23,0.86,md,10,167,0.005716,0.06,uu,uu80150251,2026-08-25T16:08:42.180Z,"16 km NE of Milford, Utah",earthquake,0.36,0.42,0.36880630153515,3,reviewed,uu,uu
2026-08-25T02:14:18.380Z,38.820331573486,-122.84166717529,1.8899999856949,0.3,md,10,116,0.005883,0.01,nc,nc75424672,2026-08-25T03:07:23.855Z,"9 km WNW of The Geysers, CA",earthquake,0.34,0.540000021,0.16,10,automatic,nc,nc
2026-08-25T02:03:53.950Z,38.516666666667,-112.8935,1.67,0.81,ml,11,114,0.007329,0.07,uu,uu80150246,2026-08-25T13:30:13.980Z,"16 km NE of Milford, Utah",earthquake,0.3,0.49,0.011133070598746,2,reviewed,uu,uu
2026-08-25T01:59:04.254Z,9.0329,126.8546,13.458,4.7,mb,54,107,2.324,0.62,us,us6000tnai,2026-08-25T02:54:54.040Z,"61 km ENE of Aras-asan, Philippines",earthquake,8.79,4.345,0.079,49,reviewed,us,us
2026-08-25T01:56:38.839Z,45.6554,26.3349,143.594,4.4,mb,40,37,1.898,0.66,us,us6000tnag,2026-08-25T13:51:14.357Z,"13 km SSE of Comandău, Romania",earthquake,4.78,8.071,0.101,28,reviewed,us,us
2026-08-25T01:56:04.660Z,39.327499389648,-123.26650238037,5.9200000762939,1.4,md,10,109,0.05816,0.04,nc,nc75424652,2026-08-25T05:07:23.650Z,"9 km NW of Redwood Valley, CA",earthquake,0.32,0.99000001,0.15,9,automatic,nc,nc
2026-08-25T01:50:55.610Z,33.658,-116.72616666667,13.81,0.14,ml,13,87,0.04501,0.11,ci,ci10250606,2026-08-25T19:19:32.790Z,"9 km S of Idyllwild, CA",earthquake,0.36,0.7,0.056582588237251,3,reviewed,ci,ci
2026-08-25T01:50:44.160Z,33.663333333333,-116.72466666667,13.73,0.25,ml,19,88,0.04279,0.12,ci,ci41535728,2026-08-27T20:03:06.254Z,"9 km S of Idyllwild, CA",earthquake,0.3,0.45,0.17857874072852,9,reviewed,ci,ci
2026-08-25T01:49:18.390Z,33.66,-116.72516666667,14.08,0.83,ml,17,83,0.04375,0.16,ci,ci10250622,2026-08-25T19:12:58.794Z,"9 km S of Idyllwild, CA",earthquake,0.32,0.47,0.15903957640587,12,reviewed,ci,ci
2026-08-25T01:49:15.700Z,33.653333333333,-116.7315,14.16,0.98,ml,53,24,0.05057,0.15,ci,ci41535720,2026-08-25T19:05:20.830Z,"10 km S of Idyllwild, CA",earthquake,0.15,0.26,0.17034540829817,32,reviewed,ci,ci
2026-08-25T01:45:50.820Z,57.422,-154.838,55.7,1.8,ml,20,93,0.3,0.8,ak,aka2026quarxm,2026-08-26T16:07:45.635Z,"28 km SW of Karluk, Alaska",earthquake,4.4,5.465,0.2,14,reviewed,ak,ak
2026-08-25T01:45:19.779Z,61.772,-150.801,74.5,2.3,ml,71,35,0.3,0.8,ak,aka2026quarli,2026-08-26T16:05:37.746Z,"29 km NNW of Susitna, Alaska",earthquake,2.3,2.2556,0.2,50,reviewed,ak,ak
2026-08-25T01:35:12.001Z,31.426,-103.605,4.613,1.7,ml,19,43,0.1,0.2,tx,tx2026qrinrd,2026-08-25T07:50:22.178Z,"8 km NW of Lindsay, Texas",earthquake,0.71018074816847,2.3043084680536,0.1,10,reviewed,tx,tx
2026-08-25T01:34:46.420Z,39.325832366943,-123.26599884033,6.8400001525879,1.54,md,12,86,0.05716,0.05,nc,nc75424637,2026-08-25T02:17:24.541Z,"9 km NW of Redwood Valley, CA",earthquake,0.3,0.899999976,0.15,10,automatic,nc,nc
2026-08-25T01:22:25.241Z,-6.9731,155.6413,109.317,4.5,mb,24,136,4.429,0.37,us,us6000tnaa,2026-08-25T01:42:09.040Z,"74 km SSE of Panguna, Papua New Guinea",earthquake,9.54,7.518,0.124,19,reviewed,us,us
2026-08-25T01:18:46.243Z,34.462,70.463,10,4.9,mb,73,104,1.098,1.07,us,us6000tna9,2026-08-25T15:23:38.813Z,"4 km NNE of Jalālābād, Afghanistan",earthquake,5.81,1.84,0.073,58,reviewed,us,us
2026-08-25T01:16:44.390Z,62.931,-151.325,130.7,2.2,ml,55,63,0.4,0.4,ak,aka2026qtzspw,2026-08-26T15:41:51.423Z,"56 km NNW of Petersville, Alaska",earthquake,3.4,2.6218,0.2,36,reviewed,ak,ak
2026-08-25T01:12:10.860Z,38.833168029785,-122.79350280762,1.5800000429153,0.21,md,8,80,0.005786,0.02,nc,nc75424622,2026-08-25T01:13:47.798Z,"6 km WNW of Cobb, CA",earthquake,0.42,1.13,0.12,7,automatic,nc,nc
2026-08-25T01:07:44.100Z,34.044166666667,-117.27516666667,13.82,1.17,ml,19,209,0.1595,0.08,ci,ci41535712,2026-08-25T13:57:48.906Z,"1 km WSW of Loma Linda, CA",earthquake,0.37,0.67,0.48144409466122,29,reviewed,ci,ci
2026-08-25T01:05:27.290Z,35.506000518799,-120.3313369751,31.110000610352,2.74,md,4,177,0.3056,0.03,nc,nc75424617,2026-08-25T04:22:25.367Z,"17 km SSE of Shandon, CA",earthquake,1.91,4.32999992,0.14,3,automatic,nc,nc
2026-08-25T00:58:59.250Z,38.746334075928,-122.93650054932,5.4800000190735,1.32,md,12,186,0.07385,0.02,nc,nc75424602,2026-08-25T01:47:26.349Z,"10 km SE of Cloverdale, CA",earthquake,0.69,1.78999996,0.07,13,automatic,nc,nc
2026-08-25T00:57:53.400Z,38.77216720581,-122.72299957275,1.5199999809265,1.41,md,16,66,0.01066,0.06,nc,nc75424597,2026-08-25T01:32:22.250Z,"3 km W of Anderson Springs, CA",earthquake,0.26,0.360000014,0.19,16,automatic,nc,nc
2026-08-25T00:57:41.880Z,36.063,-117.84566666667,2.46,0.96,ml,19,69,0.05497,0.14,ci,ci41535704,2026-08-25T13:53:40.305Z,"9 km ENE of Coso Junction, CA",earthquake,0.18,0.21,0.15110318491117,14,reviewed,ci,ci
2026-08-25T00:49:37.900Z,36.063666666667,-117.8455,2.62,0.61,ml,17,69,0.05433,0.16,ci,ci41535696,2026-08-25T13:53:55.994Z,"9 km ENE of Coso Junction, CA",earthquake,0.21,0.26,0.14914590208897,7,reviewed,ci,ci
2026-08-25T00:32:57.389Z,51.296,-177.024,29.4,2.5,ml,24,222,0.5,0.5,ak,aka2026qtygru,2026-08-26T15:39:48.126Z,"69 km SSW of Adak, Alaska",earthquake,10.3,4.3031,0.2,19,reviewed,ak,ak
2026-08-25T00:22:31.250Z,38.820667266846,-122.84283447266,1.7200000286102,2.42,md,69,28,0.006569,0.09,nc,nc75424562,2026-08-25T04:07:23.272Z,"9 km WNW of The Geysers, CA",earthquake,0.14,0.200000003,0.14,79,automatic,nc,nc
2026-08-25T00:21:17.130Z,33.472166666667,-116.583,10.91,0.32,ml,23,45,0.02761,0.12,ci,ci41535680,2026-08-25T13:54:00.090Z,"12 km SE of Anza, CA",earthquake,0.17,0.36,0.13014064790651,7,reviewed,ci,ci
2026-08-25T00:05:24.071Z,-8.3932,120.2483,10,4.9,mb,38,105,3.393,0.76,us,us6000tn9w,2026-08-25T23:31:53.040Z,"33 km NW of Ruteng, Indonesia",earthquake,11.47,1.841,0.101,31,reviewed,us,us
2026-08-25T00:02:45.010Z,36.068,-117.84766666667,2.13,1.9,ml,33,51,0.04982,0.15,ci,ci41535672,2026-08-25T13:54:23.135Z,"9 km ENE of Coso Junction, CA",earthquake,0.15,0.19,0.24605471428283,26,reviewed,ci,ci
2026-08-25T00:01:44.500Z,35.315666666667,-117.80966666667,6.5,1.13,ml,39,41,0.05649,0.23,ci,ci41535664,2026-08-25T13:54:19.891Z,"17 km WSW of Johannesburg, CA",earthquake,0.25,0.54,0.1839573426958,17,reviewed,ci,ci
2026-08-24T23:57:12.200Z,57.837833333333,-156.87066666667,18.56,0.66,ml,6,190,0.1416,0.15,av,av94401873,2026-08-25T04:57:19.940Z,"47 km NE of Ugashik, Alaska",earthquake,1.03,0.89,0.23289681858101,6,reviewed,av,av
2026-08-24T23:54:46.540Z,38.794666290283,-122.75283050537,-0.10000000149012,1.26,md,22,90,0.00802,0.04,nc,nc75424537,2026-08-25T00:52:20.988Z,"2 km N of The Geysers, CA",earthquake,0.2,0.519999981,0.21,21,automatic,nc,nc
2026-08-24T23:51:10.270Z,33.485,-116.50166666667,14.17,0.54,ml,22,58,0.08457,0.07,ci,ci41535656,2026-08-25T13:57:44.981Z,"18 km ESE of Anza, CA",earthquake,0.13,0.29,0.10296051290052,11,reviewed,ci,ci
2026-08-24T23:42:06.540Z,38.792835235596,-122.75283050537,0.63999998569489,0.9,md,8,137,0.009456,0.03,nc,nc75424527,2026-08-24T23:43:42.170Z,"2 km N of The Geysers, CA",earthquake,0.4,0.589999974,0.19,9,automatic,nc,nc
2026-08-24T23:38:50.990Z,38.822334289551,-122.75949859619,1.8700000047684,0.26,md,7,129,0.0115,0.01,nc,nc75424522,2026-08-24T23:40:27.067Z,"3 km W of Cobb, CA",earthquake,0.45,1.07000005,0.14,9,automatic,nc,nc
2026-08-24T23:31:10.180Z,36.061833333333,-117.84383333333,2.3,1.86,ml,31,67,0.05634,0.18,ci,ci41535648,2026-08-25T13:55:24.290Z,"10 km ENE of Coso Junction, CA",earthquake,0.18,0.23,0.25295506269653,25,reviewed,ci,ci
2026-08-24T23:26:56.073Z,23.7942,124.9285,10,4.5,mb,27,135,0.861,1.82,us,us6000tn9r,2026-08-30T23:57:47.040Z,"99 km SE of Ishigaki, Japan",earthquake,7.55,1.903,0.145,14,reviewed,us,us
2026-08-24T23:23:17.640Z,35.677833333333,-117.5275,9.07,1.77,ml,45,37,0.08546,0.14,ci,ci41535640,2026-08-25T13:55:19.830Z,"15 km ENE of Ridgecrest, CA",earthquake,0.12,0.37,0.11389890942959,26,reviewed,ci,ci
2026-08-24T23:21:03.640Z,38.824165344238,-122.75983428955,1.960000038147,1.09,md,9,149,0.01008,0.02,nc,nc75424507,2026-08-25T00:07:22.682Z,"3 km W of Cobb, CA",earthquake,0.38,0.959999979,0.15,10,automatic,nc,nc
2026-08-24T23:20:16.150Z,53.945,-166.58916666667,9.74,0.17,ml,7,148,0.05909,0.19,av,av94401853,2026-08-25T05:04:50.430Z,"6 km NNW of Dutch Harbor, Alaska",earthquake,0.92,0.45,0.1822098459691,7,reviewed,av,av
2026-08-24T23:17:26.380Z,35.038666666667,-117.68416666667,-0.75,1.22,ml,24,59,0.1045,0.17,ci,ci41535632,2026-08-24T23:20:51.101Z,"5 km NW of Boron, CA",earthquake,0.28,0.53,0.18872630740009,11,automatic,ci,ci
2026-08-24T23:13:59.061Z,63.159,-151.482,0.7,3.1,ml,125,31,0.4,1.1,ak,aka2026qtvqfq,2026-08-30T23:50:55.040Z,"44 km SSE of Denali National Park, Alaska",earthquake,2,1.8996,0.1,90,reviewed,ak,ak
2026-08-24T23:10:21.299Z,32.394,-101.611,5.4932,1.7,ml,33,68,0,0.1,tx,tx2026qrdsxw,2026-08-25T15:05:15.193Z,"17 km SE of Ackerly, Texas",earthquake,0.4082297330458,0.35337519670773,0.2,29,reviewed,tx,tx
2026-08-24T22:52:46.440Z,56.41,-157.999,86.1,3,ml,72,129,0.3,0.5,ak,aka2026qtuxwd,2026-08-30T23:47:01.040Z,"28 km ENE of Chignik, Alaska",earthquake,6,2.2577,0.3,54,reviewed,ak,ak
2026-08-24T22:51:23.883Z,35.2636,-107.551,7.616,2.7,ml,22,67,0.949,0.75,us,us6000tn9b,2026-08-25T22:02:47.040Z,"11 km SE of San Mateo, New Mexico",earthquake,4.68,5.771,0.049,55,reviewed,us,us
2026-08-24T22:44:30.689Z,51.69,-176.186,68.7,2.1,ml,17,208,0.2,0.4,ak,aka2026qtuqrd,2026-08-26T05:11:08.101Z,"37 km ESE of Adak, Alaska",earthquake,25.3,6.4526,0.4,12,reviewed,ak,ak
2026-08-24T22:31:48.220Z,34.354333333333,-117.634,11.58,1.73,ml,21,65,0.04584,0.17,ci,ci41535624,2026-08-25T13:55:18.820Z,"1 km S of Wrightwood, CA",earthquake,0.3,0.59,0.36080853879316,37,reviewed,ci,ci
2026-08-24T22:29:26.350Z,48.513,-123.24366666667,28.42,0.83,ml,15,82,0.1137,0.15,uw,uw714085562,2026-08-25T17:44:23.580Z,"8 km NNE of Oak Bay, Canada",earthquake,0.35,0.73,0.32365752514175,6,reviewed,uw,uw
2026-08-24T22:27:44.105Z,56.851,-154.716,5.3,1.8,ml,14,85,0.4,0.7,ak,aka2026qtucdk,2026-08-26T05:08:53.832Z,"34 km WSW of Akhiok, Alaska",earthquake,5.3,3.5507,0.1,12,reviewed,ak,ak
2026-08-24T22:24:17.811Z,53.389,-167.522,78.9,1.5,ml,16,212,0.2,0.3,ak,aka2026qttzdv,2026-08-26T05:07:03.825Z,"84 km SW of Unalaska, Alaska",earthquake,37.5,6.4944,0.2,8,reviewed,ak,ak
2026-08-24T22:23:27.699Z,36.8225,-97.69616667,6.95,2.35,ml,88,80,0,0.19,ok,ok2026qpbo,2026-08-25T04:50:52.040Z,"3 km ENE of Medford, Oklahoma",earthquake,,0.5,0.24,41,reviewed,ok,ok
2026-08-24T22:23:10.280Z,36.063166666667,-117.84416666667,3.79,1.56,ml,10,125,0.05499,0.05,ci,ci10250614,2026-08-25T18:53:46.030Z,"10 km ENE of Coso Junction, CA",earthquake,0.13,0.31,0.15169899431652,5,reviewed,ci,ci
2026-08-24T22:22:55.170Z,36.069333333333,-117.84733333333,2.32,1.8,ml,29,51,0.04853,0.14,ci,ci41535616,2026-08-25T19:40:17.594Z,"9 km ENE of Coso Junction, CA",earthquake,0.14,0.19,0.21105919397347,24,reviewed,ci,ci
2026-08-24T22:20:04.690Z,36.060833333333,-117.84483333333,2.6,1.21,ml,20,68,0.05721,0.13,ci,ci41535608,2026-08-25T13:55:39.369Z,"9 km E of Coso Junction, CA",earthquake,0.15,0.18,0.24761204241482,17,reviewed,ci,ci
2026-08-24T22:17:03.150Z,35.7725,-117.59316666667,7.12,0.81,ml,17,97,0.04329,0.14,ci,ci41535600,2026-08-27T19:32:04.001Z,"17 km W of Searles Valley, CA",earthquake,0.24,0.38,0.28571061972028,8,reviewed,ci,ci
2026-08-24T22:16:38.210Z,36.0605,-117.845,2.66,1.08,ml,19,52,0.05752,0.13,ci,ci41535592,2026-08-25T13:55:55.175Z,"9 km E of Coso Junction, CA",earthquake,0.16,0.27,0.24662188479076,19,reviewed,ci,ci
2026-08-24T22:12:17.590Z,35.884,-117.72983333333,10.17,0.64,ml,14,79,0.08048,0.1,ci,ci41535584,2026-08-27T19:14:23.338Z,"17 km ESE of Little Lake, CA",earthquake,0.2,0.44,0.28271221483633,5,reviewed,ci,ci
2026-08-24T22:05:02.764Z,42.5717,141.514,131.984,4.3,mb,22,76,1.34,0.52,us,us7000tcmq,2026-08-30T23:26:32.040Z,"10 km SW of Tomakomai, Japan",earthquake,3.78,8.949,0.153,12,reviewed,us,us
2026-08-24T21:55:02.301Z,-15.32,-72.1166,122.232,4,mb,16,138,3.477,0.81,us,us6000tn9a,2026-08-30T23:15:41.040Z,"24 km ESE of Orcopampa, Peru",earthquake,12.49,10.617,0.143,13,reviewed,us,us
2026-08-24T21:49:02.232Z,38.6684,-117.0463,7.3141,1.9,ml,8,228,0.581,0.2739,nn,nn00923832,2026-08-24T21:56:07.194Z,"60 km S of Kingston, Nevada",explosion,,4.1357,0.77,6,reviewed,nn,nn
2026-08-24T21:44:55.093Z,57.325,-154.96,51.8,2,ml,24,105,0.4,0.6,ak,aka2026qtsqzc,2026-08-26T05:01:55.531Z,"40 km SW of Karluk, Alaska",earthquake,3.9,5.4258,0.2,18,reviewed,ak,ak
2026-08-24T21:44:19.300Z,38.825500488281,-122.85633087158,2.3599998950958,1.04,md,14,114,0.002085,0.03,nc,nc75424427,2026-08-24T22:27:21.014Z,"10 km WNW of The Geysers, CA",earthquake,0.34,0.49000001,0.26,18,automatic,nc,nc
2026-08-24T21:42:23.150Z,46.206333333333,-122.15183333333,7,0.34,ml,13,125,0.009176,0.09,uw,uw714085512,2026-08-25T17:52:03.980Z,"40 km NE of Amboy, Washington",earthquake,0.38,0.48,0.15021102505882,2,reviewed,uw,uw
2026-08-24T21:40:22.193Z,32.411,-102.113,6.7627,0.2,ml,13,82,0,0.1,tx,tx2026qratju,2026-08-25T19:32:20.657Z,"38 km SSW of Los Ybanez, Texas",earthquake,1.3275537091408,1.0580763076792,0.2,8,reviewed,tx,tx
2026-08-24T21:37:51.905Z,32.407,-102.119,6.1768,0.6,ml,31,53,0,0.2,tx,tx2026qrarfq,2026-08-25T17:28:24.027Z,"39 km SSW of Los Ybanez, Texas",earthquake,0.47803716692764,0.56485267834569,0.2,28,reviewed,tx,tx
2026-08-24T21:36:31.022Z,32.409,-102.115,6.4209,0.2,ml,14,89,0,0.2,tx,tx2026qraqat,2026-08-25T19:40:05.200Z,"39 km SSW of Los Ybanez, Texas",earthquake,1.1623090494859,0.89406706576268,0.2,7,reviewed,tx,tx
2026-08-24T21:34:35.221Z,32.407,-102.117,6.0791,0.5,ml,20,55,0,0.1,tx,tx2026qranvd,2026-08-25T17:43:50.890Z,"39 km SSW of Los Ybanez, Texas",earthquake,0.58531743971261,0.61168486395296,0.2,15,reviewed,tx,tx
2026-08-24T21:34:35.158Z,32.411,-102.119,6.0303,0.5,ml,17,63,0,0.1,tx,tx2026qraojz,2026-08-25T19:27:31.144Z,"39 km SSW of Los Ybanez, Texas",earthquake,0.74461015352705,0.68831713862438,0.2,12,reviewed,tx,tx
2026-08-24T21:27:04.520Z,38.767665863037,-122.94283294678,4.0500001907349,0.94,md,8,161,0.05634,0.03,nc,nc75424412,2026-08-24T21:52:23.768Z,"8 km ESE of Cloverdale, CA",earthquake,0.47,2.53999996,0.17,9,automatic,nc,nc
2026-08-24T21:26:53.920Z,38.512,-112.88666666667,2.71,0.98,ml,17,50,0.004899,0.07,uu,uu80150236,2026-08-24T22:36:55.310Z,"16 km NE of Milford, Utah",earthquake,0.21,0.3,0.087811757029937,2,reviewed,uu,uu
2026-08-24T21:21:35.730Z,-44.566,-15.4052,10,4.6,mb,18,87,33.597,0.54,us,us7000tcmp,2026-08-30T23:09:42.040Z,southern Mid-Atlantic Ridge,earthquake,10.98,1.897,0.141,15,reviewed,us,us
2026-08-24T21:19:26.550Z,35.827,-117.67366666667,7.46,0.5,ml,15,77,0.0629,0.11,ci,ci41535560,2026-08-25T13:56:11.861Z,"23 km N of Ridgecrest, CA",earthquake,0.22,0.57,0.14703692268622,7,reviewed,ci,ci
2026-08-24T21:11:59.436Z,37.292,-114.8229,6.1647,1.5,ml,9,135,0.215,0.1566,nn,nn00923826,2026-08-25T02:05:06.542Z,"31 km ESE of Alamo, Nevada",earthquake,,4.6105,0.2,2,reviewed,nn,nn
2026-08-24T21:03:58.890Z,36.058333333333,-117.84316666667,2.6,0.87,ml,19,86,0.05988,0.13,ci,ci41535544,2026-08-25T13:56:14.923Z,"10 km E of Coso Junction, CA",earthquake,0.16,0.19,0.26461678379742,14,reviewed,ci,ci
2026-08-24T21:03:38.816Z,32.367,-102.068,6.1279,0.3,ml,19,62,0,0.2,tx,tx2026qqzlwf,2026-08-25T19:20:41.701Z,"37 km NW of Stanton, Texas",earthquake,0.76315360727609,1.385998523855,0.2,13,reviewed,tx,tx
2026-08-24T21:02:15.452Z,-6.3704,151.5046,10,4.6,mb,23,161,2.262,0.73,us,us6000tn8w,2026-08-30T22:42:24.040Z,"176 km ESE of Kimbe, Papua New Guinea",earthquake,14.26,1.918,0.119,21,reviewed,us,us
2026-08-24T20:39:29.711Z,62.244,-152.308,0.6,1.9,ml,26,50,0.5,0.5,ak,aka2026qtqmhc,2026-08-26T04:56:49.501Z,"55 km WNW of Skwentna, Alaska",earthquake,2.6,1.9955,0.1,18,reviewed,ak,ak
2026-08-24T20:32:17.280Z,36.19866667,-95.856,0,1.47,ml,79,119,0.2924426128,0.39,ok,ok2026qoxw,2026-08-24T20:48:53.598Z,"7 km S of Owasso, Oklahoma",quarry blast,,0.3,0.21,38,reviewed,ok,ok
2026-08-24T20:25:43.215Z,51.441,178.332,51,2.6,ml,15,277,0.5,0.3,ak,aka2026qtqaig,2026-08-26T04:52:36.442Z,"Rat Islands, Aleutian Islands, Alaska",earthquake,10.8,7.1034,0.2,13,reviewed,ak,ak
2026-08-24T20:18:13.130Z,32.813166666667,-117.08283333333,5.41,1.02,ml,28,100,0.05485,0.19,ci,ci41535528,2026-08-24T20:21:41.716Z,"7 km ENE of San Diego, CA",earthquake,0.44,0.69,0.10274411458743,7,automatic,ci,ci
2026-08-24T20:17:11.350Z,36.062666666667,-117.8455,2.56,1.56,ml,31,50,0.05532,0.15,ci,ci41535520,2026-08-24T21:02:04.039Z,"9 km ENE of Coso Junction, CA",earthquake,0.15,0.18,0.28090650346132,22,reviewed,ci,ci
2026-08-24T20:14:59.729Z,32.361,-101.898,6.7627,1.1,ml,45,28,0,0.2,tx,tx2026qqxxvb,2026-08-25T15:10:42.041Z,"25 km SW of Ackerly, Texas",earthquake,0.36575262636075,0.63028777479115,0.1,25,reviewed,tx,tx
2026-08-24T20:13:35.518Z,58.966,-154.314,125.5,3.9,ml,269,33,0.3,1.1,ak,aka2026qtpptp,2026-08-24T22:22:44.271Z,"58 km SSE of Kokhanok, Alaska",earthquake,2.4,1.0077,0.2,156,reviewed,ak,ak
2026-08-24T20:09:17.520Z,46.973833333333,-122.2065,-0.48,0.6,md,6,209,0.01554,0.03,uw,uw714085432,2026-08-25T18:22:36.510Z,"1 km SE of Kapowsin, Washington",explosion,0.84,31.61,0.65714723396963,5,reviewed,uw,uw
2026-08-24T19:58:28.720Z,46.784,-122.6595,-0.38,1.25,ml,24,68,0.1239,0.17,uw,uw714085412,2026-08-25T18:01:48.030Z,"11 km S of Rainier, Washington",explosion,0.35,31.61,0.088844362504119,5,reviewed,uw,uw
2026-08-24T19:57:10.346Z,31.65,-104.395,6.228,1.7,ml,22,71,0,0.2,tx,tx2026qqxill,2026-08-25T14:55:11.968Z,"58 km S of Whites City, New Mexico",earthquake,0.94959237779857,0.82125224874489,0.2,18,reviewed,tx,tx
2026-08-24T19:41:26.650Z,34.001333333333,-116.9785,11.07,0.87,ml,24,55,0.09856,0.1,ci,ci41535496,2026-08-24T21:05:41.836Z,"7 km ESE of Yucaipa, CA",earthquake,0.16,0.56,0.18650813256769,15,reviewed,ci,ci
2026-08-24T19:41:10.850Z,52.031,176.334,6.1,2.9,ml,12,190,1.3,0.5,ak,aka2026qtonse,2026-08-26T04:49:48.490Z,"232 km ESE of Attu Station, Alaska",earthquake,24.9,8.0005,0.2,10,reviewed,ak,ak
2026-08-24T19:40:58.480Z,36.061666666667,-117.84333333333,2.73,0.65,ml,14,67,0.05657,0.08,ci,ci41535488,2026-08-24T21:02:30.299Z,"10 km E of Coso Junction, CA",earthquake,0.14,0.53,0.18894179240084,5,reviewed,ci,ci
2026-08-24T19:39:21.460Z,38.78116607666,-122.72216796875,1.8200000524521,1.07,md,12,87,0.01156,0.02,nc,nc75424352,2026-08-24T20:32:23.229Z,"3 km WNW of Anderson Springs, CA",earthquake,0.31,0.99000001,0.23,13,automatic,nc,nc
2026-08-24T19:37:25.837Z,53.222,-166.291,29.3,2.5,ml,28,212,0.6,0.5,ak,aka2026qtoknv,2026-08-26T04:48:22.462Z,"74 km SSE of Unalaska, Alaska",earthquake,7.7,4.0563,0.1,23,reviewed,ak,ak
2026-08-24T19:35:11.720Z,35.311666666667,-117.80883333333,7.73,1.25,ml,36,56,0.05352,0.16,ci,ci41535480,2026-08-24T21:02:56.610Z,"17 km WSW of Johannesburg, CA",earthquake,0.21,0.48,0.15397233923764,21,reviewed,ci,ci
2026-08-24T19:24:54.790Z,58.5265,-154.32016666667,5.13,0.17,ml,7,233,0.07176,0.28,av,av93066204,2026-08-25T04:30:17.440Z,"97 km WNW of Aleneva, Alaska",earthquake,1.55,2.96,0.28299270052979,7,reviewed,av,av
2026-08-24T19:22:39.868Z,32.447,-101.65,5.5908,0.6,ml,14,56,0.1,0.1,tx,tx2026qqwesl,2026-08-25T19:50:57.708Z,"10 km SE of Ackerly, Texas",earthquake,0.91612886384106,1.4274931920858,0.1,12,reviewed,tx,tx
2026-08-24T19:11:01.290Z,49.3065,-122.71533333333,-0.49,1.5,md,9,246,0.5161,0.4,uw,uw714085322,2026-08-25T18:31:43.510Z,"5 km ENE of Coquitlam, Canada",explosion,5.74,31.61,0.13119429101688,7,reviewed,uw,uw
2026-08-24T19:08:14.240Z,36.064166666667,-117.83933333333,2.95,0.67,ml,13,88,0.05477,0.1,ci,ci41535472,2026-08-24T21:02:51.054Z,"10 km ENE of Coso Junction, CA",earthquake,0.17,0.54,0.20236105032,8,reviewed,ci,ci
2026-08-24T19:00:03.416Z,-6.6912,127.5019,9.947,5,mb,56,47,3.218,0.97,us,us6000tn80,2026-08-24T20:17:51.040Z,"209 km NNE of Lospalos, Timor Leste",earthquake,7.26,4.158,0.087,42,reviewed,us,us
2026-08-24T18:54:34.310Z,38.835998535156,-122.79033660889,2,0.83,md,10,104,0.002407,0.01,nc,nc75424337,2026-08-24T19:42:20.881Z,"6 km WNW of Cobb, CA",earthquake,0.34,0.50999999,0.18,11,automatic,nc,nc
2026-08-24T18:53:18.011Z,53.469,-166.12,34.2,2.1,ml,22,216,0.5,0.4,ak,aka2026qtmyep,2026-08-26T04:44:50.337Z,"52 km SSE of Unalaska, Alaska",earthquake,11,7.6443,0.1,17,reviewed,ak,ak
2026-08-24T18:52:16.784Z,57.201,-156.097,76.3,2.3,ml,45,69,0.5,0.4,ak,aka2026qtmxia,2026-08-26T04:42:53.953Z,"85 km ESE of Ugashik, Alaska",earthquake,4.7,3.4849,0.2,33,reviewed,ak,ak
2026-08-24T18:50:07.500Z,19.706666946411,-156.13349914551,9.420000076294,1.82,md,12,314,0.4899,0.219999999,hv,hv75023262,2026-08-24T18:53:41.590Z,"15 km WNW of Kailua-Kona, Hawaii",earthquake,9.22,12.5299997,0.06436140779062,11,automatic,hv,hv
2026-08-24T18:50:04.881Z,60.407,-151.98,90.5,2.5,ml,98,34,0.4,0.6,ak,aka2026qtmvkv,2026-08-26T04:36:25.325Z,"37 km W of Cohoe, Alaska",earthquake,2.3,1.7123,0.1,72,reviewed,ak,ak
2026-08-24T18:47:57.820Z,36.060666666667,-117.846,2.6,2.03,ml,30,42,0.05725,0.14,ci,ci41535440,2026-08-24T21:03:07.393Z,"9 km E of Coso Junction, CA",earthquake,0.14,0.19,0.2548141647555,25,reviewed,ci,ci
2026-08-24T18:47:24.370Z,33.480166666667,-116.739,14.46,0.7,ml,34,34,0.0624,0.15,ci,ci41535432,2026-08-24T21:03:07.294Z,"10 km SW of Anza, CA",earthquake,0.18,0.37,0.13066484933822,16,reviewed,ci,ci
2026-08-24T18:17:35.260Z,38.83150100708,-122.79933166504,1.9900000095367,0.25,md,8,83,0.009841,0.01,nc,nc75424302,2026-08-24T18:19:12.591Z,"7 km W of Cobb, CA",earthquake,0.72,1.39999998,0.15,8,automatic,nc,nc
2026-08-24T18:13:18.110Z,37.457668304443,-118.83499908447,1.9099999666214,2.34,md,15,98,0.1322,0.05,nc,nc75424297,2026-08-24T21:47:24.742Z,"18 km SW of Toms Place, CA",earthquake,0.4,2.48000002,0.34,19,automatic,nc,nc
2026-08-24T18:10:24.641Z,54.515,-160.21,0.4,2.5,ml,14,274,1.1,0.6,ak,aka2026qtlnac,2026-08-26T03:57:50.612Z,"93 km SSE of Sand Point, Alaska",earthquake,8.1,3.7425,0.1,13,reviewed,ak,ak
2026-08-24T18:07:53.090Z,58.283,-154.77966666667,4.64,-0.07,ml,9,185,0.1009,0.15,av,av94401523,2026-08-25T04:19:16.800Z,"81 km NNW of Karluk, Alaska",earthquake,0.52,0.75,0.24686640241023,9,reviewed,av,av
2026-08-24T17:57:25.930Z,33.062666666667,-116.40783333333,5.04,0.54,ml,24,91,0.02938,0.17,ci,ci41535416,2026-08-24T21:03:35.611Z,"18 km E of Julian, CA",earthquake,0.26,0.36,0.13544170396898,9,reviewed,ci,ci
2026-08-24T17:54:16.080Z,60.508666666667,-152.703,5.99,-0.41,ml,6,163,0.02043,0.26,av,av94401508,2026-08-25T03:53:46.400Z,"76 km NW of Ninilchik, Alaska",earthquake,1.32,1.82,0.34102948306202,6,reviewed,av,av
2026-08-24T17:29:22.250Z,38.838001251221,-122.80766296387,2.3399999141693,0.69,md,9,69,0.01353,0,nc,nc75424287,2026-08-24T17:30:57.325Z,"8 km WNW of Cobb, CA",earthquake,0.33,0.970000029,0.33,10,automatic,nc,nc
2026-08-24T17:29:03.430Z,33.184833333333,-116.01983333333,8.83,0.93,ml,33,52,0.03707,0.17,ci,ci41535392,2026-08-30T02:53:09.701Z,"11 km ENE of Ocotillo Wells, CA",earthquake,0.18,0.48,0.15491086451072,15,reviewed,ci,ci
2026-08-24T17:22:59.800Z,35.312166666667,-117.8005,7.51,1.35,ml,34,57,0.05803,0.16,ci,ci41535376,2026-08-25T18:32:04.264Z,"16 km WSW of Johannesburg, CA",earthquake,0.2,0.53,0.12089477578847,28,reviewed,ci,ci
2026-08-24T17:16:39.470Z,18.789666666667,-67.528666666667,8.85,2.92,md,15,180,0.4058,0.33,pr,pr71529668,2026-08-24T17:35:20.710Z,"56 km NW of San Antonio, Puerto Rico",earthquake,1.06,1.3,0.1054286340201,9,reviewed,pr,pr
2026-08-24T17:09:05.300Z,38.827499389648,-122.76399993897,1.3300000429153,0.71,md,7,157,0.00549,0.05,nc,nc75424272,2026-08-24T18:17:25.299Z,"4 km W of Cobb, CA",earthquake,0.71,0.469999999,0.37,7,automatic,nc,nc
2026-08-24T17:01:24.365Z,52.038,176.285,5,3.2,ml,11,190,1.4,0.6,ak,aka2026qtjffr,2026-08-26T03:54:34.771Z,"229 km ESE of Attu Station, Alaska",earthquake,25.6,0,0.1,9,reviewed,ak,ak
2026-08-24T16:52:51.620Z,51.831333333333,-178.772,7.04,0.34,ml,5,282,0.01417,0.02,av,av94401473,2026-08-25T03:46:44.890Z,"147 km W of Adak, Alaska",earthquake,1.12,0.6,0.33996322323643,5,reviewed,av,av
2026-08-24T16:50:27.240Z,37.460666656494,-118.82499694824,3.1099998950958,1.34,md,12,218,0.1292,0.03,nc,nc75424262,2026-08-24T20:17:26.132Z,"17 km SW of Toms Place, CA",earthquake,1.23,2.79999995,0.11,9,automatic,nc,nc
2026-08-24T16:44:02.752Z,51.9655,176.2786,10,3.1,ml,10,194,1.382,0.52,us,us7000tbwe,2026-08-30T17:01:38.040Z,"232 km ESE of Attu Station, Alaska",earthquake,7.11,1.98,0.128,8,reviewed,us,us
2026-08-24T16:37:07.380Z,38.506833333333,-112.889,2.42,0.28,md,10,108,0.005563,0.05,uu,uu80150211,2026-08-24T20:30:52.660Z,"16 km NE of Milford, Utah",earthquake,0.4,0.34,0.44160194980784,3,reviewed,uu,uu
2026-08-24T16:29:07.280Z,60.443,-147.393,17,1.9,ml,37,47,0.4,0.7,ak,aka2026qtideq,2026-08-26T03:41:05.685Z,"54 km NE of Chenega, Alaska",earthquake,2.3,1.6855,0.2,25,reviewed,ak,ak
2026-08-24T16:25:23.787Z,18.6678,145.6811,204.668,4.7,mb,81,43,3.416,0.99,us,us6000tn6z,2026-08-30T16:57:32.040Z,"Pagan region, Northern Mariana Islands",earthquake,9.61,5.685,0.033,277,reviewed,us,us
2026-08-24T16:18:47.740Z,35.310666666667,-117.8015,7.28,1.08,ml,26,69,0.05635,0.17,ci,ci41535336,2026-08-24T21:04:06.383Z,"17 km WSW of Johannesburg, CA",earthquake,0.23,0.6,0.078362948306437,18,reviewed,ci,ci
2026-08-24T16:14:08.450Z,38.516833333333,-112.89283333333,2.3,1,md,13,114,0.007732,0.06,uu,uu80150201,2026-08-24T20:25:03.700Z,"16 km NE of Milford, Utah",earthquake,0.25,0.34,0.6148295910712,6,reviewed,uu,uu
2026-08-24T16:09:21.249Z,59.811,-152.126,66.6,1.6,ml,28,65,0.4,0.6,ak,aka2026qthmas,2026-08-26T03:34:13.374Z,"16 km WNW of Anchor Point, Alaska",earthquake,3.3,3.2037,0.2,19,reviewed,ak,ak
2026-08-24T16:07:02.520Z,33.243833333333,-116.082,12.19,0.12,ml,7,159,0.1121,0.11,ci,ci41535320,2026-08-25T18:18:40.985Z,"12 km NNE of Ocotillo Wells, CA",earthquake,0.35,0.69,0.12443305633176,4,reviewed,ci,ci
2026-08-24T16:05:07.310Z,17.971666666667,-66.991,7.93,2.25,md,8,180,0.05071,0.1,pr,pr71529648,2026-08-24T16:19:32.220Z,"5 km E of La Parguera, Puerto Rico",earthquake,0.41,0.81,0.013604607308414,4,reviewed,pr,pr
2026-08-24T16:03:39.190Z,35.32,-117.805,6.64,2.12,ml,51,33,0.06218,0.19,ci,ci41535304,2026-08-24T20:12:24.071Z,"17 km WSW of Johannesburg, CA",earthquake,0.16,0.47,0.14377911307554,23,reviewed,ci,ci
2026-08-24T15:58:49.640Z,36.069333333333,-117.84516666667,1.97,1.28,ml,26,50,0.04878,0.15,ci,ci41535296,2026-08-24T21:04:23.094Z,"10 km ENE of Coso Junction, CA",earthquake,0.17,0.22,0.15170338463857,18,reviewed,ci,ci
2026-08-24T15:58:24.573Z,31.8417,-93.3902,7.364,2.6,mb_lg,13,136,0.163,1.15,us,us6000tn4t,2026-08-25T18:43:57.214Z,"11 km ENE of Pleasant Hill, Louisiana",earthquake,1.59,3.334,0.1,26,reviewed,us,us
2026-08-24T15:57:27.051Z,55.253,-160.679,4.8,1.8,ml,14,216,0.6,0.5,ak,aka2026qthbsq,2026-08-26T01:09:53.164Z,"14 km SW of Sand Point, Alaska",earthquake,8.9,9.3283,0.1,10,reviewed,ak,ak
2026-08-24T15:51:36.960Z,33.354833333333,-116.291,11.77,0.68,ml,18,136,0.01729,0.15,ci,ci41535280,2026-08-25T18:13:06.991Z,"13 km NE of Borrego Springs, CA",earthquake,0.29,0.4,0.13794182267479,9,reviewed,ci,ci
2026-08-24T15:50:37.000Z,38.837665557861,-122.7988357544,2.1199998855591,0.69,md,9,80,0.006673,0.01,nc,nc75424232,2026-08-24T16:12:22.436Z,"7 km WNW of Cobb, CA",earthquake,0.45,0.899999976,0.39,11,automatic,nc,nc
2026-08-24T15:48:38.070Z,35.607166666667,-117.48783333333,1.81,0.26,ml,5,230,0.07792,0.09,ci,ci10250486,2026-08-24T20:21:25.998Z,"17 km E of Ridgecrest, CA",earthquake,0.83,1.04,0.14704044239579,2,reviewed,ci,ci
2026-08-24T15:48:33.290Z,36.066,-117.842,4.45,0.6,ml,10,123,0.05252,0.07,ci,ci41535288,2026-08-24T20:22:43.671Z,"10 km ENE of Coso Junction, CA",earthquake,0.17,0.24,0.12755205901863,6,reviewed,ci,ci
2026-08-24T15:45:05.420Z,36.063333333333,-117.838,3.73,0.83,ml,16,62,0.05583,0.11,ci,ci41535272,2026-08-24T21:04:54.913Z,"10 km ENE of Coso Junction, CA",earthquake,0.17,0.31,0.32420701245864,8,reviewed,ci,ci
2026-08-24T15:42:57.039Z,61.934,-151.479,85.7,2.6,ml,97,36,0.1,0.8,ak,aka2026qtgozp,2026-08-26T01:09:08.955Z,"7 km SW of Skwentna, Alaska",earthquake,2,2.0434,0.2,69,reviewed,ak,ak
2026-08-24T15:34:06.960Z,36.065166666667,-117.835,4.03,-0.12,ml,6,142,0.05472,0.07,ci,ci41535256,2026-08-25T18:07:33.986Z,"10 km ENE of Coso Junction, CA",earthquake,0.26,0.88,0.14629482324051,3,reviewed,ci,ci
2026-08-24T15:32:46.368Z,61.325,-150.113,44.3,1.5,ml,26,66,0.2,0.6,ak,aka2026qtggii,2026-08-26T01:00:29.342Z,"8 km WSW of Point MacKenzie, Alaska",earthquake,4.2,3.7293,0.2,18,reviewed,ak,ak
2026-08-24T15:27:31.932Z,25.9821,128.7039,10,4.9,mb,54,78,2.275,1.15,us,us6000tn4p,2026-08-30T15:41:57.040Z,"90 km SE of Taira, Japan",earthquake,7,1.878,0.063,80,reviewed,us,us
2026-08-24T15:26:42.460Z,36.0705,-117.84016666667,5.01,0.65,ml,7,140,0.04847,0.07,ci,ci41535248,2026-08-25T18:05:46.159Z,"10 km ENE of Coso Junction, CA",earthquake,0.23,0.57,0.21244014780713,4,reviewed,ci,ci
2026-08-24T15:26:36.940Z,46.220833333333,-122.149,6.88,0.28,md,9,165,0.02372,0.06,uw,uw714085012,2026-08-25T17:40:07.550Z,"38 km SSE of Morton, Washington",earthquake,0.3,0.45,0.42154764919596,5,reviewed,uw,uw
2026-08-24T15:23:20.120Z,36.0695,-117.84416666667,2.43,0.78,ml,14,67,0.04876,0.13,ci,ci41535240,2026-08-24T15:36:47.343Z,"10 km ENE of Coso Junction, CA",earthquake,0.19,0.22,0.10523878695175,11,reviewed,ci,ci
2026-08-24T15:22:32.590Z,36.069166666667,-117.84566666667,2.35,1.24,ml,25,50,0.04888,0.14,ci,ci41535232,2026-08-24T15:36:51.401Z,"10 km ENE of Coso Junction, CA",earthquake,0.16,0.2,0.15441450568097,18,reviewed,ci,ci
2026-08-24T15:21:41.983Z,61.502,-147.213,0,1.4,ml,13,124,0.4,0.9,ak,aka2026qtfwub,2026-08-25T22:33:29.271Z,"41 km SE of Glacier View, Alaska",landslide,6.3,0,0.2,11,reviewed,ak,ak
2026-08-24T15:21:24.690Z,34.060166666667,-118.91216666667,11.06,1.8,ml,37,118,0.04473,0.2,ci,ci41535224,2026-08-24T15:39:12.327Z,"11 km WNW of Malibu, CA",earthquake,0.28,0.23,0.20378039358141,30,reviewed,ci,ci
2026-08-24T15:20:58.060Z,36.069666666667,-117.84533333333,2.19,1.48,ml,25,50,0.04843,0.13,ci,ci41535216,2026-08-24T15:38:35.322Z,"10 km ENE of Coso Junction, CA",earthquake,0.15,0.19,0.19910796087721,21,reviewed,ci,ci
2026-08-24T15:15:54.120Z,33.416166666667,-116.6055,10.9,0.39,ml,20,87,0.07418,0.1,ci,ci41535208,2026-08-24T15:38:25.541Z,"15 km N of Warner Springs, CA",earthquake,0.17,0.33,0.089507307182651,6,reviewed,ci,ci
2026-08-24T15:12:14.710Z,-7.793,120.4309,10,4.8,mb,32,84,2.842,0.72,us,us6000tn4m,2026-08-30T15:25:52.040Z,"90 km N of Ruteng, Indonesia",earthquake,8.4,1.894,0.124,21,reviewed,us,us
2026-08-24T15:06:25.900Z,34.143666666667,-118.982,-0.16,1.38,ml,12,136,0.06073,0.39,ci,ci41535192,2026-08-25T18:03:57.444Z,"10 km SSE of Camarillo, CA",earthquake,0.85,2.06,0.17769846648882,13,reviewed,ci,ci
2026-08-24T15:04:31.460Z,38.515666666667,-112.89116666667,1.62,1.78,ml,19,88,0.01451,0.1,uu,uu80150191,2026-08-24T15:54:16.100Z,"16 km NE of Milford, Utah",earthquake,0.25,0.48,0.13305578587538,8,reviewed,uu,uu
2026-08-24T14:39:56.060Z,36.03316667,-97.908,6.64,0.97,ml,20,79,0.1025798703,0.1,ok,ok2026qomg,2026-08-25T12:26:01.855Z,"5 km N of Dover, Oklahoma",earthquake,,0.3,0.25,10,reviewed,ok,ok
2026-08-24T14:31:51.430Z,32.963166666667,-115.54766666667,8.77,1.33,ml,27,75,0.0625,0.2,ci,ci41535176,2026-08-25T22:28:24.617Z,"2 km SW of Brawley, CA",earthquake,0.25,0.77,0.24876294767044,18,reviewed,ci,ci
2026-08-24T14:31:12.752Z,62.967,-149.684,1.5,2,ml,38,39,0.4,1,ak,aka2026qteeyt,2026-08-25T22:29:34.238Z,"60 km SW of Cantwell, Alaska",earthquake,2.2,1.8075,0.2,26,reviewed,ak,ak
2026-08-24T14:27:38.020Z,36.005001068115,-120.56549835205,3,0.83,md,13,100,0.02383,0.05,nc,nc75424202,2026-08-24T14:57:23.953Z,"17 km NW of Parkfield, CA",earthquake,0.35,0.660000026,0.31,4,automatic,nc,nc
2026-08-24T14:10:17.299Z,-6.6264,127.4598,10,6,mww,111,24,3.208,0.78,us,us6000tn41,2026-08-25T14:19:39.675Z,"215 km NNE of Lospalos, Timor Leste",earthquake,6.85,1.836,0.051,37,reviewed,us,us
2026-08-24T14:09:10.090Z,37.448333740234,-118.83316802978,3.0499999523163,2.34,md,25,99,0.1415,0.07,nc,nc75424192,2026-08-24T17:47:23.094Z,"18 km SW of Toms Place, CA",earthquake,0.25,1.50999999,0.15,27,automatic,nc,nc
2026-08-24T14:07:57.460Z,36.068,-117.8385,2.57,0.7,ml,18,63,0.05122,0.14,ci,ci41535152,2026-08-24T14:53:07.782Z,"10 km ENE of Coso Junction, CA",earthquake,0.19,0.21,0.19017104675662,6,reviewed,ci,ci
2026-08-24T14:05:39.036Z,65.856,-150.857,8,2.1,ml,27,44,0.2,0.7,ak,aka2026qtdiuf,2026-08-25T22:26:51.691Z,"50 km NW of Rampart, Alaska",earthquake,2.6,1.9034,0.2,18,reviewed,ak,ak
2026-08-24T13:48:19.130Z,37.461334228516,-118.82366943359,2.7599999904633,1.87,md,15,218,0.1285,0.04,nc,nc75424187,2026-08-24T17:32:21.993Z,"17 km SW of Toms Place, CA",earthquake,1.01,2.43000007,0.1,15,automatic,nc,nc
2026-08-24T13:45:33.853Z,60.195,-153.422,182.7,1.6,ml,32,49,0.2,0.7,ak,aka2026qtcrjz,2026-08-25T22:24:32.810Z,"49 km E of Port Alsworth, Alaska",earthquake,5.4,3.0581,0.5,20,reviewed,ak,ak
2026-08-24T13:39:13.620Z,38.811332702637,-122.79599761963,12.680000305176,0.68,md,6,124,0.003403,0.11,nc,nc75424177,2026-08-24T14:12:20.654Z,"5 km NW of The Geysers, CA",earthquake,2.69,10.4899998,0.4,8,automatic,nc,nc
2026-08-24T13:33:52.320Z,37.459999084473,-118.82416534424,2.9700000286102,1.49,md,12,234,0.1299,0.04,nc,nc75424172,2026-08-24T17:07:23.798Z,"17 km SW of Toms Place, CA",earthquake,1.34,2.95000005,0.2,12,automatic,nc,nc
2026-08-24T13:25:45.689Z,65.869,-150.889,11.4,1.4,ml,16,46,0.2,0.8,ak,aka2026qtcafc,2026-08-26T15:32:04.370Z,"52 km NW of Rampart, Alaska",earthquake,3.1,2.1605,0.1,7,reviewed,ak,ak
2026-08-24T13:25:43.026Z,61.037,-150.916,61.6,1.5,ml,24,54,0.3,0.6,ak,aka2026qtbvwj,2026-08-25T22:18:09.163Z,"12 km ESE of Tyonek, Alaska",earthquake,3.7,4.7385,0.1,18,reviewed,ak,ak
2026-08-24T13:24:18.580Z,37.444332122803,-118.83599853516,1.7999999523163,1.84,md,16,133,0.1455,0.08,nc,nc75424167,2026-08-24T16:37:20.593Z,"19 km SW of Toms Place, CA",earthquake,0.7,3.3599999,0.13,14,automatic,nc,nc
2026-08-24T13:23:10.670Z,37.446334838867,-118.83333587647,2.0599999427795,2.85,md,28,96,0.1435,0.06,nc,nc75424162,2026-08-24T17:13:48.184Z,"19 km SW of Toms Place, CA",earthquake,0.24,1.80999994,0.19,32,automatic,nc,nc
2026-08-24T13:14:29.450Z,38.810001373291,-122.80850219727,2.4300000667572,1.31,md,19,51,0.01051,0.02,nc,nc75424157,2026-08-24T15:52:21.305Z,"6 km NW of The Geysers, CA",earthquake,0.24,0.50999999,0.11,20,automatic,nc,nc
2026-08-24T13:06:32.240Z,36.0585,-117.83883333333,2.47,0.79,ml,20,64,0.06037,0.15,ci,ci41535128,2026-08-24T13:57:49.100Z,"10 km E of Coso Junction, CA",earthquake,0.18,0.22,0.12924816862073,11,reviewed,ci,ci
2026-08-24T12:57:53.100Z,36.070166666667,-117.84066666667,2.14,0.68,ml,16,105,0.04869,0.13,ci,ci41535120,2026-08-24T13:58:35.899Z,"10 km ENE of Coso Junction, CA",earthquake,0.18,0.21,0.1571233785164,9,reviewed,ci,ci
2026-08-24T12:47:24.090Z,36.067166666667,-117.84366666667,3.05,0.75,ml,16,54,0.05112,0.11,ci,ci41535104,2026-08-25T17:45:01.805Z,"10 km ENE of Coso Junction, CA",earthquake,0.18,0.42,0.13260368379756,9,reviewed,ci,ci
2026-08-24T12:44:59.590Z,38.509666666667,-112.89383333333,2.07,1.46,ml,15,65,0.00325,0.09,uu,uu80150161,2026-08-24T13:21:44.210Z,"16 km NE of Milford, Utah",earthquake,0.31,0.49,0.16758361021594,3,reviewed,uu,uu
2026-08-24T12:29:31.627Z,-17.7036,-13.8368,10,5,mb,50,89,7.939,0.51,us,us6000tn3t,2026-08-24T12:48:44.040Z,southern Mid-Atlantic Ridge,earthquake,12.34,1.888,0.076,55,reviewed,us,us
2026-08-24T12:25:46.250Z,38.527,-112.89416666667,3.25,1.16,md,8,125,0.01703,0.05,uu,uu80150156,2026-08-24T13:45:20.730Z,"17 km NE of Milford, Utah",earthquake,0.33,0.62,0.27799982147427,3,reviewed,uu,uu
2026-08-24T12:24:48.499Z,32.005,-102.363,4.9316,1.3,ml,13,75,0,0.2,tx,tx2026qqiipo,2026-08-24T18:41:58.047Z,"2 km SE of Gardendale, Texas",earthquake,0.84025175012342,1.4348263188032,0.3,10,reviewed,tx,tx
2026-08-24T12:23:03.085Z,31.681,-104.231,7.1381,1.5,ml,34,63,0,0.2,tx,tx2026qqihck,2026-08-24T18:50:35.983Z,"56 km SSE of Whites City, New Mexico",earthquake,0.592346705834,0.71175408131007,0.1,19,reviewed,tx,tx
2026-08-24T12:22:15.035Z,54.655,-162.936,80.4,2,ml,18,201,0.3,0.5,ak,aka2026qszxdo,2026-08-25T22:15:04.586Z,"37 km SE of False Pass, Alaska",earthquake,16.8,4.815,0.1,12,reviewed,ak,ak
2026-08-24T12:20:38.330Z,38.5175,-112.8925,1.74,1.58,ml,19,45,0.008438,0.12,uu,uu80150151,2026-08-24T13:59:16.540Z,"16 km NE of Milford, Utah",earthquake,0.24,0.57,0.1128177915021,6,reviewed,uu,uu
2026-08-24T12:15:36.950Z,38.510666666667,-112.89,1.96,1.27,md,9,90,0.009449,0.08,uu,uu80150146,2026-08-24T14:03:38.670Z,"16 km NE of Milford, Utah",earthquake,0.3,0.43,0.099927128440168,7,reviewed,uu,uu
2026-08-24T12:11:19.470Z,36.070666666667,-117.84283333333,2.49,2.06,ml,30,42,0.04782,0.13,ci,ci41535088,2026-08-24T17:23:19.661Z,"10 km ENE of Coso Junction, CA",earthquake,0.14,0.17,0.23286187950087,25,reviewed,ci,ci
2026-08-24T12:09:41.410Z,38.818500518799,-122.78800201416,2.2999999523163,1.68,md,30,86,0.00775,0.03,nc,nc75424127,2026-08-24T14:42:22.859Z,"5 km NNW of The Geysers, CA",earthquake,0.22,0.349999994,0.16,34,automatic,nc,nc
2026-08-24T12:09:39.690Z,36.072166666667,-117.83483333333,2.75,0.58,ml,17,59,0.04813,0.11,ci,ci41535080,2026-08-24T13:59:12.898Z,"11 km ENE of Coso Junction, CA",earthquake,0.16,0.51,0.16695660699882,6,reviewed,ci,ci
2026-08-24T12:08:37.740Z,35.982333333333,-117.5615,4.77,0.64,ml,17,69,0.07987,0.17,ci,ci41535072,2026-08-24T13:59:24.946Z,"28 km NNW of Searles Valley, CA",earthquake,0.28,0.97,0.073545804470383,7,reviewed,ci,ci
2026-08-24T12:04:54.748Z,65.872,-150.841,5.5,1.6,ml,20,47,0.2,0.7,ak,aka2026qszicm,2026-08-26T15:29:22.220Z,"51 km NW of Rampart, Alaska",earthquake,2.9,2.222,0.2,12,reviewed,ak,ak
2026-08-24T12:04:21.453Z,51.953,176.292,17.9,3.6,ml,12,195,1.4,0.7,ak,aka2026qszhpu,2026-08-24T17:12:49.270Z,"233 km ESE of Attu Station, Alaska",earthquake,31.6,9.2056,0.1,10,reviewed,ak,ak
2026-08-24T12:02:55.130Z,38.515,-112.88666666667,3,0.03,md,8,108,0.01005,0.05,uu,uu80150141,2026-08-24T14:06:47.100Z,"17 km NE of Milford, Utah",earthquake,0.27,0.57,0.35042430456118,3,reviewed,uu,uu
2026-08-24T12:00:33.730Z,18.7565,-67.342166666667,11.07,2.98,md,9,274,0.3614,0.25,pr,pr71529618,2026-08-24T12:57:55.390Z,"38 km NW of San Antonio, Puerto Rico",earthquake,1.08,0.78,0.078304617452617,6,reviewed,pr,pr
2026-08-24T11:55:29.770Z,33.4185,-116.64033333333,6.52,0.1,ml,26,70,0.08241,0.12,ci,ci41535064,2026-08-24T13:59:29.019Z,"15 km N of Warner Springs, CA",earthquake,0.17,0.37,0.027941514120258,3,reviewed,ci,ci
2026-08-24T11:52:34.570Z,19.337999343872,-155.31916809082,29.239999771118,1.86,md,40,52,0.01721,0.159999996,hv,hv75023142,2026-08-24T11:56:04.470Z,"14 km SW of Volcano, Hawaii",earthquake,0.57,0.400000006,0.079935726638383,12,automatic,hv,hv
2026-08-24T11:47:18.310Z,38.516666666667,-112.89233333333,2.04,1.09,ml,14,69,0.007804,0.09,uu,uu80150131,2026-08-24T14:22:28.780Z,"16 km NE of Milford, Utah",earthquake,0.23,0.56,0.017984299421529,2,reviewed,uu,uu
2026-08-24T11:46:10.040Z,38.5155,-112.89283333333,1.87,1.44,ml,20,45,0.006628,0.11,uu,uu80150126,2026-08-24T15:03:50.860Z,"16 km NE of Milford, Utah",earthquake,0.23,0.42,0.17216734546131,4,reviewed,uu,uu
2026-08-24T11:39:16.800Z,38.519833333333,-112.8935,1.89,1.19,md,8,117,0.01022,0.05,uu,uu80150121,2026-08-24T15:24:45.920Z,"17 km NE of Milford, Utah",earthquake,0.26,0.55,0.20673956773473,3,reviewed,uu,uu
2026-08-24T11:38:55.530Z,38.849998474121,-122.84967041016,1.6699999570847,0.72,md,11,113,0.01589,0.02,nc,nc75424122,2026-08-24T12:07:20.860Z,"11 km WNW of Cobb, CA",earthquake,0.35,0.5,0.11,12,automatic,nc,nc
2026-08-24T11:33:00.410Z,38.792835235596,-122.76033020019,2.170000076294,0.26,md,8,74,0.007793,0.02,nc,nc75424117,2026-08-24T11:52:24.760Z,"2 km N of The Geysers, CA",earthquake,0.42,0.819999993,0.05,8,automatic,nc,nc
2026-08-24T11:31:46.390Z,36.069,-117.83433333333,2.17,0.22,ml,11,62,0.05125,0.07,ci,ci10249558,2026-08-24T23:38:32.609Z,"11 km ENE of Coso Junction, CA",earthquake,0.13,0.18,0.04864192442407,2,reviewed,ci,ci
2026-08-24T11:31:29.140Z,36.060333333333,-117.84033333333,2.67,0.88,ml,18,65,0.05833,0.1,ci,ci41535056,2026-08-24T13:59:43.805Z,"10 km E of Coso Junction, CA",earthquake,0.14,0.55,0.20958387298443,10,reviewed,ci,ci
2026-08-24T11:31:17.430Z,57.753,-157.578,189.2,2.5,ml,67,73,0.2,0.7,ak,aka2026qsyeyt,2026-08-25T22:11:56.130Z,"21 km N of Pilot Point, Alaska",earthquake,7,2.1776,0.4,48,reviewed,ak,ak
2026-08-24T11:26:42.311Z,32.052,-103.705,7.5354,1.3,ml,10,92,0,0.1,tx,tx2026qqgkix,2026-08-24T18:27:47.888Z,"39 km ESE of Malaga, New Mexico",earthquake,0.65000837860009,1.0172809575807,0.1,9,reviewed,tx,tx
2026-08-24T11:24:31.689Z,57.067,-156.219,1.2,2.7,ml,46,75,0.6,0.8,ak,aka2026qsxzcf,2026-08-25T22:04:29.011Z,"86 km SE of Ugashik, Alaska",earthquake,2.8,2.0767,0.2,36,reviewed,ak,ak
2026-08-24T11:23:19.945Z,31.722,-104.531,5.1257,1.5,ml,21,79,0,0.3,tx,tx2026qqghrp,2026-08-24T17:54:01.341Z,"52 km SSW of Whites City, New Mexico",earthquake,1.5778744340383,0.74668116336678,0.1,13,reviewed,tx,tx
2026-08-24T11:18:51.580Z,36.070666666667,-117.83883333333,2.65,0.56,ml,17,62,0.04858,0.08,ci,ci41535048,2026-08-24T14:00:00.729Z,"10 km ENE of Coso Junction, CA",earthquake,0.12,0.2,0.09775324901469,4,reviewed,ci,ci
2026-08-24T11:17:56.731Z,52.094,176.354,8,3,ml,10,185,1.3,0.2,ak,aka2026qsxtmb,2026-08-25T22:02:04.980Z,"230 km ESE of Attu Station, Alaska",earthquake,30.1,12.2387,0.1,8,reviewed,ak,ak
2026-08-24T11:15:15.560Z,38.519666666667,-112.89066666667,2.6,0.87,ml,10,115,0.01833,0.05,uu,uu80150111,2026-08-24T15:28:33.640Z,"17 km NE of Milford, Utah",earthquake,0.3,0.45,0.023014117280863,2,reviewed,uu,uu
2026-08-24T11:14:18.928Z,60.809,-145.044,13.8,1.6,ml,36,53,0.4,0.7,ak,aka2026qsxqfx,2026-08-25T21:59:57.888Z,"49 km NE of Cordova, Alaska",earthquake,2.3,1.5444,0.1,25,reviewed,ak,ak
2026-08-24T11:14:18.323Z,32.052,-103.708,8.3813,2.1,ml,28,63,0,0.2,tx,tx2026qqfzxc,2026-08-24T18:19:42.783Z,"39 km ESE of Malaga, New Mexico",earthquake,0.35648046044253,0.57979735893185,0.2,23,reviewed,tx,tx
2026-08-24T11:12:14.761Z,61.29,-147.571,20.4,1.5,ml,21,64,0.3,0.7,ak,aka2026qsxojw,2026-08-25T21:56:56.003Z,"57 km S of Glacier View, Alaska",earthquake,3,2.3851,0.3,16,reviewed,ak,ak
2026-08-24T11:08:00.264Z,58.389,-151.147,0.8,2.6,ml,78,152,0.7,0.8,ak,aka2026qsxksj,2026-08-25T21:55:25.556Z,"95 km ENE of Ouzinkie, Alaska",earthquake,4,3.0566,0.1,58,reviewed,ak,ak
2026-08-24T11:07:31.510Z,32.837,-116.14366666667,10.55,0.66,ml,21,76,0.05967,0.16,ci,ci41535040,2026-08-24T14:00:04.765Z,"18 km NW of Ocotillo, CA",earthquake,0.27,0.58,0.13102856352339,4,reviewed,ci,ci
2026-08-24T11:05:33.704Z,31.739,-104.541,6.0486,3.1,ml,47,65,0,0.3,tx,tx2026qqfrzq,2026-08-24T14:59:35.504Z,"50 km SSW of Whites City, New Mexico",earthquake,0.97605532402065,0.58071965157027,0.2,36,reviewed,tx,tx
2026-08-24T10:58:27.066Z,65.855,-150.847,4.4,1.7,ml,20,44,0.2,0.6,ak,aka2026qsxcmg,2026-08-25T21:53:25.362Z,"49 km NW of Rampart, Alaska",earthquake,3,2.1772,0.2,13,reviewed,ak,ak
2026-08-24T10:55:40.190Z,36.0695,-117.851,5.44,-0.02,ml,5,149,0.04808,0.04,ci,ci10249574,2026-08-24T23:35:13.537Z,"9 km ENE of Coso Junction, CA",earthquake,0.35,1.05,0.06221993714141,3,reviewed,ci,ci
2026-08-24T10:55:19.700Z,35.762833333333,-117.59416666667,6.57,0.65,ml,10,117,0.05286,0.1,ci,ci10249566,2026-08-24T23:20:55.032Z,"17 km W of Searles Valley, CA",earthquake,0.24,0.46,0.18770814624971,6,reviewed,ci,ci
2026-08-24T10:55:10.020Z,36.069333333333,-117.839,3.27,0.86,ml,15,58,0.04983,0.07,ci,ci41535032,2026-08-24T23:26:08.126Z,"10 km ENE of Coso Junction, CA",earthquake,0.13,0.25,0.2566412553435,12,reviewed,ci,ci
2026-08-24T10:40:59.875Z,59.363,-153.44,5,1.7,ml,8,79,0,0.2,ak,aka2026qswnig,2026-08-25T01:42:38.710Z,"60 km SE of Pedro Bay, Alaska",earthquake,7.3,,0.3,6,automatic,ak,ak
2026-08-24T10:38:14.770Z,36.0685,-117.838,2.71,1.85,ml,29,50,0.05085,0.15,ci,ci41535016,2026-08-24T14:01:22.686Z,"10 km ENE of Coso Junction, CA",earthquake,0.17,0.52,0.25042257207587,25,reviewed,ci,ci
2026-08-24T10:32:55.290Z,36.068333333333,-117.8395,2.74,1.98,ml,29,50,0.05069,0.15,ci,ci41535008,2026-08-24T14:01:44.236Z,"10 km ENE of Coso Junction, CA",earthquake,0.17,0.49,0.23728806694693,25,reviewed,ci,ci
2026-08-24T10:29:41.800Z,36.0645,-117.8345,2.83,0.76,ml,19,60,0.05548,0.12,ci,ci41535000,2026-08-24T14:01:46.515Z,"10 km ENE of Coso Junction, CA",earthquake,0.16,0.49,0.12407475870539,12,reviewed,ci,ci
2026-08-24T10:26:41.650Z,36.069833333333,-117.84233333333,2.18,0.98,ml,20,65,0.04872,0.13,ci,ci41534992,2026-08-24T14:01:54.625Z,"10 km ENE of Coso Junction, CA",earthquake,0.18,0.21,0.1570027520475,15,reviewed,ci,ci
2026-08-24T10:25:51.310Z,34.67166667,-95.99516667,6.48,1.16,ml,62,69,0.2357537371,0.25,ok,ok2026qodw,2026-08-25T12:20:41.207Z,"3 km ENE of Wardville, Oklahoma",earthquake,,0.7,0.27,27,reviewed,ok,ok
2026-08-24T10:25:37.660Z,38.826667785645,-122.76516723633,1.960000038147,0.73,md,7,141,0.005307,0.01,nc,nc75424097,2026-08-24T10:27:16.229Z,"4 km W of Cobb, CA",earthquake,0.37,0.550000012,0.1,9,automatic,nc,nc
2026-08-24T10:19:43.962Z,-18.1013,-171.9977,10,4.9,mb,30,154,19.783,0.75,us,us6000tn37,2026-08-24T10:46:12.040Z,"218 km ENE of Neiafu, Tonga",earthquake,13.95,1.916,0.104,29,reviewed,us,us
2026-08-24T10:17:14.380Z,38.5205,-112.89333333333,1.78,0.91,ml,14,70,0.0109,0.09,uu,uu80150101,2026-08-24T17:23:01.460Z,"17 km NE of Milford, Utah",earthquake,0.27,0.5,0.010783293587811,2,reviewed,uu,uu
2026-08-24T10:11:45.766Z,62.361,-148.537,17.9,1.9,ml,54,43,0.6,0.7,ak,aka2026qsvnyk,2026-08-25T21:51:18.680Z,"63 km N of Chickaloon, Alaska",earthquake,2.2,2.3037,0.2,38,reviewed,ak,ak
2026-08-24T10:11:44.060Z,38.819000244141,-122.80283355713,2.4000000953674,1.05,md,18,57,0.007159,0.01,nc,nc75424092,2026-08-24T10:13:21.102Z,"6 km NW of The Geysers, CA",earthquake,0.24,0.529999971,0.24,20,automatic,nc,nc
2026-08-24T10:08:22.940Z,36.068166666667,-117.84016666667,2.71,1.61,ml,27,50,0.05073,0.14,ci,ci41534984,2026-08-24T14:01:50.651Z,"10 km ENE of Coso Junction, CA",earthquake,0.16,0.5,0.22775703467242,22,reviewed,ci,ci
2026-08-24T10:04:30.508Z,62.898,-150.016,79.7,1.8,ml,44,39,0.5,0.7,ak,aka2026qsvhsc,2026-08-25T21:40:05.698Z,"50 km N of Chase, Alaska",earthquake,2.7,2.8816,0.1,28,reviewed,ak,ak
2026-08-24T10:02:58.888Z,-5.0525,129.6871,10,5.5,mww,79,27,0.569,1.02,us,us6000tn33,2026-08-25T10:13:27.828Z,"207 km SSE of Amahai, Indonesia",earthquake,5.77,1.854,0.073,18,reviewed,us,us
2026-08-24T09:54:51.620Z,53.358833333333,-168.1635,7.2,0.01,ml,8,138,0.002536,0.26,av,av93066194,2026-08-25T01:14:07.850Z,"66 km NE of Nikolski, Alaska",earthquake,0.86,1.04,0.29108227264781,8,reviewed,av,av
2026-08-24T09:50:18.060Z,44.765833333333,-111.09466666667,6.37,-0.07,ml,6,160,0.03148,0.3,mb,mb90206013,2026-08-25T13:41:03.030Z,"7 km E of Hebgen Lake Estates, Montana",earthquake,1.1,1.49,0.2478220906604,5,reviewed,mb,mb
2026-08-24T09:45:03.500Z,38.52,-112.89716666667,2.02,0.9,md,10,71,0.02016,0.04,uu,uu80150081,2026-08-24T17:01:09.660Z,"16 km NE of Milford, Utah",earthquake,0.25,0.51,0.48987091975833,5,reviewed,uu,uu
2026-08-24T09:41:45.840Z,33.155666666667,-116.51733333333,6.01,0.27,ml,28,44,0.1004,0.18,ci,ci41534976,2026-08-24T14:01:42.620Z,"12 km NE of Julian, CA",earthquake,0.24,0.69,0.16056262420188,4,reviewed,ci,ci
2026-08-24T09:39:40.640Z,37.445499420166,-118.83283233643,2.0499999523163,2.78,md,28,96,0.1443,0.06,nc,nc75424082,2026-08-24T16:51:40.334Z,"19 km SW of Toms Place, CA",earthquake,0.23,1.69000006,0.16,35,automatic,nc,nc
2026-08-24T09:39:15.743Z,62.238,-152.286,1.2,1.6,ml,23,92,0.4,0.4,ak,aka2026qsulve,2026-08-25T21:38:36.466Z,"53 km WNW of Skwentna, Alaska",earthquake,3.1,2.2716,0.1,12,reviewed,ak,ak
2026-08-24T09:38:45.300Z,36.004333496094,-120.56833648682,3.1199998855591,1.35,md,17,97,0.02622,0.07,nc,nc75424077,2026-08-24T10:52:23.384Z,"17 km NW of Parkfield, CA",earthquake,0.33,0.579999983,0.23,7,automatic,nc,nc
2026-08-24T09:32:02.479Z,61.345,-150.13,43.2,1.6,ml,37,67,0.2,1,ak,aka2026qsufnu,2026-08-25T21:35:50.887Z,"8 km WSW of Point MacKenzie, Alaska",earthquake,3.3,2.6007,0.1,25,reviewed,ak,ak
2026-08-24T09:28:58.190Z,38.504333333333,-112.87266666667,0.21,1.03,md,5,155,0.0113,0.02,uu,uu80150076,2026-08-24T16:58:05.580Z,"16 km NE of Milford, Utah",earthquake,1.02,2.28,0.15378421525884,4,reviewed,uu,uu
2026-08-24T09:22:55.630Z,36.069833333333,-117.841,2,0.72,ml,17,64,0.04895,0.1,ci,ci41534960,2026-08-24T14:02:16.415Z,"10 km ENE of Coso Junction, CA",earthquake,0.14,0.17,0.20404491075922,8,reviewed,ci,ci
2026-08-24T09:19:30.260Z,36.81,-112.93016666667,16.65,1.45,ml,9,168,0.2237,0.06,uu,uu80150071,2026-08-24T16:56:22.990Z,"15 km SSW of Cane Beds, Arizona",earthquake,0.5,0.66,0.23645708736249,4,reviewed,uu,uu
2026-08-24T09:17:05.590Z,36.0695,-117.845,2.25,1.83,ml,29,47,0.04864,0.13,ci,ci41534952,2026-08-24T14:02:20.581Z,"10 km ENE of Coso Junction, CA",earthquake,0.14,0.18,0.21027113918202,26,reviewed,ci,ci
2026-08-24T09:04:40.540Z,61.002,-147.436,28.3,1.8,ml,39,52,0.2,0.9,ak,aka2026qsthvd,2026-08-25T21:23:18.456Z,"43 km WNW of Tatitlek, Alaska",earthquake,2.7,1.5103,0.1,30,reviewed,ak,ak
2026-08-24T08:57:38.290Z,37.448501586914,-118.83383178711,2.8699998855591,2.25,md,24,99,0.1413,0.07,nc,nc75424047,2026-08-24T17:20:10.422Z,"19 km SW of Toms Place, CA",earthquake,0.26,1.54999995,0.17,26,automatic,nc,nc
2026-08-24T08:56:14.310Z,37.449001312256,-118.8321685791,1.8999999761581,2.15,md,23,99,0.1408,0.06,nc,nc75424042,2026-08-24T17:26:28.178Z,"18 km SW of Toms Place, CA",earthquake,0.27,1.63,0.21,26,automatic,nc,nc
2026-08-24T08:54:53.810Z,38.5188331604,-119.52216339111,6.0900001525879,2.69,md,27,64,0.06712,0.2,nc,nc75424037,2026-08-25T02:04:47.734Z,"4 km W of Walker, CA",earthquake,0.42,1.32000005,0.15,17,automatic,nc,nc
2026-08-24T08:49:08.399Z,31.967,-104.036,6.5485,1.2,ml,14,85,0,0.1,tx,tx2026qqbeux,2026-08-24T18:23:43.461Z,"28 km S of Malaga, New Mexico",earthquake,0.54032321288612,0.53086644744846,0.1,12,reviewed,tx,tx
2026-08-24T08:47:37.260Z,38.518666666667,-112.89366666667,2.49,1.61,ml,9,117,0.01793,0.07,uu,uu80150056,2026-08-24T17:30:27.230Z,"16 km NE of Milford, Utah",earthquake,0.41,0.58,0.14147454462387,5,reviewed,uu,uu
2026-08-24T08:46:50.385Z,58.294,-153.627,65.8,1.6,ml,19,79,0.5,0.3,ak,aka2026qsssjr,2026-08-25T21:15:30.370Z,"49 km WNW of Aleneva, Alaska",earthquake,6.8,5.9395,0.2,12,reviewed,ak,ak
2026-08-24T08:46:06.250Z,38.516,-112.89083333333,1.92,1.52,ml,18,44,0.008028,0.11,uu,uu80150051,2026-08-24T17:35:12.760Z,"16 km NE of Milford, Utah",earthquake,0.24,0.41,0.13009156843592,5,reviewed,uu,uu
2026-08-24T08:42:47.390Z,46.890166666667,-111.88633333333,3.89,2.35,ml,13,191,0.1828,0.19,mb,mb90205918,2026-08-25T00:08:48.000Z,"21 km SSE of Craig, Montana",earthquake,0.65,13.06,0.17081429077533,25,reviewed,mb,mb
2026-08-24T08:39:34.320Z,33.26,-116.20266666667,9.91,0.61,ml,41,65,0.07973,0.22,ci,ci41534944,2026-08-24T14:02:24.560Z,"15 km NNW of Ocotillo Wells, CA",earthquake,0.24,0.59,0.10698235935197,6,reviewed,ci,ci
2026-08-24T08:39:14.278Z,65.852,-150.835,6.5,2.5,ml,46,30,0.2,0.7,ak,aka2026qssltt,2026-08-25T21:13:16.474Z,"49 km NW of Rampart, Alaska",earthquake,2.3,1.7361,0.2,22,reviewed,ak,ak
2026-08-24T08:38:05.711Z,32.121,-102.186,7.2021,0.5,ml,15,82,0,0.2,tx,tx2026qqauux,2026-08-24T18:49:43.535Z,"17 km NW of Midland, Texas",earthquake,1.0471717233368,0.81192894293341,0.2,7,reviewed,tx,tx
2026-08-24T08:37:35.505Z,51.672,-176.455,71.5,2.4,ml,18,206,0.2,0.4,ak,aka2026qsskip,2026-08-25T21:12:13.451Z,"25 km SSE of Adak, Alaska",earthquake,25.1,5.457,0.2,13,reviewed,ak,ak
2026-08-24T08:37:06.950Z,38.518166666667,-112.89166666667,2.29,0.93,md,7,114,0.01703,0.07,uu,uu80150046,2026-08-24T17:37:38.590Z,"17 km NE of Milford, Utah",earthquake,0.56,0.64,0.46216921468062,3,reviewed,uu,uu
2026-08-24T08:27:30.047Z,32.376,-102.194,8.667,0.2,ml,12,98,0,0.1,tx,tx2026qqamdk,2026-08-24T18:53:41.790Z,"32 km ENE of McKinney Acres, Texas",earthquake,0.7594732906555,0.7197851963921,0.2,6,reviewed,tx,tx
2026-08-24T08:27:04.620Z,33.822166666667,-116.18733333333,8.02,0.59,ml,34,77,0.0381,0.15,ci,ci41534936,2026-08-24T14:02:37.957Z,"12 km NNE of Indio, CA",earthquake,0.22,0.5,0.1405294047975,10,reviewed,ci,ci
2026-08-24T08:25:03.738Z,52.015,176.328,0.9,3.1,ml,11,191,1.4,0.4,ak,aka2026qsrzue,2026-08-25T21:09:56.514Z,"232 km ESE of Attu Station, Alaska",earthquake,30.5,5.9776,0.1,9,reviewed,ak,ak
2026-08-24T08:17:45.720Z,36.0665,-117.834,1.12,0.22,ml,6,144,0.0537,0.02,ci,ci10250542,2026-08-24T23:15:02.153Z,"11 km ENE of Coso Junction, CA",earthquake,0.13,0.2,0.095376158140659,5,reviewed,ci,ci
2026-08-24T08:17:42.320Z,36.071333333333,-117.843,2.57,0.28,ml,15,56,0.04714,0.09,ci,ci41534928,2026-08-24T23:12:12.259Z,"10 km ENE of Coso Junction, CA",earthquake,0.16,0.19,0.10268563712499,4,reviewed,ci,ci
2026-08-24T08:16:36.700Z,38.520833333333,-112.89016666667,2.43,0.99,ml,9,115,0.01942,0.04,uu,uu80150041,2026-08-24T19:26:33.830Z,"17 km NE of Milford, Utah",earthquake,0.32,0.64,0.0023750606431932,2,reviewed,uu,uu
2026-08-24T08:02:00.580Z,34.604333333333,-118.63716666667,6.6,1.12,ml,44,29,0.07193,0.2,ci,ci41534920,2026-08-24T14:03:59.280Z,"13 km N of Castaic, CA",earthquake,0.2,0.54,0.16969008778171,29,reviewed,ci,ci
2026-08-24T07:57:29.820Z,36.068166666667,-117.843,2.11,1.53,ml,27,50,0.05024,0.15,ci,ci41534912,2026-08-24T14:02:57.809Z,"10 km ENE of Coso Junction, CA",earthquake,0.17,0.2,0.25886364852864,19,reviewed,ci,ci
2026-08-24T07:57:09.512Z,58.368,-152.691,58.9,1.8,ml,30,139,0.3,0.4,ak,aka2026qsrbgv,2026-08-25T21:08:47.367Z,"36 km NNE of Aleneva, Alaska",earthquake,4.8,4.4435,0.1,18,reviewed,ak,ak
2026-08-24T07:56:57.810Z,36.069833333333,-117.84333333333,2.26,1.11,ml,22,66,0.04855,0.13,ci,ci41534904,2026-08-24T14:03:13.442Z,"10 km ENE of Coso Junction, CA",earthquake,0.17,0.2,0.21947851574422,17,reviewed,ci,ci
2026-08-24T07:56:27.170Z,36.068833333333,-117.841,2.5,0.71,ml,18,65,0.04992,0.15,ci,ci41534896,2026-08-24T14:03:17.486Z,"10 km ENE of Coso Junction, CA",earthquake,0.2,0.22,0.11797011825656,10,reviewed,ci,ci
2026-08-24T07:53:07.330Z,36.07,-117.84483333333,2.71,1.03,ml,12,68,0.04817,0.07,ci,ci41534888,2026-08-24T14:03:29.494Z,"10 km ENE of Coso Junction, CA",earthquake,0.15,0.69,0.17342731360544,4,reviewed,ci,ci
2026-08-24T07:51:44.630Z,36.066666666667,-117.8435,2.31,2.71,ml,34,41,0.05163,0.16,ci,ci41534880,2026-08-24T19:50:25.778Z,"10 km ENE of Coso Junction, CA",earthquake,0.15,0.22,0.17484894136197,98,reviewed,ci,ci
2026-08-24T07:42:13.000Z,38.812000274658,-122.80383300781,0.8299999833107,0.8,md,10,75,0.007786,0.02,nc,nc75424022,2026-08-24T08:47:27.569Z,"6 km NW of The Geysers, CA",earthquake,0.29,0.709999979,0.16,11,automatic,nc,nc
2026-08-24T07:37:17.435Z,9.9853,-83.9132,10,4.9,mb,103,74,0.196,0.57,us,us6000tn2j,2026-08-29T04:36:11.732Z,"10 km NNW of Cot, Costa Rica",earthquake,7,1.905,0.042,177,reviewed,us,us
2026-08-24T07:31:43.030Z,36.073,-117.8365,2.99,0.58,ml,15,62,0.04691,0.07,ci,ci41534872,2026-08-24T14:03:25.528Z,"11 km ENE of Coso Junction, CA",earthquake,0.12,0.36,0.16398238523757,6,reviewed,ci,ci
2026-08-24T07:26:40.080Z,45.6415,-111.5725,3.23,0.98,ml,9,92,0.05994,0.24,mb,mb90205998,2026-08-25T13:49:03.640Z,"17 km ESE of Harrison, Montana",earthquake,0.41,0.84,0.14844252127084,9,reviewed,mb,mb
2026-08-24T07:24:53.580Z,38.516333333333,-112.89083333333,1.69,1.05,md,11,69,0.01509,0.08,uu,uu80150036,2026-08-24T18:15:04.700Z,"16 km NE of Milford, Utah",earthquake,0.22,0.5,0.39122069557984,7,reviewed,uu,uu
2026-08-24T07:16:03.683Z,59.67,-153.345,124.4,2.1,ml,73,56,0.1,0.7,ak,aka2026qsprqs,2026-08-25T21:04:20.556Z,"44 km ESE of Pedro Bay, Alaska",earthquake,3.5,1.9028,0.3,53,reviewed,ak,ak
2026-08-24T07:09:09.370Z,38.515833333333,-112.89533333333,1.78,1.48,md,8,114,0.01578,0.06,uu,uu80150031,2026-08-24T18:17:37.740Z,"16 km NE of Milford, Utah",earthquake,0.27,0.58,0.32446679513604,4,reviewed,uu,uu
2026-08-24T07:02:04.850Z,36.072166666667,-117.83616666667,2.58,1.13,ml,25,50,0.04778,0.14,ci,ci41534864,2026-08-24T14:03:21.557Z,"11 km ENE of Coso Junction, CA",earthquake,0.15,0.19,0.18915625209991,18,reviewed,ci,ci
2026-08-24T06:51:27.060Z,36.0675,-117.8375,2.71,0.83,ml,16,62,0.05192,0.1,ci,ci41534856,2026-08-24T14:03:41.600Z,"10 km ENE of Coso Junction, CA",earthquake,0.15,0.57,0.16685861818588,10,reviewed,ci,ci
2026-08-24T06:45:11.073Z,51.672,-176.544,72.5,2.4,ml,20,197,0.2,0.4,ak,aka2026qsoqwp,2026-08-25T20:49:16.460Z,"23 km SSE of Adak, Alaska",earthquake,22.8,4.7368,0.2,16,reviewed,ak,ak
2026-08-24T06:40:33.090Z,55.925166666667,-159.75866666667,2.44,0.54,ml,5,322,0.184,0.26,av,av93066189,2026-08-25T00:56:35.820Z,"17 km W of Ivanof Bay, Alaska",earthquake,1.31,1.59,0.18671753206794,5,reviewed,av,av
2026-08-24T06:39:42.610Z,61.2485,-152.25266666667,4.21,-0.67,ml,7,155,0.04151,0.15,av,av94400858,2026-08-25T00:17:03.490Z,"63 km WNW of Tyonek, Alaska",earthquake,0.64,0.87,0.091811691612856,7,reviewed,av,av
2026-08-24T06:35:35.030Z,36.0635,-117.8405,3.36,0.2,ml,9,122,0.05521,0.1,ci,ci10250886,2026-08-27T19:22:12.948Z,"10 km ENE of Coso Junction, CA",earthquake,0.23,0.57,0.22115782785766,6,reviewed,ci,ci
2026-08-24T06:35:24.410Z,36.072666666667,-117.83533333333,3.44,0.69,ml,16,63,0.04753,0.11,ci,ci41534848,2026-08-27T19:24:00.139Z,"11 km ENE of Coso Junction, CA",earthquake,0.18,0.33,0.20662467268635,7,reviewed,ci,ci
2026-08-24T06:34:33.240Z,34.551166666667,-85.318666666667,10.6,2.08,md,16,110,0.2416,0.17,se,se60506178,2026-08-24T12:29:30.440Z,"1 km NW of Trion, Georgia",earthquake,0.42,1.42,0.065984134500153,13,reviewed,se,se
2026-08-24T06:33:41.970Z,38.804164886475,-122.76483154297,3.420000076294,0.72,md,11,89,0.005338,0.01,nc,nc75424017,2026-08-24T07:27:23.035Z,"3 km NNW of The Geysers, CA",earthquake,0.53,1.19000006,0.31,13,automatic,nc,nc
2026-08-24T06:31:16.850Z,34.032666666667,-117.16983333333,4.39,0.69,ml,42,36,0.04777,0.2,ci,ci41534840,2026-08-24T14:03:57.371Z,"3 km SSE of Redlands, CA",earthquake,0.21,0.42,0.15031674375124,18,reviewed,ci,ci
2026-08-24T06:28:18.815Z,69.644,-145.463,2.5,2.1,ml,12,93,0.3,0.8,ak,aka2026qsocgi,2026-08-26T15:24:06.196Z,"89 km SW of Kaktovik, Alaska",earthquake,4.5,3.3877,0.1,9,reviewed,ak,ak
2026-08-24T06:22:55.970Z,44.490666666667,-111.1605,15.21,0.27,ml,5,283,0.1228,0.05,mb,mb90205988,2026-08-28T22:23:46.450Z,"18 km ENE of Island Park, Idaho",earthquake,0.72,0.83,0.15147519283271,5,reviewed,mb,mb
2026-08-24T06:18:08.470Z,61.144833333333,-152.25083333333,4.67,0.13,ml,13,120,0.05907,0.12,av,av94400843,2026-08-25T00:56:05.610Z,"60 km W of Tyonek, Alaska",earthquake,0.26,0.78,0.37669838613034,13,reviewed,av,av
2026-08-24T06:09:55.300Z,36.062833333333,-117.83783333333,2.62,1,ml,20,49,0.05635,0.14,ci,ci41534824,2026-08-24T14:04:15.070Z,"10 km ENE of Coso Junction, CA",earthquake,0.17,0.22,0.18259859248742,14,reviewed,ci,ci
2026-08-24T06:02:05.011Z,61.372,-150.096,39.5,1.6,ml,37,36,0.2,0.8,ak,aka2026qsnfmq,2026-08-25T20:47:14.966Z,"6 km WNW of Point MacKenzie, Alaska",earthquake,3,2.3068,0.2,26,reviewed,ak,ak
2026-08-24T06:00:20.590Z,36.062666666667,-117.837,2.88,0.82,ml,20,62,0.05668,0.12,ci,ci41534816,2026-08-24T14:04:23.201Z,"10 km E of Coso Junction, CA",earthquake,0.16,0.47,0.18297476309933,13,reviewed,ci,ci
2026-08-24T05:56:03.180Z,38.519166666667,-112.892,2,1.07,md,13,70,0.01009,0.09,uu,uu80150026,2026-08-24T19:47:21.940Z,"17 km NE of Milford, Utah",earthquake,0.26,0.42,0.54423844645709,6,reviewed,uu,uu
2026-08-24T05:40:47.930Z,-20.9867,-176.289,209.196,4.5,mb,62,105,6.085,0.71,us,us6000tn2d,2026-08-24T06:08:51.040Z,"104 km WNW of Houma, Tonga",earthquake,12.19,7.421,0.074,54,reviewed,us,us
2026-08-24T05:38:44.467Z,53.318,-165.076,0.8,2.2,ml,17,259,0.9,0.4,ak,aka2026qsmlez,2026-08-25T20:43:51.503Z,"101 km SSE of Akutan, Alaska",earthquake,6.9,5.6473,0.1,13,reviewed,ak,ak
2026-08-24T05:38:42.480Z,35.661666666667,-117.44366666667,5.89,0.5,ml,15,83,0.01661,0.15,ci,ci41534808,2026-08-24T14:04:19.087Z,"12 km SSW of Searles Valley, CA",earthquake,0.34,0.46,0.062876824160674,2,reviewed,ci,ci
2026-08-24T05:31:02.070Z,31.752,-104.523,3.3313,1.4,ml,20,77,0,0.2,tx,tx2026qpuqci,2026-08-24T08:35:48.200Z,"48 km SSW of Whites City, New Mexico",earthquake,1.9235634766819,0.88497440266185,0.1,14,reviewed,tx,tx
2026-08-24T05:30:19.862Z,67.536,-161.109,1.6,2,ml,10,78,0.2,0.9,ak,aka2026qsmdzf,2026-08-26T15:22:16.596Z,"69 km NNW of Kiana, Alaska",earthquake,6.1,4.0645,0.3,6,reviewed,ak,ak
2026-08-24T05:21:36.020Z,44.586333333333,-110.72933333333,7.28,0.73,md,8,141,0.06442,0.11,uu,uu80150021,2026-08-24T19:53:25.850Z,"30 km ESE of West Yellowstone, Montana",earthquake,0.42,1.23,0.31528667625934,5,reviewed,uu,uu
2026-08-24T05:20:54.790Z,44.593666666667,-110.7255,9.02,0.18,md,8,136,0.05996,0.16,uu,uu80007913,2026-08-24T19:52:49.160Z,"30 km ESE of West Yellowstone, Montana",earthquake,0.68,1.43,0.32091787085418,5,reviewed,uu,uu
2026-08-24T05:12:50.850Z,38.822334289551,-122.80449676514,3.1600000858307,1.17,md,19,75,0.004483,0.02,nc,nc75424007,2026-08-24T09:17:25.767Z,"7 km NW of The Geysers, CA",earthquake,0.3,0.430000007,0.2,20,automatic,nc,nc
2026-08-24T05:04:04.171Z,-28.143,-67.1543,129.457,4.5,mb,95,65,3.236,0.61,us,us6000tn29,2026-08-24T06:42:11.040Z,"41 km ESE of Tinogasta, Argentina",earthquake,8.29,7.98,0.042,170,reviewed,us,us
2026-08-24T04:52:49.800Z,18.331666666667,-67.376,13.07,2.55,md,9,158,0.1111,0.38,pr,pr71529603,2026-08-24T10:27:12.240Z,"13 km W of Rincón, Puerto Rico",earthquake,1.11,1.5,0.048333120951,6,reviewed,pr,pr
2026-08-24T04:48:12.130Z,38.517,-112.89116666667,1.81,1.6,ml,20,45,0.008612,0.1,uu,uu80150016,2026-08-24T20:13:20.300Z,"16 km NE of Milford, Utah",earthquake,0.21,0.41,0.14654789571151,7,reviewed,uu,uu
2026-08-24T04:40:28.740Z,38.824501037598,-122.80833435059,2.6400001049042,0.75,md,14,74,0.001751,0.01,nc,nc75423997,2026-08-24T05:22:19.222Z,"7 km NW of The Geysers, CA",earthquake,0.39,0.939999998,0.23,14,automatic,nc,nc
2026-08-24T04:31:10.970Z,35.4155,-84.393,9.99,1.55,md,6,80,0.1027,0.08,se,se60506188,2026-08-24T13:01:54.980Z,"8 km E of Englewood, Tennessee",earthquake,0.38,0.9,0.066809831565306,6,reviewed,se,se
2026-08-24T04:30:32.720Z,35.412333333333,-84.394166666667,10.74,1.82,md,10,74,0.09946,0.14,se,se60506183,2026-08-24T13:02:11.400Z,"8 km E of Englewood, Tennessee",earthquake,0.32,0.81,0.066496819437148,8,reviewed,se,se
2026-08-24T04:26:19.182Z,56.38,-157.802,87.6,2.1,ml,17,135,0.5,0.3,ak,aka2026qskafj,2026-08-25T20:42:33.982Z,"38 km ENE of Chignik, Alaska",earthquake,8.3,5.16,0.2,13,reviewed,ak,ak
2026-08-24T04:19:47.860Z,33.503333333333,-116.455,3.04,1.12,ml,73,38,0.1233,0.19,ci,ci41534800,2026-08-24T14:05:08.410Z,"21 km ESE of Anza, CA",earthquake,0.13,0.53,0.13788743173733,26,reviewed,ci,ci
2026-08-24T04:11:45.890Z,60.478166666667,-152.8245,5.1,-0.56,ml,5,192,0.01284,0.3,av,av94400688,2026-08-24T23:50:01.950Z,"79 km NW of Ninilchik, Alaska",earthquake,2.15,1.59,0.18174434162231,5,reviewed,av,av
2026-08-24T04:11:10.958Z,31.609,-103.964,7.9071,1.6,ml,29,49,0,0.1,tx,tx2026qprzes,2026-08-24T08:25:51.469Z,"36 km WSW of Mentone, Texas",earthquake,0.46418190269423,0.47938403482742,0.2,20,reviewed,tx,tx
2026-08-24T04:02:45.090Z,44.238,-110.78383333333,3.79,1.11,md,8,115,0.03618,0.23,uu,uu80150011,2026-08-24T20:02:58.640Z,"45 km ENE of Warm River, Idaho",earthquake,0.63,0.86,0.21847192306046,7,reviewed,uu,uu
2026-08-24T04:01:45.938Z,41.1935,-116.7366,9.3607,2.29,ml,8,291,0.846,0.084,nn,nn00923787,2026-08-25T02:04:08.675Z,"55 km NE of Valmy, Nevada",earthquake,,6.2581,0.25,6,reviewed,nn,nn
2026-08-24T04:01:35.157Z,51.044,-179.055,15.4,2.7,ml,18,231,0.5,0.5,ak,aka2026qsjfaz,2026-08-25T20:41:13.558Z,"191 km WSW of Adak, Alaska",earthquake,9.8,4.512,0.2,10,reviewed,ak,ak
2026-08-24T03:59:33.162Z,5.3312,125.2291,68.263,4.8,mb,29,120,1.762,0.91,us,us6000tn25,2026-08-24T04:12:23.040Z,"27 km WSW of Sarangani, Philippines",earthquake,12.18,8.153,0.109,26,reviewed,us,us
2026-08-24T03:59:28.900Z,33.847333333333,-116.8675,8.31,0.89,ml,39,56,0.05996,0.18,ci,ci41534792,2026-08-24T14:04:40.181Z,"9 km S of Banning, CA",earthquake,0.24,0.77,0.15281158537081,28,reviewed,ci,ci
2026-08-24T03:58:48.240Z,35.314833333333,-117.798,6.81,1.84,ml,43,57,0.06138,0.16,ci,ci41534784,2026-08-24T14:05:12.480Z,"16 km WSW of Johannesburg, CA",earthquake,0.16,0.41,0.16118754667569,25,reviewed,ci,ci
2026-08-24T03:53:11.990Z,46.736333333333,-121.13016666667,6.75,0.98,md,24,133,0.199,0.18,uw,uw714084822,2026-08-24T22:10:13.210Z,"17 km WSW of Nile, Washington",earthquake,0.31,0.42,0.10486326101444,18,reviewed,uw,uw
2026-08-24T03:50:57.805Z,63.026,-149.341,73,2,ml,51,35,0.3,0.8,ak,aka2026qsivyu,2026-08-25T20:38:23.347Z,"45 km SSW of Cantwell, Alaska",earthquake,2.6,2.9147,0.2,37,reviewed,ak,ak
2026-08-24T03:46:03.551Z,51.724,-174.434,7.6,2.5,ml,12,252,0.5,0.5,ak,aka2026qsiroo,2026-08-25T20:37:09.223Z,"54 km SSW of Atka, Alaska",earthquake,13.4,6.5794,0.2,10,reviewed,ak,ak
2026-08-24T03:38:52.912Z,51.981,176.313,1.3,3.2,ml,9,193,1.4,0.4,ak,aka2026qsiljd,2026-08-25T20:35:58.018Z,"233 km ESE of Attu Station, Alaska",earthquake,29.3,6.1668,0.1,8,reviewed,ak,ak
2026-08-24T03:36:13.919Z,32.129,-102.196,7.1045,0.3,ml,19,68,0,0.2,tx,tx2026qpqvdr,2026-08-24T12:47:01.857Z,"18 km NW of Midland, Texas",earthquake,1.7624210497659,1.3237627307904,0.1,5,reviewed,tx,tx
2026-08-24T03:33:58.106Z,14.1906,-93.2276,10,4.1,mb,36,188,2.33,1.17,us,us6000tn20,2026-08-24T03:48:02.040Z,"104 km SW of Puerto Madero, Mexico",earthquake,5.7,1.906,0.089,34,reviewed,us,us
2026-08-24T03:28:06.574Z,32.048,-103.761,7.7405,0.8,ml,13,69,0,0.2,tx,tx2026qpqoil,2026-08-24T09:21:55.561Z,"35 km ESE of Malaga, New Mexico",earthquake,1.0583090919417,1.5046851652177,0.1,7,reviewed,tx,tx
2026-08-24T03:26:16.760Z,44.748333333333,-111.09333333333,8.29,0.4,md,9,87,0.04874,0.18,uu,uu80150006,2026-08-24T19:59:36.320Z,"8 km ESE of Hebgen Lake Estates, Montana",earthquake,0.45,1.12,0.37666448439542,5,reviewed,uu,uu
2026-08-24T03:18:58.687Z,32.244,-102.201,2.7588,0.3,ml,17,81,0.1,0.2,tx,tx2026qpqghg,2026-08-24T12:39:09.375Z,"29 km NNW of Midland, Texas",earthquake,1.5105008906412,1.629264276183,0.2,7,reviewed,tx,tx
2026-08-24T03:18:19.870Z,36.032666666667,-117.82083333333,1.72,0.84,ml,21,55,0.04566,0.12,ci,ci41534776,2026-08-24T14:04:44.093Z,"12 km E of Coso Junction, CA",earthquake,0.15,0.18,0.16355003941846,12,reviewed,ci,ci
2026-08-24T03:15:48.090Z,36.062833333333,-117.84183333333,2.67,0.41,ml,14,66,0.05564,0.11,ci,ci41534768,2026-08-27T19:17:41.067Z,"10 km ENE of Coso Junction, CA",earthquake,0.18,0.77,0.26107435186711,9,reviewed,ci,ci
2026-08-24T03:11:05.596Z,32.404,-102.084,6.6895,0.1,ml,17,67,0,0.2,tx,tx2026qppzmp,2026-08-24T11:53:04.462Z,"37 km WSW of Ackerly, Texas",earthquake,0.8085486938144,0.84864266432572,0.2,6,reviewed,tx,tx
2026-08-24T03:10:18.920Z,35.916166666667,-117.70616666667,3.09,0.68,ml,18,52,0.05525,0.07,ci,ci41534760,2026-08-24T14:04:54.807Z,"18 km E of Little Lake, CA",earthquake,0.11,0.41,0.11493767109989,6,reviewed,ci,ci
2026-08-24T03:09:39.870Z,38.836166381836,-122.78616333008,1.9900000095367,1.24,md,14,74,0.003959,0.02,nc,nc75423977,2026-08-24T05:52:22.398Z,"6 km WNW of Cobb, CA",earthquake,0.29,0.529999971,0.22,14,automatic,nc,nc
2026-08-24T03:08:54.512Z,32.273,-102.209,7.7881,0.2,ml,14,62,0.1,0.2,tx,tx2026qppxox,2026-08-24T11:42:55.896Z,"30 km E of McKinney Acres, Texas",earthquake,1.2776105231342,2.3173528492545,0.2,6,reviewed,tx,tx
2026-08-24T02:53:26.280Z,36.539833333333,-89.650833333333,7.75,1.71,md,25,39,0.01762,0.04,nm,nm60627181,2026-08-24T13:45:12.080Z,"4 km NW of Marston, Missouri",earthquake,0.45,0.5,0.092499158707234,20,reviewed,nm,nm
2026-08-24T02:52:20.687Z,32.231,-102.205,5.8838,0.3,ml,12,87,0.1,0.1,tx,tx2026qppjhg,2026-08-25T10:01:58.753Z,"28 km NNW of Midland, Texas",earthquake,2.0382362504374,2.4375267437472,0.2,6,reviewed,tx,tx
2026-08-24T02:51:54.790Z,53.385333333333,-168.21783333333,2.39,-0.45,ml,6,221,0.04428,0.22,av,av93066184,2026-08-24T23:34:31.090Z,"65 km NE of Nikolski, Alaska",earthquake,0.92,2.22,0.28201818203898,6,reviewed,av,av
2026-08-24T02:47:40.670Z,34.0975,-117.27783333333,2.3,0.51,ml,19,113,0.1316,0.17,ci,ci41534744,2026-08-27T19:47:58.842Z,"4 km SSE of San Bernardino, CA",earthquake,0.36,0.55,0.17651743527606,9,reviewed,ci,ci
2026-08-24T02:47:15.500Z,38.846668243408,-122.84950256348,1.5800000429153,1.04,md,19,134,0.0136,0.02,nc,nc75423967,2026-08-24T03:17:23.404Z,"11 km NW of The Geysers, CA",earthquake,0.26,0.409999996,0.09,19,automatic,nc,nc
2026-08-24T02:45:08.660Z,-12.6363,-14.921,10,4.9,mb,41,159,21.631,0.66,us,us6000tn1z,2026-08-24T03:11:06.040Z,southern Mid-Atlantic Ridge,earthquake,15.24,1.93,0.089,40,reviewed,us,us
2026-08-24T02:43:46.880Z,36.597332000732,-121.20600128174,8.079999923706,1.21,md,7,142,0.03048,0.03,nc,nc75423957,2026-08-24T05:27:22.252Z,"9 km NW of Pinnacles, CA",earthquake,0.43,0.889999986,0.41,6,automatic,nc,nc
2026-08-24T02:41:00.646Z,4.5166,-76.8403,77.675,4.4,mb,24,94,2.114,0.89,us,us6000tn1x,2026-08-24T03:48:25.040Z,"26 km SW of Sipí, Colombia",earthquake,7.29,9.496,0.155,12,reviewed,us,us
2026-08-24T02:38:54.250Z,33.308666666667,-116.22283333333,9.95,0.71,ml,33,44,0.09025,0.17,ci,ci41534736,2026-08-30T02:44:37.647Z,"15 km ENE of Borrego Springs, CA",earthquake,0.24,0.54,0.060907170453696,9,reviewed,ci,ci
2026-08-24T02:34:57.933Z,58.971,-153.465,12.5,1.7,ml,28,105,0.1,0.7,ak,aka2026qsghxn,2026-08-25T20:34:00.201Z,"87 km SE of Pope-Vannoy Landing, Alaska",earthquake,3.5,1.7434,0.1,19,reviewed,ak,ak
2026-08-24T02:27:21.200Z,60.031666666667,-153.07933333333,-2.96,-0.12,ml,8,99,0.02695,0.21,av,av94400573,2026-08-24T23:08:30.050Z,"63 km ENE of Pedro Bay, Alaska",earthquake,0.35,1.58,0.40989408639837,8,reviewed,av,av
2026-08-24T02:26:18.540Z,33.430666666667,-117.02433333333,11.3,0.92,ml,50,28,0.04198,0.16,ci,ci41534728,2026-08-24T14:56:57.810Z,"9 km NNE of Pala, CA",earthquake,0.13,0.22,0.14025418263292,26,reviewed,ci,ci
2026-08-24T02:19:39.063Z,-7.9644,120.4679,10,4.7,mb,25,83,3.016,0.78,us,us6000tn1v,2026-08-24T03:01:59.040Z,"71 km N of Ruteng, Indonesia",earthquake,8.3,1.899,0.123,20,reviewed,us,us
2026-08-24T02:17:46.830Z,38.848999023438,-122.84899902344,0.81000000238419,0.31,md,8,110,0.01481,0.03,nc,nc75423947,2026-08-24T02:52:20.251Z,"11 km WNW of Cobb, CA",earthquake,0.33,0.980000019,0.15,10,automatic,nc,nc
2026-08-24T02:15:19.050Z,54.441,-163.294,62,2.2,ml,19,205,0.3,0.5,ak,aka2026qsfqws,2026-08-25T20:31:47.180Z,"46 km S of False Pass, Alaska",earthquake,15.5,6.3571,0.2,14,reviewed,ak,ak
2026-08-24T02:13:06.430Z,35.313666666667,-117.80216666667,7.12,1.28,ml,38,70,0.05834,0.18,ci,ci41534720,2026-08-24T14:06:14.960Z,"17 km WSW of Johannesburg, CA",earthquake,0.23,0.45,0.14736651996908,24,reviewed,ci,ci
2026-08-24T02:08:58.460Z,52.102166666667,-175.98966666667,5.08,0.62,ml,4,275,0.07227,0.04,av,av94400548,2026-08-25T05:09:19.890Z,"51 km ENE of Adak, Alaska",earthquake,0.68,1.43,0.11416719257601,4,reviewed,av,av
2026-08-24T02:06:25.923Z,61.876,-149.626,0.8,2.2,ml,41,76,0.3,0.6,ak,aka2026qsfjer,2026-08-25T20:06:31.431Z,"25 km NW of Fishhook, Alaska",earthquake,2.4,1.8729,0.1,31,reviewed,ak,ak
2026-08-24T02:00:43.917Z,58.552,-151.04,23.8,3.2,ml,154,129,0.7,0.9,ak,aka2026qsfeey,2026-08-25T20:04:46.794Z,"99 km SSE of Port Graham, Alaska",earthquake,2.7,3.4989,0.1,111,reviewed,ak,ak
2026-08-24T01:59:38.604Z,60.542,-140.076,11.3,2,ml,15,76,0.5,0.8,ak,aka2026qsfdhj,2026-08-25T16:23:53.857Z,"112 km N of Yakutat, Alaska",earthquake,3.9,3.0603,0.1,13,reviewed,ak,ak
2026-08-24T01:55:16.680Z,61.3475,-152.25866666667,2.93,-0.5,ml,7,164,0.09622,0.09,av,av94400528,2026-08-24T22:46:57.580Z,"67 km WNW of Beluga, Alaska",earthquake,0.3,0.4,0.11167324019726,7,reviewed,av,av
2026-08-24T01:43:04.030Z,19.098333333333,-67.731666666667,40.02,3.39,md,24,197,0.8459,0.43,pr,pr71529588,2026-08-24T02:02:14.040Z,"91 km NE of Punta Cana, Dominican Republic",earthquake,2.29,9.25,0.10432593153969,5,reviewed,pr,pr
2026-08-24T01:40:40.584Z,61.615,-149.929,36.7,1.4,ml,22,59,0.3,1,ak,aka2026qsemvh,2026-08-25T16:17:15.063Z,"6 km WSW of Houston, Alaska",earthquake,3.6,3.0989,0.2,14,reviewed,ak,ak
2026-08-24T01:38:12.223Z,60.698,-146.49,22.9,1.5,ml,22,55,0.1,0.9,ak,aka2026qseksb,2026-08-25T16:04:01.063Z,"21 km SSE of Tatitlek, Alaska",earthquake,3.3,1.8874,0.3,18,reviewed,ak,ak
2026-08-24T01:34:44.969Z,34.67883333,-95.99283333,7.67,1.47,ml,58,73,0.2294549731,0.32,ok,ok2026qnmj,2026-08-24T12:03:42.483Z,"4 km NE of Wardville, Oklahoma",earthquake,,1.9,0.25,28,reviewed,ok,ok
2026-08-24T01:31:02.340Z,43.626833333333,-120.90566666667,6.38,1.12,md,4,281,0.1863,0.07,uw,uw714084792,2026-08-24T22:12:28.740Z,"48 km E of La Pine, Oregon",earthquake,0.81,31.61,0.20200257848256,4,reviewed,uw,uw
2026-08-24T01:27:27.618Z,51.155,-178.181,28.3,2.5,ml,15,222,0.6,0.3,ak,aka2026qsebnq,2026-08-25T15:41:03.179Z,"133 km SW of Adak, Alaska",earthquake,10.3,4.7831,0.1,13,reviewed,ak,ak
2026-08-24T01:22:05.040Z,38.849166870117,-122.84950256348,1.5099999904633,0.74,md,14,139,0.01521,0.03,nc,nc75423937,2026-08-24T03:22:22.435Z,"11 km WNW of Cobb, CA",earthquake,0.39,0.469999999,0.13,16,automatic,nc,nc
2026-08-24T01:18:01.090Z,60.641333333333,-152.7095,12.07,0.34,ml,13,126,0.05138,0.12,av,av94400488,2026-08-24T22:56:58.250Z,"76 km W of Salamatof, Alaska",earthquake,0.39,0.55,0.26663504891028,15,reviewed,av,av
2026-08-24T01:16:07.180Z,33.648,-117.00883333333,10.38,0.23,ml,17,56,0.002074,0.14,ci,ci41534712,2026-08-24T14:06:10.828Z,"10 km SE of Winchester, CA",earthquake,0.31,0.37,0.030210905729348,4,reviewed,ci,ci
2026-08-24T01:12:59.871Z,-8.2203,120.4857,10,4.6,mb,26,86,4.035,1.26,us,us6000tn1k,2026-08-24T01:54:40.040Z,"43 km N of Ruteng, Indonesia",earthquake,11.13,1.934,0.114,23,reviewed,us,us
2026-08-24T01:12:11.414Z,62.23,-152.273,2.2,1.6,ml,23,94,0.4,0.5,ak,aka2026qsdnzf,2026-08-25T15:34:03.347Z,"52 km WNW of Skwentna, Alaska",earthquake,3.1,2.2629,0.2,17,reviewed,ak,ak
2026-08-24T01:10:00.940Z,39.363498687744,-123.21800231934,8.0500001907349,1.53,md,9,122,0.06077,0.02,nc,nc75423932,2026-08-24T02:57:20.284Z,"11 km N of Redwood Valley, CA",earthquake,0.33,0.790000021,0.17,6,automatic,nc,nc
2026-08-24T01:05:11.390Z,19.202167510986,-155.36233520508,29.670000076294,1.82,md,26,220,0.04837,0.119999997,hv,hv75023012,2026-08-24T01:08:53.750Z,"12 km E of Pāhala, Hawaii",earthquake,0.92,0.779999971,0.12447129401437,11,automatic,hv,hv
2026-08-24T01:04:08.580Z,56.1021,-150.0007,10,2.8,ml,31,223,2.2,0.72,us,us6000tnd9,2026-08-27T21:48:45.040Z,"218 km SE of Chiniak, Alaska",earthquake,7.77,2.016,0.064,32,reviewed,us,us
2026-08-24T00:55:06.673Z,-7.7429,120.7561,10,4.2,mb,18,131,2.889,0.68,us,us7000tclw,2026-08-30T22:26:04.040Z,"101 km NNE of Ruteng, Indonesia",earthquake,8.65,1.766,0.159,12,reviewed,us,us
2026-08-24T00:47:02.804Z,-7.8111,120.6003,10,4.1,mb,14,152,2.904,0.6,us,us7000tclv,2026-08-30T22:02:59.040Z,"89 km N of Ruteng, Indonesia",earthquake,14.86,1.873,0.175,9,reviewed,us,us
2026-08-24T00:46:23.610Z,32.398,-101.603,5.3467,0.9,ml,25,81,0,0.2,tx,tx2026qpleut,2026-08-24T11:10:53.475Z,"17 km SE of Ackerly, Texas",earthquake,0.58229776186219,0.64506257835969,0.1,13,reviewed,tx,tx
2026-08-24T00:41:07.977Z,56.1681,-149.9644,10,2.9,ml,43,254,2.162,0.82,us,us6000tnd8,2026-08-30T21:58:35.040Z,"213 km SE of Chiniak, Alaska",earthquake,8.96,2.02,0.066,30,reviewed,us,us
2026-08-24T00:29:03.050Z,33.7145,-116.73433333333,18.28,0.52,ml,23,74,0.01714,0.12,ci,ci41534696,2026-08-24T14:06:30.596Z,"3 km SSW of Idyllwild, CA",earthquake,0.31,0.4,0.20691403169213,10,reviewed,ci,ci
2026-08-24T00:26:21.729Z,28.3767,105.0358,10,4.9,mww,92,33,7.642,0.57,us,us6000tn1h,2026-08-30T21:51:16.602Z,"7 km NNW of Bowangshan, China",earthquake,9.43,1.824,0.093,11,reviewed,us,us
2026-08-24T00:22:03.882Z,-7.9116,120.0824,10,4.6,mb,21,125,2.897,0.86,us,us6000tn1g,2026-08-30T21:46:34.040Z,"68 km NNE of Labuan Bajo, Indonesia",earthquake,10.36,1.89,0.128,18,reviewed,us,us
2026-08-24T00:12:43.920Z,36.068833333333,-117.84033333333,4.71,0.85,ml,16,64,0.05005,0.2,ci,ci41534688,2026-08-24T14:06:34.527Z,"10 km ENE of Coso Junction, CA",earthquake,0.32,0.8,0.23531724996267,5,reviewed,ci,ci
2026-08-24T00:11:53.210Z,19.156833333333,-155.46233333333,32.51,1.52,ml,34,113,0.001428,0.12,hv,hv75023002,2026-08-25T02:46:21.300Z,"5 km SSE of Pāhala, Hawaii",earthquake,0.51,0.57,0.16728601033708,7,reviewed,hv,hv
2026-08-24T00:11:23.811Z,53.46,-167.402,16.7,2.4,ml,28,185,0.3,0.5,ak,aka2026qsbnlf,2026-08-25T15:20:14.644Z,"73 km SW of Unalaska, Alaska",earthquake,11.5,3.115,0.2,22,reviewed,ak,ak
2026-08-24T00:09:33.008Z,61.451,-147.174,8.5,1.4,ml,19,78,0.4,0.8,ak,aka2026qsblvs,2026-08-25T15:18:55.598Z,"47 km SSE of Glacier View, Alaska",earthquake,2.8,2.8859,0.2,14,reviewed,ak,ak
2026-08-24T00:05:20.860Z,37.999500274658,-122.28700256348,5.710000038147,1.19,md,13,81,0.05739,0.06,nc,nc75423907,2026-08-24T02:27:22.083Z,"1 km ESE of Pinole, CA",earthquake,0.26,0.959999979,0.26,10,automatic,nc,nc
2026-08-23T23:51:15.724Z,32.396,-101.607,7.9834,1.9,ml,62,59,0,0.2,tx,tx2026qpjiqg,2026-08-24T16:20:51.582Z,"17 km SE of Ackerly, Texas",earthquake,0.31425738846538,0.74654530410081,0.2,43,reviewed,tx,tx
2026-08-23T23:49:07.783Z,28.566,-98.354,7.6848,1.4,ml,16,82,0.1,0.2,tx,tx2026qpjhmd,2026-08-25T15:51:10.015Z,"20 km NW of Three Rivers, Texas",earthquake,0.64522324534197,2.2009897069011,0.1,13,reviewed,tx,tx
2026-08-23T23:48:31.480Z,41.988666666667,-124.55316666667,6.11,1.62,ml,10,278,0.2316,0.26,uw,uw714084762,2026-08-24T22:32:54.150Z,"23 km WSW of Brookings, Oregon",earthquake,1.31,3.25,0.03457965522897,3,reviewed,uw,uw
2026-08-23T23:45:58.998Z,52.9404,-166.9148,35,2.6,ml,30,219,0.763,0.39,us,us6000tnbb,2026-08-30T21:14:20.040Z,"106 km SSW of Unalaska, Alaska",earthquake,4.08,2.011,0.115,10,reviewed,us,us
2026-08-23T23:43:44.746Z,60.424,-139.475,4,1.7,ml,16,87,0.5,0.7,ak,aka2026qsapsm,2026-08-25T05:28:59.368Z,"98 km N of Yakutat, Alaska",earthquake,4.5,3.21,0.1,14,reviewed,ak,ak
2026-08-23T23:42:31.199Z,50.7452,178.3258,10,2.9,ml,12,300,0.884,0.3,us,us6000tna7,2026-08-30T21:09:28.040Z,"Rat Islands, Aleutian Islands, Alaska",earthquake,6.89,2.004,0.148,6,reviewed,us,us
2026-08-23T23:40:06.284Z,51.5891,-178.6302,94.934,2.7,ml,19,174,0.12,0.52,us,us6000tna5,2026-08-30T05:01:04.040Z,"141 km WSW of Adak, Alaska",earthquake,10.85,8.87,0.097,14,reviewed,us,us
2026-08-23T23:39:50.260Z,33.9285,-116.8835,13.27,0.74,ml,28,44,0.1236,0.13,ci,ci41534680,2026-08-30T02:37:33.105Z,"1 km WNW of Banning, CA",earthquake,0.2,0.83,0.10610191688097,12,reviewed,ci,ci
2026-08-23T23:33:20.976Z,32.401,-101.607,5.1514,1.2,ml,31,51,0,0.1,tx,tx2026qpitux,2026-08-24T18:19:00.231Z,"17 km SE of Ackerly, Texas",earthquake,0.46864787253923,0.51411274690453,0.2,20,reviewed,tx,tx
2026-08-23T23:31:35.980Z,33.166,-116.48733333333,11.66,0.87,ml,47,37,0.0976,0.23,ci,ci41534672,2026-08-24T14:06:46.497Z,"14 km NE of Julian, CA",earthquake,0.22,0.62,0.15663037940201,16,reviewed,ci,ci
2026-08-23T23:29:41.717Z,-8.1635,107.771,58.265,4.1,mb,16,179,0.707,0.66,us,us7000tclm,2026-08-30T04:57:10.040Z,"97 km SSW of Singaparna, Indonesia",earthquake,7.45,8.784,0.174,9,reviewed,us,us
2026-08-23T23:26:51.440Z,35.029,-117.69116666667,-0.82,1.34,ml,29,57,0.09448,0.15,ci,ci41534664,2026-08-28T23:54:56.197Z,"5 km NW of Boron, CA",quarry blast,0.37,31.61,0.10686332491509,29,reviewed,ci,ci
2026-08-23T23:23:03.080Z,59.57,-152.566,79,1.7,ml,34,81,0.3,0.4,ak,aka2026qrzxhl,2026-08-25T01:04:06.902Z,"43 km WNW of Nanwalek, Alaska",earthquake,3.9,2.9507,0.2,25,reviewed,ak,ak
2026-08-23T23:20:34.888Z,52.1915,176.4305,8.129,5,mb,88,82,1.305,0.39,us,us6000tn19,2026-08-30T04:47:30.361Z,"231 km ESE of Attu Station, Alaska",earthquake,5.99,3.487,0.028,408,reviewed,us,us
2026-08-23T23:16:50.405Z,32.403,-101.603,5.2979,1.3,ml,39,53,0,0.1,tx,tx2026qpifff,2026-08-24T18:15:49.589Z,"17 km SE of Ackerly, Texas",earthquake,0.44844397159191,0.47035463398687,0.1,29,reviewed,tx,tx
2026-08-23T23:11:49.588Z,34.3368,23.4335,35,4.2,mb,29,183,1.529,0.95,us,us7000tclk,2026-08-30T04:29:32.040Z,"81 km SW of Kastrí, Greece",earthquake,8.02,1.986,0.152,12,reviewed,us,us
2026-08-23T23:06:54.978Z,32.4,-101.607,6.3232,2.8,ml,55,69,0,0.1,tx,tx2026qphxaj,2026-08-24T14:49:22.003Z,"17 km SE of Ackerly, Texas",earthquake,0.39428867682966,1.0114473725467,0.2,92,reviewed,tx,tx
2026-08-23T23:05:29.671Z,-8.298,120.249,10,4.3,mb,20,151,3.299,0.85,us,us7000tcll,2026-08-30T04:18:17.040Z,"42 km NW of Ruteng, Indonesia",earthquake,8.47,1.906,0.153,12,reviewed,us,us
2026-08-23T23:01:02.928Z,61.082,-151.113,66,1.6,ml,28,48,0.4,0.8,ak,aka2026qrzeil,2026-08-25T01:01:14.778Z,"2 km NE of Tyonek, Alaska",earthquake,3.6,3.9831,0.2,18,reviewed,ak,ak
2026-08-23T22:59:00.612Z,68.18,-153.16,0.4,1.7,ml,16,71,0.5,0.8,ak,aka2026qrzcrk,2026-08-25T06:36:20.966Z,"59 km W of Anaktuvuk Pass, Alaska",earthquake,3.6,3.104,0.3,9,reviewed,ak,ak
2026-08-23T22:58:39.610Z,36.07,-117.84083333333,2.61,1.79,ml,30,50,0.04882,0.14,ci,ci41534656,2026-08-24T14:07:23.600Z,"10 km ENE of Coso Junction, CA",earthquake,0.14,0.19,0.17941324798363,25,reviewed,ci,ci
2026-08-23T22:58:07.928Z,-24.0298,-66.8157,187.777,4.2,mb,23,119,6,0.6,us,us6000tn15,2026-08-30T01:27:14.040Z,"54 km WNW of San Antonio de los Cobres, Argentina",earthquake,10.78,7.769,0.136,15,reviewed,us,us
2026-08-23T22:57:30.450Z,-8.1459,120.6249,10,4.7,mb,46,86,3.23,0.77,us,us6000tn14,2026-08-30T01:25:42.040Z,"54 km NNE of Ruteng, Indonesia",earthquake,7.99,1.872,0.099,31,reviewed,us,us
2026-08-23T22:55:14.890Z,61.296333333333,-152.3645,0.58,-0.27,ml,6,173,0.03755,0.13,av,av94400328,2026-08-26T18:54:49.550Z,"70 km WNW of Tyonek, Alaska",earthquake,1.12,3.87,0.090924828765628,5,reviewed,av,av
2026-08-23T22:41:02.000Z,38.807666778565,-122.81700134277,2.8599998950958,0.86,md,16,61,0.009589,0.02,nc,nc75423857,2026-08-23T22:57:22.685Z,"6 km WNW of The Geysers, CA",earthquake,0.31,0.620000005,0.25,18,automatic,nc,nc
2026-08-23T22:36:38.840Z,33.637,-116.76883333333,13.77,0.81,ml,43,39,0.04338,0.15,ci,ci41534648,2026-08-24T14:07:07.210Z,"12 km SSW of Idyllwild, CA",earthquake,0.17,0.33,0.16305322921333,25,reviewed,ci,ci
2026-08-23T22:35:58.966Z,31.613,-104.094,6.8817,1.8,ml,29,62,0,0.1,tx,tx2026qpgvcz,2026-08-24T17:10:35.639Z,"43 km NW of Toyah, Texas",earthquake,0.3857259184358,0.34825692204521,0.2,43,reviewed,tx,tx
2026-08-23T22:35:58.240Z,35.6755,-117.48166666667,6,0.75,ml,22,50,0.04832,0.14,ci,ci41534640,2026-08-24T14:07:22.848Z,"12 km SW of Searles Valley, CA",earthquake,0.29,0.56,0.22601110275945,8,reviewed,ci,ci
2026-08-23T22:35:05.160Z,36.0675,-117.837,3.33,0.68,ml,14,107,0.05203,0.07,ci,ci41534632,2026-08-24T14:07:29.912Z,"10 km ENE of Coso Junction, CA",earthquake,0.12,0.28,0.23364223689485,5,reviewed,ci,ci
2026-08-23T22:29:37.777Z,59.742,-153.373,127.3,1.7,ml,44,63,0.1,0.4,ak,aka2026qryder,2026-08-25T00:58:34.545Z,"41 km E of Pedro Bay, Alaska",earthquake,4.5,2.4801,0.3,33,reviewed,ak,ak
2026-08-23T22:24:48.830Z,36.063666666667,-117.83816666667,3.48,1.07,ml,21,62,0.05547,0.12,ci,ci41534616,2026-08-24T14:07:26.904Z,"10 km ENE of Coso Junction, CA",earthquake,0.18,0.34,0.21750058313894,19,reviewed,ci,ci
2026-08-23T22:24:46.010Z,61.351333333333,-152.14516666667,3.3,-0.27,ml,6,164,0.08435,0.11,av,av94400303,2026-08-26T18:27:21.030Z,"61 km WNW of Beluga, Alaska",earthquake,0.43,0.41,0.13516291965963,6,reviewed,av,av
2026-08-23T22:23:31.730Z,36.0635,-117.83766666667,3.72,0.64,ml,15,62,0.05574,0.09,ci,ci41534608,2026-08-24T14:07:43.590Z,"10 km ENE of Coso Junction, CA",earthquake,0.15,0.26,0.26049560287083,7,reviewed,ci,ci
2026-08-23T22:19:40.860Z,36.070166666667,-117.8385,2.69,1.77,ml,30,50,0.04914,0.14,ci,ci41534600,2026-08-24T14:07:55.739Z,"10 km ENE of Coso Junction, CA",earthquake,0.15,0.46,0.2822390284249,27,reviewed,ci,ci
2026-08-23T22:15:12.768Z,32.442,-102.124,5.9814,0.4,ml,21,97,0,0.1,tx,tx2026qpgeko,2026-08-25T16:06:26.585Z,"36 km SSW of Los Ybanez, Texas",earthquake,0.79901222428182,0.72390507092225,0.2,14,reviewed,tx,tx
2026-08-23T22:12:30.140Z,58.228333333333,-155.16633333333,3.79,0.19,ml,8,220,0.05081,0.12,av,av94400298,2026-08-26T18:22:19.680Z,"84 km NNW of Karluk, Alaska",earthquake,0.47,0.64,0.21661188171671,8,reviewed,av,av
2026-08-23T22:11:53.590Z,35.746,-117.56316666667,7.86,0.86,ml,24,56,0.07498,0.19,ci,ci41534592,2026-08-24T14:07:51.649Z,"15 km W of Searles Valley, CA",earthquake,0.25,0.67,0.24958255440728,12,reviewed,ci,ci
2026-08-23T22:08:58.760Z,17.856333333333,-66.919666666667,11.8,2.6,md,6,254,0.1242,0.16,pr,pr71529563,2026-08-23T22:26:37.860Z,"12 km S of Guánica, Puerto Rico",earthquake,0.99,1.31,0.057479750069009,5,reviewed,pr,pr
2026-08-23T22:07:16.370Z,36.068166666667,-117.83566666667,2.67,0.66,ml,18,61,0.0517,0.11,ci,ci41534584,2026-08-24T14:07:47.601Z,"10 km ENE of Coso Junction, CA",earthquake,0.17,0.73,0.1415036126312,10,reviewed,ci,ci
2026-08-23T21:55:51.360Z,35.95650100708,-120.51000213623,10.130000114441,1.39,md,23,74,0.02758,0.07,nc,nc75423827,2026-08-24T00:32:28.426Z,"10 km NW of Parkfield, CA",earthquake,0.34,0.519999981,0.38,12,automatic,nc,nc
2026-08-23T21:55:37.150Z,35.076166666667,-119.0485,13.38,1.05,ml,23,159,0.03385,0.16,ci,ci41534576,2026-08-27T18:47:05.365Z,"18 km NW of Grapevine, CA",earthquake,0.4,0.63,0.082059904797603,11,reviewed,ci,ci
2026-08-23T21:47:13.486Z,31.626,-104.534,7.843,1.7,ml,24,75,0.1,0.2,tx,tx2026qpfgkl,2026-08-24T17:18:01.279Z,"62 km SSW of Whites City, New Mexico",earthquake,1.1485960985002,1.0451378715965,0.2,14,reviewed,tx,tx
2026-08-23T21:42:21.220Z,35.077333333333,-119.04116666667,12.87,1.92,ml,43,72,0.03965,0.2,ci,ci41534568,2026-08-25T17:38:50.230Z,"18 km NW of Grapevine, CA",earthquake,0.23,0.49,0.13332072759844,19,reviewed,ci,ci
2026-08-23T21:41:09.350Z,35.076,-119.0465,13.97,1.31,ml,28,150,0.03518,0.18,ci,ci41534560,2026-08-25T22:54:19.013Z,"18 km NW of Grapevine, CA",earthquake,0.34,0.6,0.1639070505854,14,reviewed,ci,ci
2026-08-23T21:40:32.081Z,31.192,-103.032,1.8445,0.9,ml,16,71,0,0.1,tx,tx2026qpfaqr,2026-08-25T13:49:16.468Z,"6 km SSE of Coyanosa, Texas",earthquake,0.58968782285339,0.86916657084034,0.2,9,reviewed,tx,tx
2026-08-23T21:39:45.556Z,-21.6851,-179.0547,590.983,4.3,mb,38,165,4.773,0.78,us,us7000tcli,2026-08-30T01:18:33.040Z,Fiji region,earthquake,15.75,9.209,0.099,30,reviewed,us,us
2026-08-23T21:38:33.560Z,38.827499389648,-122.85216522217,2.1500000953674,0.7,md,13,95,0.003677,0.02,nc,nc75423817,2026-08-23T22:07:20.309Z,"10 km NW of The Geysers, CA",earthquake,0.31,0.550000012,0.1,14,automatic,nc,nc
2026-08-23T21:37:22.470Z,36.071333333333,-117.84033333333,2.71,1.19,ml,24,63,0.04763,0.15,ci,ci41534552,2026-08-24T14:08:19.483Z,"10 km ENE of Coso Junction, CA",earthquake,0.18,0.54,0.23623840420744,17,reviewed,ci,ci
2026-08-23T21:32:20.989Z,-10.7075,164.6414,10,5.2,mww,73,51,4.791,0.69,us,us6000tn0t,2026-08-30T01:03:22.040Z,"126 km W of Lata, Solomon Islands",earthquake,7.74,1.394,0.073,18,reviewed,us,us
2026-08-23T21:32:14.414Z,51.7992,-176.9805,80.217,3.2,ml,36,176,0.119,0.34,us,us6000tna1,2026-08-30T01:00:14.040Z,"25 km WSW of Adak, Alaska",earthquake,6.69,4.832,0.077,22,reviewed,us,us
2026-08-23T21:27:34.420Z,36.059666666667,-117.84433333333,3.62,0.55,ml,13,123,0.05842,0.09,ci,ci41534544,2026-08-27T18:50:37.041Z,"9 km E of Coso Junction, CA",earthquake,0.18,0.35,0.32344807542221,9,reviewed,ci,ci
2026-08-23T21:27:32.097Z,61.026,-151.269,72.6,1.5,ml,22,62,0.4,0.6,ak,aka2026qrwbir,2026-08-25T00:39:23.502Z,"8 km WSW of Tyonek, Alaska",earthquake,5.3,4.6822,0.2,13,reviewed,ak,ak
2026-08-23T21:27:23.740Z,36.068333333333,-117.85083333333,5.79,0.08,ml,5,149,0.04925,0.05,ci,ci10249582,2026-08-24T23:44:05.685Z,"9 km ENE of Coso Junction, CA",earthquake,0.32,0.7,0.15532428220598,3,reviewed,ci,ci
2026-08-23T21:27:01.392Z,-8.5046,119.9371,10,4.5,mb,19,102,3.472,0.76,us,us7000tclj,2026-08-30T00:56:25.040Z,"5 km E of Labuan Bajo, Indonesia",earthquake,7.74,1.91,0.145,14,reviewed,us,us
2026-08-23T21:21:10.970Z,36.0625,-117.83966666667,2.72,0.75,ml,18,64,0.05633,0.11,ci,ci41534536,2026-08-24T14:08:50.029Z,"10 km ENE of Coso Junction, CA",earthquake,0.18,0.66,0.14164953539985,12,reviewed,ci,ci
2026-08-23T21:20:15.850Z,-8.1851,120.8487,10,5.2,mb,71,44,3.333,0.73,us,us6000tn0s,2026-08-30T00:43:59.202Z,"63 km NE of Ruteng, Indonesia",earthquake,7.99,1.743,0.072,64,reviewed,us,us
2026-08-23T21:13:08.310Z,59.997166666667,-153.10716666667,0.39,-0.91,ml,4,114,0.02262,0.05,av,av94400253,2026-08-26T18:13:20.060Z,"60 km ENE of Pedro Bay, Alaska",earthquake,0.28,1.69,0.32281392591372,4,reviewed,av,av
2026-08-23T21:12:22.700Z,38.509833333333,-112.8855,3.04,1.15,md,8,104,0.00829,0.05,uu,uu80149956,2026-08-24T13:23:46.740Z,"16 km NE of Milford, Utah",earthquake,0.31,0.56,0.28489254071157,3,reviewed,uu,uu
2026-08-23T21:09:19.940Z,38.505166666667,-112.88866666667,2.64,1.1,md,11,92,0.003919,0.05,uu,uu80149951,2026-08-24T19:32:08.870Z,"16 km NE of Milford, Utah",earthquake,0.3,0.3,0.47904301603156,4,reviewed,uu,uu
2026-08-23T21:06:30.380Z,38.509,-112.88783333333,2.91,0.66,md,10,104,0.007117,0.06,uu,uu80149946,2026-08-24T19:28:31.330Z,"16 km NE of Milford, Utah",earthquake,0.33,0.41,0.57038682112341,3,reviewed,uu,uu
2026-08-23T21:04:49.709Z,56.306,-155.203,29.3,2.2,ml,18,141,0.5,0.8,ak,aka2026qrvhrf,2026-08-24T23:30:45.811Z,"95 km SW of Akhiok, Alaska",earthquake,19.7,12.6837,0.1,12,reviewed,ak,ak
2026-08-23T21:04:14.520Z,33.787,-116.99116666667,16.26,0.85,ml,30,65,0.07915,0.13,ci,ci41534520,2026-08-24T14:08:35.379Z,"3 km W of San Jacinto, CA",earthquake,0.26,0.39,0.17307045597287,24,reviewed,ci,ci
2026-08-23T20:57:06.459Z,32.13,-101.5,6.5674,2.2,ml,55,46,0.1,0.1,tx,tx2026qpdmpe,2026-08-24T15:50:00.610Z,"12 km W of Forsan, Texas",earthquake,0.39917850557325,0.89285627316812,0.2,72,reviewed,tx,tx
2026-08-23T20:41:45.280Z,37.12483215332,-121.54866790772,6.8200001716614,1.25,md,8,168,0.07314,0.07,nc,nc75423792,2026-08-23T23:22:20.844Z,"7 km NE of San Martin, CA",earthquake,0.69,1.88,0.16,7,automatic,nc,nc
2026-08-23T20:40:44.780Z,36.060666666667,-117.84,2.59,1.33,ml,25,49,0.05806,0.13,ci,ci41534512,2026-08-23T20:53:43.469Z,"10 km E of Coso Junction, CA",earthquake,0.15,0.19,0.24293927804979,18,reviewed,ci,ci
2026-08-23T20:38:14.973Z,-36.7356,-71.6087,102.487,4.5,mb,42,81,0.983,0.75,us,us6000tn0n,2026-08-23T21:01:36.040Z,"23 km ESE of Coihueco, Chile",earthquake,7.51,7.262,0.092,35,reviewed,us,us
2026-08-23T20:35:09.812Z,51.377,-176.091,28.3,2.6,ml,16,235,0.5,0.5,ak,aka2026qruhyn,2026-08-24T23:29:07.567Z,"66 km SE of Adak, Alaska",earthquake,9.4,4.1585,0.2,12,reviewed,ak,ak
2026-08-23T20:33:34.618Z,57.026,-156.646,2.5,2,ml,21,173,0.6,0.5,ak,aka2026qrugpc,2026-08-24T23:28:27.225Z,"70 km SE of Ugashik, Alaska",earthquake,6,3.2724,0.2,16,reviewed,ak,ak
2026-08-23T20:33:18.130Z,36.063666666667,-117.8365,2.88,0.84,ml,23,61,0.05582,0.13,ci,ci41534504,2026-08-23T20:54:00.220Z,"10 km ENE of Coso Junction, CA",earthquake,0.16,0.47,0.13962895240984,13,reviewed,ci,ci
2026-08-23T20:29:27.300Z,36.061333333333,-117.84033333333,2.61,1.47,ml,26,49,0.05735,0.14,ci,ci41534496,2026-08-23T20:54:04.279Z,"10 km E of Coso Junction, CA",earthquake,0.14,0.2,0.26824615626972,19,reviewed,ci,ci
2026-08-23T20:29:22.100Z,33.637,-116.7305,13.71,1.14,ml,54,28,0.0515,0.17,ci,ci41534488,2026-08-23T20:54:50.670Z,"11 km NNW of Anza, CA",earthquake,0.15,0.27,0.23298771247632,27,reviewed,ci,ci
2026-08-23T20:28:20.460Z,18.0995,-66.917,49.9,2.37,md,8,96,0.1289,0.08,pr,pr71529548,2026-08-23T20:51:50.870Z,"5 km ENE of Sabana Grande, Puerto Rico",earthquake,0.75,0.7,0.058368717301386,6,reviewed,pr,pr
2026-08-23T20:27:03.850Z,34.148333333333,-117.47766666667,12.01,1.08,ml,53,33,0.05744,0.21,ci,ci41534480,2026-08-23T20:54:46.100Z,"6 km NNW of Fontana, CA",earthquake,0.22,0.52,0.22793580303986,29,reviewed,ci,ci
2026-08-23T20:16:15.786Z,32.399,-101.709,4.0039,0.2,ml,17,70,0,0.2,tx,tx2026qpcfts,2026-08-25T13:27:40.706Z,"14 km S of Ackerly, Texas",earthquake,0.73268352775722,1.8769309460161,0.1,6,reviewed,tx,tx
2026-08-23T20:13:43.025Z,52.001,179.911,183.8,2.5,ml,22,178,0.2,0.8,ak,aka2026qrtpin,2026-08-24T23:26:11.482Z,"238 km W of Adak, Alaska",earthquake,24.2,4.3308,0.3,17,reviewed,ak,ak
2026-08-23T20:13:06.151Z,53.394,-165.267,16.3,2.1,ml,14,251,0.8,0.3,ak,aka2026qrtovp,2026-08-24T23:23:33.092Z,"88 km SSE of Akutan, Alaska",earthquake,7.7,6.1349,0.1,10,reviewed,ak,ak
2026-08-23T20:12:09.870Z,36.068166666667,-117.842,2.53,0.64,ml,16,66,0.0504,0.1,ci,ci41534456,2026-08-23T20:54:16.308Z,"10 km ENE of Coso Junction, CA",earthquake,0.15,0.16,0.13521050634756,5,reviewed,ci,ci
2026-08-23T20:09:26.740Z,36.064666666667,-117.8345,3.13,0.7,ml,20,60,0.05532,0.13,ci,ci41534448,2026-08-23T20:54:25.141Z,"10 km ENE of Coso Junction, CA",earthquake,0.2,0.43,0.1208614956967,8,reviewed,ci,ci
2026-08-23T20:06:35.560Z,33.655666666667,-116.71616666667,13.13,0.33,ml,18,90,0.05538,0.12,ci,ci41534440,2026-08-23T20:54:29.222Z,"9 km S of Idyllwild, CA",earthquake,0.28,0.45,0.23958009298718,7,reviewed,ci,ci
2026-08-23T20:04:35.460Z,33.651333333333,-116.71966666667,12.78,0.23,ml,13,80,0.04208,0.09,ci,ci41534432,2026-08-24T22:55:01.625Z,"10 km S of Idyllwild, CA",earthquake,0.29,0.57,0.074365966748339,3,reviewed,ci,ci
2026-08-23T20:04:02.840Z,61.304,-152.2575,14.28,-0.24,ml,5,226,0.06263,0.18,av,av94400193,2026-08-26T17:38:16.360Z,"65 km WNW of Beluga, Alaska",earthquake,3.05,1.33,0.075725476977782,5,reviewed,av,av
2026-08-23T19:56:47.314Z,-2.0711,100.6511,61.444,4.4,mb,28,177,3.235,0.72,us,us6000tn0j,2026-08-23T20:26:09.040Z,"82 km W of Sungai Penuh, Indonesia",earthquake,9.3,8.907,0.134,16,reviewed,us,us
2026-08-23T19:55:04.576Z,61.609,-150.942,71.9,2.5,ml,83,24,0.2,0.8,ak,aka2026qrszer,2026-08-24T23:21:33.342Z,"23 km WNW of Susitna, Alaska",earthquake,2,2.2515,0.2,59,reviewed,ak,ak
2026-08-23T19:53:14.013Z,37.4094,-114.8616,1.4505,1.81,ml,8,321,0.151,0.3892,nn,nn00923783,2026-08-23T19:55:35.320Z,"27 km E of Alamo, Nevada",earthquake,,6.2704,0.48,5,automatic,nn,nn
2026-08-23T19:52:30.450Z,61.308166666667,-152.346,2.21,-0.11,ml,9,143,0.05084,0.29,av,av94400173,2026-08-25T23:56:54.960Z,"70 km WNW of Tyonek, Alaska",earthquake,0.77,2.06,0.088001223296762,8,reviewed,av,av
2026-08-23T19:49:11.317Z,57.278,-155.476,64.2,1.8,ml,15,166,0.6,0.4,ak,aka2026qrstxg,2026-08-24T23:19:06.052Z,"69 km WSW of Karluk, Alaska",earthquake,6.3,7.0464,0.2,13,reviewed,ak,ak
2026-08-23T19:48:17.230Z,48.121833333333,-121.61933333333,12.46,0.69,md,5,108,0.122,0.15,uw,uw714084642,2026-08-24T22:27:58.080Z,"12 km ENE of Verlot, Washington",earthquake,0.55,1.41,0.02108725458173,5,reviewed,uw,uw
2026-08-23T19:37:45.011Z,61.026,-150.704,10,1.6,ml,24,73,0.4,0.7,ak,aka2026qrskeg,2026-08-24T23:16:59.716Z,"11 km N of Point Possession, Alaska",earthquake,2.8,2.178,0.2,18,reviewed,ak,ak
2026-08-23T19:26:52.584Z,51.896,-169.263,3.3,2.3,ml,11,253,0.9,0.5,ak,aka2026qrsasx,2026-08-24T23:15:11.924Z,"119 km SSW of Nikolski, Alaska",earthquake,12.5,6.3486,0.1,9,reviewed,ak,ak
2026-08-23T19:24:29.832Z,61.342,-150.856,60.9,1.6,ml,41,45,0.1,0.8,ak,aka2026qrryrf,2026-08-24T23:14:15.762Z,"25 km NNE of Beluga, Alaska",earthquake,2.6,3.0147,0.1,30,reviewed,ak,ak
2026-08-23T19:18:21.722Z,53.453,-167.404,15.1,2,ml,26,185,0.3,0.4,ak,aka2026qrrtbl,2026-08-25T23:27:54.110Z,"74 km SW of Unalaska, Alaska",earthquake,12.4,3.0866,0.2,19,reviewed,ak,ak
2026-08-23T19:15:21.650Z,33.159666666667,-116.518,6.76,0.5,ml,21,64,0.103,0.13,ci,ci41534424,2026-08-23T20:55:44.664Z,"12 km NE of Julian, CA",earthquake,0.16,0.51,0.14212349143699,7,reviewed,ci,ci
2026-08-23T19:08:17.990Z,19.152500152588,-155.50799560547,28.450000762939,1.77,md,20,254,0.09575,0.129999995,hv,hv75022932,2026-08-23T19:11:55.710Z,"6 km SSW of Pāhala, Hawaii",earthquake,1.19,1.09000003,0.23970969752634,13,automatic,hv,hv
2026-08-23T18:59:59.361Z,62.26,-151.137,79.9,1.7,ml,32,41,0.3,0.6,ak,aka2026qrrdlm,2026-08-24T23:00:11.253Z,"32 km SW of Petersville, Alaska",earthquake,2.9,3.3389,0.2,24,reviewed,ak,ak
2026-08-23T18:58:19.803Z,56.918,-156.212,3.5,2,ml,20,189,0.7,0.6,ak,aka2026qrrbzt,2026-08-24T22:22:01.964Z,"97 km SE of Ugashik, Alaska",earthquake,7.9,3.1384,0.2,13,reviewed,ak,ak
2026-08-23T18:57:38.731Z,5.7891,126.1936,9.989,4.7,mb,48,109,1.411,0.5,us,us6000tn0a,2026-08-23T19:15:52.040Z,"61 km ESE of Mangili, Philippines",earthquake,9.6,4.461,0.076,52,reviewed,us,us
2026-08-23T18:56:07.770Z,19.193666666667,-155.53916666667,0.06,2.14,ml,39,145,0.06636,0.2,hv,hv75022927,2026-08-25T02:17:51.160Z,"6 km W of Pāhala, Hawaii",earthquake,0.38,0.17,0.23683048624831,18,reviewed,hv,hv
2026-08-23T18:39:41.700Z,35.3095,-117.80183333333,7.55,0.85,ml,21,100,0.05529,0.16,ci,ci41534416,2026-08-23T20:55:27.798Z,"17 km WSW of Johannesburg, CA",earthquake,0.26,0.56,0.082923478715142,10,reviewed,ci,ci
2026-08-23T18:37:21.710Z,61.725,-150.857,66.8,1.4,ml,19,82,0.3,0.6,ak,aka2026qrqjuv,2026-08-24T20:15:45.519Z,"27 km NW of Susitna, Alaska",earthquake,4.8,4.4605,0.1,13,reviewed,ak,ak
2026-08-23T18:30:55.040Z,33.958833333333,-117.1475,16.58,1.55,ml,76,18,0.02392,0.17,ci,ci41534400,2026-08-23T20:51:05.051Z,"8 km ENE of Moreno Valley, CA",earthquake,0.13,0.34,0.17209330483218,68,reviewed,ci,ci
2026-08-23T18:30:27.670Z,33.9585,-117.1515,16.94,0.77,ml,37,64,0.08336,0.14,ci,ci41534392,2026-08-28T23:43:37.557Z,"8 km ENE of Moreno Valley, CA",earthquake,0.18,0.48,0.15442027844475,29,reviewed,ci,ci
2026-08-23T18:29:53.050Z,44.488,-110.53233333333,2.25,1.58,md,6,137,0.06472,0.17,uu,uu80149936,2026-08-24T19:21:04.310Z,"49 km ESE of West Yellowstone, Montana",earthquake,0.66,11.25,0.13190583205737,3,reviewed,uu,uu
2026-08-23T18:29:01.050Z,46.206,-122.15466666667,7,0.72,md,12,122,0.02219,0.08,uw,uw714084542,2026-08-24T18:19:21.140Z,"39 km NE of Amboy, Washington",earthquake,0.45,0.6,0.43263339677517,8,reviewed,uw,uw
2026-08-23T18:27:28.530Z,36.062833333333,-117.8415,2.71,2,ml,31,41,0.05569,0.14,ci,ci41534384,2026-08-23T18:40:46.140Z,"10 km ENE of Coso Junction, CA",earthquake,0.14,0.2,0.24576648857752,26,reviewed,ci,ci
2026-08-23T18:26:39.779Z,43.4143,-127.2419,10,2.7,ml,24,293,1.72,0.59,us,us6000tn01,2026-08-23T18:48:40.040Z,"232 km W of Bandon, Oregon",earthquake,8.71,2.025,0.043,70,reviewed,us,us
2026-08-23T18:26:15.760Z,36.065,-117.84083333333,2.95,1.65,ml,28,50,0.05369,0.13,ci,ci41534376,2026-08-23T18:40:48.862Z,"10 km ENE of Coso Junction, CA",earthquake,0.15,0.38,0.29325790443623,23,reviewed,ci,ci
2026-08-23T18:25:48.950Z,36.066333333333,-117.8455,4.29,0.91,ml,14,123,0.0517,0.11,ci,ci41534368,2026-08-23T18:40:44.769Z,"10 km ENE of Coso Junction, CA",earthquake,0.22,0.28,0.2298795470725,5,reviewed,ci,ci
2026-08-23T18:25:19.670Z,34.527333333333,-120.47933333333,5.52,1.65,ml,29,157,0.03161,0.27,ci,ci41534360,2026-08-23T20:29:19.899Z,"13 km S of Lompoc, CA",earthquake,0.46,0.67,0.12322060826869,21,reviewed,ci,ci
2026-08-23T18:21:30.390Z,36.069833333333,-117.84483333333,2.76,0.64,ml,16,68,0.04833,0.13,ci,ci41534352,2026-08-23T18:40:52.790Z,"10 km ENE of Coso Junction, CA",earthquake,0.19,0.67,0.15058585564226,7,reviewed,ci,ci
2026-08-23T18:18:10.070Z,36.060833333333,-117.84333333333,3.58,0.78,ml,18,67,0.05739,0.11,ci,ci41534344,2026-08-23T18:45:15.481Z,"10 km E of Coso Junction, CA",earthquake,0.16,0.29,0.25886515698668,8,reviewed,ci,ci
2026-08-23T18:17:26.778Z,52.068,-169.463,22.5,3,ml,31,224,0.7,0.4,ak,aka2026qrpslf,2026-08-24T19:56:04.131Z,"105 km SSW of Nikolski, Alaska",earthquake,13.7,8.078,0.1,25,reviewed,ak,ak
2026-08-23T18:16:06.650Z,46.7465,-121.94883333333,-0.92,0.1,md,15,247,0.05322,0.11,uw,uw714084532,2026-08-24T22:21:20.690Z,"6 km ESE of Ashford, Washington",earthquake,0.62,1.22,0.35705772202267,16,reviewed,uw,uw
2026-08-23T18:13:30.952Z,53.412,-167.365,9.6,2.1,ml,28,190,0.3,0.4,ak,aka2026qrppdv,2026-08-25T23:00:21.470Z,"75 km SW of Unalaska, Alaska",earthquake,9.1,3.8427,0.2,22,reviewed,ak,ak
2026-08-23T18:08:19.260Z,44.483166666667,-110.51633333333,2.31,0.56,ml,7,95,0.06902,0.16,uu,uu80149931,2026-08-24T19:19:33.070Z,"50 km ESE of West Yellowstone, Montana",earthquake,0.48,31.61,0.11968959416912,2,reviewed,uu,uu
2026-08-23T18:02:54.570Z,36.064,-117.83833333333,2.83,0.73,ml,15,62,0.05512,0.11,ci,ci41534336,2026-08-23T18:42:33.013Z,"10 km ENE of Coso Junction, CA",earthquake,0.19,0.66,0.2034498190142,5,reviewed,ci,ci
2026-08-23T17:56:45.430Z,36.059,-117.8465,2.73,0.77,ml,19,70,0.05885,0.14,ci,ci41534328,2026-08-23T18:42:37.050Z,"9 km E of Coso Junction, CA",earthquake,0.2,0.65,0.12728723890336,8,reviewed,ci,ci
2026-08-23T17:56:30.373Z,-23.1294,-66.457,224.789,4.5,mb,38,90,1.596,0.75,us,us6000tmzy,2026-08-23T18:15:24.040Z,"80 km W of El Aguilar, Argentina",earthquake,7.31,6.705,0.099,30,reviewed,us,us
2026-08-23T17:51:19.530Z,60.0715,-153.00683333333,32.34,-0.18,ml,4,200,0.01443,0.07,av,av94400033,2026-08-25T22:44:50.510Z,"69 km ENE of Pedro Bay, Alaska",earthquake,2.13,0.86,0.34387324864127,5,reviewed,av,av
2026-08-23T17:45:38.450Z,36.058666666667,-117.842,2.73,0.7,ml,18,66,0.05971,0.12,ci,ci41534320,2026-08-23T18:42:49.801Z,"10 km E of Coso Junction, CA",earthquake,0.23,0.76,0.19631131306377,5,reviewed,ci,ci
2026-08-23T17:30:39.580Z,46.952666666667,-121.57033333333,3.27,0.6,ml,18,120,0.05137,0.1,uw,uw714084512,2026-08-24T17:55:43.130Z,"23 km SSE of Greenwater, Washington",earthquake,0.21,0.85,0.060804722379274,2,reviewed,uw,uw
2026-08-23T17:29:28.672Z,58.286,-153.716,74.2,1.9,ml,38,79,0.5,0.4,ak,aka2026qrocyo,2026-08-24T19:53:37.114Z,"53 km WNW of Aleneva, Alaska",earthquake,4.1,3.46,0.2,26,reviewed,ak,ak
2026-08-23T17:28:15.940Z,33.758666666667,-118.33016666667,14.19,1.41,ml,11,158,0.01879,0.18,ci,ci41534312,2026-08-24T22:47:12.208Z,"2 km E of Rolling Hills, CA",earthquake,1.07,0.58,0.38345381974196,10,reviewed,ci,ci
2026-08-23T17:26:56.203Z,51.853,-176.615,10.3,1.9,ml,15,171,0.1,0.4,ak,aka2026qroatl,2026-08-25T22:34:49.730Z,"2 km SSE of Adak, Alaska",earthquake,10.2,2.1745,0.3,12,reviewed,ak,ak
2026-08-23T17:26:54.330Z,38.513166666667,-112.88683333333,1.96,0.98,md,11,108,0.004837,0.07,uu,uu80149926,2026-08-24T19:16:41.060Z,"16 km NE of Milford, Utah",earthquake,0.36,0.45,0.63053571399189,3,reviewed,uu,uu
2026-08-23T17:25:49.890Z,38.835998535156,-122.78983306885,1.8700000047684,1.51,md,25,95,0.00244,0.03,nc,nc75423667,2026-08-23T18:57:20.081Z,"6 km WNW of Cobb, CA",earthquake,0.2,0.300000012,0.14,26,automatic,nc,nc
2026-08-23T17:23:29.822Z,-58.7481,-25.264,35,4.9,mb,56,69,7.648,0.75,us,us6000tmzw,2026-08-23T17:38:53.040Z,South Sandwich Islands region,earthquake,11.71,1.924,0.072,61,reviewed,us,us
2026-08-23T17:23:23.860Z,19.233,-155.34916666667,29.76,2.1,ml,51,156,0.04589,0.12,hv,hv75022887,2026-08-24T19:10:22.760Z,"14 km ENE of Pāhala, Hawaii",earthquake,0.35,0.38,0.23829243207917,20,reviewed,hv,hv
2026-08-23T17:23:22.860Z,36.0645,-117.84183333333,2.72,0.62,ml,17,65,0.05401,0.12,ci,ci41534304,2026-08-23T18:43:06.481Z,"10 km ENE of Coso Junction, CA",earthquake,0.17,0.63,0.1836578788211,7,reviewed,ci,ci
2026-08-23T17:23:16.420Z,54.428166666667,-164.51416666667,9.16,0.44,ml,4,313,0.06107,0.04,av,av94399998,2026-08-25T22:22:47.680Z,"85 km SW of False Pass, Alaska",earthquake,1.5,0.48,0.20269812305227,4,reviewed,av,av
2026-08-23T17:19:13.880Z,36.058666666667,-117.84066666667,2.7,0.65,ml,18,58,0.0599,0.13,ci,ci41534296,2026-08-23T18:43:10.497Z,"10 km E of Coso Junction, CA",earthquake,0.19,0.71,0.13635455216921,8,reviewed,ci,ci
2026-08-23T17:17:06.850Z,60.011166666667,-152.81866666667,-0.09,0.04,ml,4,316,0.1005,0.11,av,av94399988,2026-08-25T22:16:47.270Z,"61 km W of Happy Valley, Alaska",earthquake,0.83,0.48,0.14274877223552,4,reviewed,av,av
2026-08-23T17:16:11.050Z,33.418,-116.64166666667,6.73,0.25,ml,27,42,0.08331,0.13,ci,ci41534288,2026-08-23T18:43:29.320Z,"15 km N of Warner Springs, CA",earthquake,0.17,0.35,0.09517651482677,6,reviewed,ci,ci
2026-08-23T17:08:15.432Z,43.5369,-110.7567,5,2.2,ml,47,75,0.077,0.29,us,us6000tmzs,2026-08-24T13:23:42.074Z,"6 km N of Jackson, Wyoming",earthquake,1.66,1.607,0.038,92,reviewed,us,us
2026-08-23T17:07:35.560Z,59.989833333333,-153.17816666667,-0.99,0.01,ml,5,254,0.01913,0.17,av,av94399983,2026-08-25T22:06:16.630Z,"56 km ENE of Pedro Bay, Alaska",earthquake,0.85,4.02,0.29482901628743,5,reviewed,av,av
2026-08-23T16:59:58.529Z,52.569,-169.403,17.3,1.9,ml,9,266,0.3,0.5,ak,aka2026qrndkm,2026-08-25T22:00:45.260Z,"55 km SW of Nikolski, Alaska",earthquake,14,4.8409,0.3,6,reviewed,ak,ak
2026-08-23T16:53:27.040Z,33.9025,-116.16466666667,5.24,0.87,ml,38,59,0.02402,0.14,ci,ci41534280,2026-08-23T18:45:50.840Z,"21 km NNE of Indio, CA",earthquake,0.2,0.31,0.13354554564848,18,reviewed,ci,ci
2026-08-23T16:51:45.770Z,35.308,-117.81833333333,9.19,1.11,ml,35,65,0.04631,0.16,ci,ci41534272,2026-08-23T18:44:16.131Z,"18 km WSW of Johannesburg, CA",earthquake,0.2,0.39,0.16397198830902,17,reviewed,ci,ci
2026-08-23T16:51:03.450Z,36.065833333333,-117.83816666667,2.62,1.09,ml,25,50,0.05338,0.15,ci,ci41534264,2026-08-23T18:44:31.879Z,"10 km ENE of Coso Junction, CA",earthquake,0.16,0.22,0.24635466692015,18,reviewed,ci,ci
2026-08-23T16:47:33.080Z,35.306666666667,-117.81983333333,9.26,1.09,ml,29,74,0.04455,0.18,ci,ci41534256,2026-08-23T18:44:34.974Z,"18 km WSW of Johannesburg, CA",earthquake,0.25,0.47,0.13276611523299,16,reviewed,ci,ci
2026-08-23T16:46:02.320Z,38.505833333333,-112.88783333333,2.44,0.83,md,9,97,0.00435,0.06,uu,uu80149881,2026-08-24T18:47:28.000Z,"16 km NE of Milford, Utah",earthquake,0.39,0.42,0.72518134799905,3,reviewed,uu,uu
2026-08-23T16:43:41.450Z,38.5065,-112.88833333333,2.52,0.76,md,13,105,0.00509,0.05,uu,uu80149876,2026-08-24T18:24:08.280Z,"16 km NE of Milford, Utah",earthquake,0.31,0.24,0.19602607074179,6,reviewed,uu,uu
2026-08-23T16:42:21.071Z,61.81,-149.539,0.7,1.9,ml,32,77,0.2,0.6,ak,aka2026qrmocf,2026-08-24T19:44:23.686Z,"17 km WNW of Fishhook, Alaska",earthquake,2.4,2.2756,0.2,25,reviewed,ak,ak
2026-08-23T16:37:45.870Z,38.81583404541,-122.81716918945,2.5099999904633,0.82,md,8,120,0.009366,0.01,nc,nc75423657,2026-08-23T18:27:22.876Z,"7 km NW of The Geysers, CA",earthquake,0.76,1.08000004,0.14,8,automatic,nc,nc
2026-08-23T16:37:41.130Z,38.815166473389,-122.81683349609,2.8699998855591,1.31,md,11,91,0.009767,0.01,nc,nc75423652,2026-08-23T18:07:22.745Z,"7 km NW of The Geysers, CA",earthquake,0.37,0.839999974,0.18,12,automatic,nc,nc
2026-08-23T16:37:30.880Z,36.067833333333,-117.84016666667,2.58,0.65,ml,21,64,0.05105,0.15,ci,ci41534248,2026-08-23T18:44:39.020Z,"10 km ENE of Coso Junction, CA",earthquake,0.18,0.22,0.16737150090593,5,reviewed,ci,ci
2026-08-23T16:36:15.059Z,42.1645,142.8974,60.411,4.5,mb,48,72,0.244,1.13,us,us6000tmzm,2026-08-30T14:51:46.040Z,"4 km NNW of Honchō, Japan",earthquake,7.3,6.608,0.104,28,reviewed,us,us
2026-08-23T16:35:14.190Z,36.06,-117.85,2.21,1.07,ml,27,50,0.0576,0.21,ci,ci41534240,2026-08-23T18:45:00.846Z,"9 km E of Coso Junction, CA",earthquake,0.22,0.26,0.29682907033187,19,reviewed,ci,ci
2026-08-23T16:24:03.490Z,53.354166666667,-168.152,8.44,-0.36,ml,5,257,0.006337,0.3,av,av94399938,2026-08-25T20:54:10.530Z,"66 km NE of Nikolski, Alaska",earthquake,2.79,1.52,0.15148670100104,4,reviewed,av,av
2026-08-23T16:07:30.870Z,33.411,-116.64366666667,5.37,0.57,ml,46,35,0.09039,0.19,ci,ci41534232,2026-08-23T18:44:52.872Z,"14 km N of Warner Springs, CA",earthquake,0.17,0.74,0.11003623246402,14,reviewed,ci,ci
2026-08-23T15:54:47.490Z,38.83466720581,-122.78316497803,1.9199999570847,1.05,md,12,132,0.006738,0.03,nc,nc75423632,2026-08-23T17:07:22.419Z,"5 km WNW of Cobb, CA",earthquake,0.35,0.540000021,0.22,13,automatic,nc,nc
2026-08-23T15:54:28.340Z,32.916,-116.242,7.51,0.86,ml,40,57,0.06439,0.17,ci,ci41534224,2026-08-23T18:45:56.490Z,"27 km SSW of Ocotillo Wells, CA",earthquake,0.2,0.46,0.18999460655956,15,reviewed,ci,ci
2026-08-23T15:53:47.875Z,61.404,-140.074,6.4,1.6,ml,17,113,0.4,0.4,ak,aka2026qrkxzq,2026-08-24T19:41:44.538Z,"152 km SSE of Alcan Border, Alaska",earthquake,3.5,2.5539,0.1,13,reviewed,ak,ak
2026-08-23T15:51:48.569Z,60.143,-152.426,102.1,1.7,ml,46,71,0.1,0.5,ak,aka2026qrkwgd,2026-08-24T19:38:04.855Z,"43 km WNW of Ninilchik, Alaska",earthquake,4.6,2.1345,0.3,33,reviewed,ak,ak
2026-08-23T15:38:55.340Z,60.085166666667,-153.07883333333,0.77,-0.35,ml,5,286,0.02894,0.25,av,av94399898,2026-08-25T20:09:38.060Z,"66 km ENE of Pedro Bay, Alaska",earthquake,1.41,0.52,0.1759732732022,5,reviewed,av,av
2026-08-23T15:31:45.100Z,48.123166666667,-121.6105,12.3,0.76,md,8,98,0.1203,0.14,uw,uw714084372,2026-08-23T16:57:54.890Z,"13 km ENE of Verlot, Washington",earthquake,0.53,1.06,0.11438967936349,7,reviewed,uw,uw
2026-08-23T15:15:45.919Z,31.106,-103.341,5.1257,1.1,ml,13,86,0,0.3,tx,tx2026qoshby,2026-08-24T16:32:40.295Z,"30 km WSW of Coyanosa, Texas",earthquake,1.9638379402937,1.7149630992191,0.1,13,reviewed,tx,tx
2026-08-23T15:08:27.688Z,53.7362,-164.8067,35,2.7,ml,24,204,0.646,0.36,us,us6000tmzi,2026-08-24T20:11:07.040Z,"77 km SE of Akutan, Alaska",earthquake,4.84,2.015,0.097,14,reviewed,us,us
2026-08-23T15:07:49.000Z,56.023666666667,-159.54716666667,12.58,0.25,ml,4,267,0.04839,0.24,av,av93066244,2026-08-25T23:22:53.590Z,"14 km NNW of Ivanof Bay, Alaska",earthquake,1.77,1.54,0.077089664419323,4,reviewed,av,av
2026-08-23T14:58:00.126Z,57.098,-156.035,76.8,1.8,ml,15,181,0.6,0.4,ak,aka2026qrjbqa,2026-08-24T19:34:02.578Z,"94 km ESE of Ugashik, Alaska",earthquake,11,6.9366,0.1,10,reviewed,ak,ak
2026-08-23T14:54:08.900Z,46.751833333333,-121.9515,1.03,0.08,md,16,236,0.02659,0.07,uw,uw714084272,2026-08-24T17:45:36.060Z,"6 km E of Ashford, Washington",earthquake,0.34,1.41,0.33815417144291,15,reviewed,uw,uw
2026-08-23T14:53:14.630Z,44.446,-111.01533333333,7.53,1.48,ml,17,132,0.1287,0.22,uu,uu80149861,2026-08-24T13:17:05.930Z,"25 km SSE of West Yellowstone, Montana",earthquake,0.81,1.28,0.13251992439423,7,reviewed,uu,uu
2026-08-23T14:47:48.919Z,51.735,177.36,80.3,3.3,ml,18,192,0.7,0.6,ak,aka2026qrirzq,2026-08-24T19:32:45.469Z,"Rat Islands, Aleutian Islands, Alaska",earthquake,20.4,6.0628,0.1,12,reviewed,ak,ak
2026-08-23T14:46:42.243Z,51.9075,176.2953,67.185,3.5,ml,15,197,1.373,1.21,us,us6000tn83,2026-08-24T20:08:21.040Z,"236 km ESE of Attu Station, Alaska",earthquake,8.48,29.238,0.097,14,reviewed,us,us
2026-08-23T14:42:18.570Z,35.314833333333,-117.80533333333,7.02,0.98,ml,29,100,0.05774,0.23,ci,ci41534200,2026-08-23T14:53:49.884Z,"17 km WSW of Johannesburg, CA",earthquake,0.32,0.58,0.084745593537458,11,reviewed,ci,ci
2026-08-23T14:41:07.880Z,35.312166666667,-117.81016666667,7.57,1.1,ml,30,69,0.05332,0.19,ci,ci41534192,2026-08-23T14:53:53.915Z,"17 km WSW of Johannesburg, CA",earthquake,0.24,0.57,0.16536375985902,18,reviewed,ci,ci
2026-08-23T14:31:49.570Z,35.311666666667,-117.80016666667,6.44,1.23,ml,38,57,0.05782,0.17,ci,ci41534184,2026-08-23T14:54:23.784Z,"16 km WSW of Johannesburg, CA",earthquake,0.19,0.45,0.13711476539573,24,reviewed,ci,ci
2026-08-23T14:28:53.500Z,38.810001373291,-122.78233337402,0.87999999523163,0.29,md,8,136,0.01033,0.01,nc,nc75423627,2026-08-23T14:52:24.445Z,"4 km NNW of The Geysers, CA",earthquake,0.55,1.12,0.2,8,automatic,nc,nc
2026-08-23T14:24:15.140Z,36.062333333333,-117.839,2.74,0.78,ml,21,63,0.05661,0.12,ci,ci41534176,2026-08-23T14:54:31.847Z,"10 km E of Coso Junction, CA",earthquake,0.16,0.56,0.20631907832994,11,reviewed,ci,ci
2026-08-23T14:21:31.000Z,36.065666666667,-117.84266666667,2.67,0.66,ml,17,67,0.05274,0.16,ci,ci41534168,2026-08-23T14:54:27.828Z,"10 km ENE of Coso Junction, CA",earthquake,0.23,0.88,0.13139376971639,4,reviewed,ci,ci
2026-08-23T14:20:53.110Z,60.636666666667,-152.70983333333,11.37,-0.21,ml,6,269,0.04684,0.09,av,av94399838,2026-08-25T19:24:33.110Z,"76 km W of Salamatof, Alaska",earthquake,0.71,0.56,0.16504136336815,6,reviewed,av,av
2026-08-23T14:16:33.883Z,31.686,-104.307,9.599,1.5,ml,33,65,0,0.3,tx,tx2026qoqiby,2026-08-24T15:44:27.199Z,"54 km S of Whites City, New Mexico",earthquake,0.42899832312927,0.58482625234235,0.1,19,reviewed,tx,tx
2026-08-23T14:08:56.712Z,51.377,-175.436,26.4,2.4,ml,18,242,0.7,0.6,ak,aka2026qrhlcq,2026-08-24T19:27:32.804Z,"99 km SE of Adak, Alaska",earthquake,9.5,4.2918,0.1,14,reviewed,ak,ak
2026-08-23T14:06:23.710Z,34.087833333333,-116.41266666667,6.57,1.12,ml,48,46,0.02641,0.17,ci,ci41534160,2026-08-23T14:56:24.710Z,"3 km SSE of Yucca Valley, CA",earthquake,0.17,0.39,0.11890601081901,28,reviewed,ci,ci
2026-08-23T14:05:58.585Z,-7.0152,155.382,10,4.7,mb,51,94,4.258,1.01,us,us6000tmzd,2026-08-30T14:25:50.040Z,"78 km S of Panguna, Papua New Guinea",earthquake,10.52,1.809,0.078,49,reviewed,us,us
2026-08-23T14:01:23.362Z,52.146,-170.421,20.7,2.7,ml,20,219,0.7,0.7,ak,aka2026qrhenk,2026-08-24T19:22:44.680Z,"137 km SW of Nikolski, Alaska",earthquake,13.6,5.07,0.1,15,reviewed,ak,ak
2026-08-23T13:59:49.919Z,62.21,-147.88,29.5,1.9,ml,25,80,0.4,0.8,ak,aka2026qrhdlq,2026-08-24T19:12:48.994Z,"46 km NNW of Glacier View, Alaska",earthquake,3.5,2.0182,0.4,7,reviewed,ak,ak
2026-08-23T13:54:54.600Z,46.0315,-122.42683333333,16.75,0.76,md,14,124,0.09916,0.2,uw,uw714084222,2026-08-24T22:08:32.800Z,"13 km N of Amboy, Washington",earthquake,0.98,0.84,0.3426156116203,10,reviewed,uw,uw
2026-08-23T13:50:28.449Z,32.229,-101.909,5.7373,0.2,ml,13,65,0,0.1,tx,tx2026qoplow,2026-08-24T18:35:03.475Z,"15 km NW of Stanton, Texas",earthquake,0.63719820740119,0.58319687038549,0.3,6,reviewed,tx,tx
2026-08-23T13:44:53.389Z,41.8495,142.802,41,6,mww,136,101,0.312,0.78,us,us6000tmz6,2026-08-29T21:49:33.051Z,"32 km SSW of Honchō, Japan",earthquake,6.25,0.845,0.048,42,reviewed,us,us
2026-08-23T13:44:11.260Z,35.497833251953,-120.79650115967,6.6799998283386,1.16,md,10,104,0.08613,0.06,nc,nc75423612,2026-08-23T16:17:24.018Z,"10 km SW of Templeton, CA",earthquake,0.87,2.01999998,0.16,6,automatic,nc,nc
2026-08-23T13:37:54.080Z,32.535,-115.65333333333,9.25,1.84,ml,35,46,0.06074,0.22,ci,ci41534152,2026-08-23T18:24:11.106Z,"8 km SW of Progreso, B.C., MX",earthquake,0.26,0.57,0.21965356324124,34,reviewed,ci,ci
2026-08-23T13:37:34.432Z,58.936,-152.16,64.5,2.5,ml,94,124,0.3,0.6,ak,aka2026qrgjis,2026-08-24T19:01:05.729Z,"48 km SSW of Nanwalek, Alaska",earthquake,2.7,2.8999,0.2,67,reviewed,ak,ak
2026-08-23T13:34:44.110Z,33.998333333333,-116.97833333333,10.84,0.69,ml,32,43,0.1013,0.12,ci,ci41534144,2026-08-23T14:55:01.224Z,"7 km E of Calimesa, CA",earthquake,0.13,0.53,0.17885141899114,19,reviewed,ci,ci
2026-08-23T13:29:20.290Z,36.063833333333,-117.8345,2.67,1.08,ml,14,60,0.05611,0.07,ci,ci10249478,2026-08-23T15:20:57.142Z,"10 km ENE of Coso Junction, CA",earthquake,0.14,0.69,0.41407023112151,6,reviewed,ci,ci
2026-08-23T13:29:09.990Z,36.062333333333,-117.84066666667,2.48,1.07,ml,23,65,0.05632,0.16,ci,ci41534136,2026-08-23T15:21:14.700Z,"10 km ENE of Coso Junction, CA",earthquake,0.2,0.25,0.17940139362338,18,reviewed,ci,ci
2026-08-23T13:29:08.000Z,60.4755,-152.81116666667,4.07,-1.25,ml,5,145,0.01968,0.08,av,av94399793,2026-08-25T19:12:33.380Z,"79 km NW of Ninilchik, Alaska",earthquake,0.58,0.8,0.15660759783375,5,reviewed,av,av
2026-08-23T13:26:38.210Z,36.066333333333,-117.8395,2.72,1.02,ml,25,50,0.05263,0.15,ci,ci41534128,2026-08-23T14:55:56.460Z,"10 km ENE of Coso Junction, CA",earthquake,0.18,0.58,0.16281065099293,14,reviewed,ci,ci
2026-08-23T13:23:41.250Z,58.2905,-154.9885,4.06,0.41,ml,12,129,0.04025,0.22,av,av94399783,2026-08-25T19:06:32.000Z,"86 km NNW of Karluk, Alaska",earthquake,0.39,0.81,0.24134145898673,12,reviewed,av,av
2026-08-23T13:22:25.727Z,32.46,-102.034,8.667,0.9,ml,23,95,0.1,0.2,tx,tx2026qoonlh,2026-08-24T16:16:21.381Z,"30 km SSW of Los Ybanez, Texas",earthquake,0.62883848289743,0.83042641637729,0.2,13,reviewed,tx,tx
2026-08-23T13:21:11.020Z,36.984832763672,-121.64533233643,4.3099999427795,1.75,md,19,52,0.05477,0.1,nc,nc75423602,2026-08-23T15:47:25.809Z,"7 km WSW of Gilroy, CA",earthquake,0.3,0.560000002,0.14,19,automatic,nc,nc
2026-08-23T13:13:02.270Z,36.069166666667,-117.83533333333,3.01,1.19,ml,16,62,0.05084,0.06,ci,ci41534120,2026-08-23T14:55:48.744Z,"11 km ENE of Coso Junction, CA",earthquake,0.12,0.31,0.079144321759794,2,reviewed,ci,ci
2026-08-23T13:12:45.130Z,36.069,-117.84333333333,2.37,0.91,ml,20,67,0.04937,0.14,ci,ci41534112,2026-08-23T14:55:52.876Z,"10 km ENE of Coso Junction, CA",earthquake,0.17,0.2,0.19268732582888,12,reviewed,ci,ci
2026-08-23T13:12:11.604Z,31.686,-104.31,9.7272,2,ml,34,65,0,0.2,tx,tx2026qoocuv,2026-08-24T14:42:28.139Z,"54 km S of Whites City, New Mexico",earthquake,0.37118665699162,0.68319199771611,0.1,27,reviewed,tx,tx
2026-08-23T12:57:48.020Z,35.539166666667,-118.14166666667,2.65,0.79,ml,26,59,0.1764,0.15,ci,ci41534104,2026-08-23T14:56:06.961Z,"31 km ESE of Lake Isabella, CA",earthquake,0.16,0.77,0.17798560800456,9,reviewed,ci,ci
2026-08-23T12:54:19.792Z,53.056,-164.717,1.4,2.4,ml,16,250,1.2,0.5,ak,aka2026qreypx,2026-08-24T18:55:53.060Z,"138 km SSE of Akutan, Alaska",earthquake,11.4,5.0635,0.1,10,reviewed,ak,ak
2026-08-23T12:53:31.190Z,35.31,-117.80616666667,7.79,1.03,ml,34,97,0.05345,0.26,ci,ci41534096,2026-08-23T14:56:11.063Z,"17 km WSW of Johannesburg, CA",earthquake,0.33,0.76,0.13756766697316,17,reviewed,ci,ci
2026-08-23T12:50:29.604Z,62.898,-150.805,101.1,3.1,ml,164,26,0.4,0.9,ak,aka2026qrevbe,2026-08-24T18:52:19.735Z,"44 km N of Petersville, Alaska",earthquake,1.7,1.7785,0.2,121,reviewed,ak,ak
2026-08-23T12:48:51.860Z,58.347666666667,-155.97366666667,9.44,0.34,ml,12,200,0.09597,0.24,av,av94399703,2026-08-25T18:57:31.450Z,"55 km SE of King Salmon, Alaska",earthquake,0.67,0.36,0.23073137514421,12,reviewed,av,av
2026-08-23T12:48:12.589Z,34.88316667,-96.31416667,18.11,0.76,ml,22,114,0.1754655677,0.11,ok,ok2026qmnb,2026-08-24T14:14:52.637Z,"5 km NNW of Gerty, Oklahoma",earthquake,,0.7,0.2,11,reviewed,ok,ok
2026-08-23T12:47:29.950Z,52.136333333333,-176.2295,3.24,1.27,ml,5,313,0.05351,0.07,av,av94399698,2026-08-25T18:44:30.720Z,"40 km NE of Adak, Alaska",earthquake,0.79,1.28,0.31154922275939,6,reviewed,av,av
2026-08-23T12:36:51.160Z,36.064833333333,-117.83983333333,4.08,0.17,ml,11,65,0.05403,0.08,ci,ci41534088,2026-08-24T22:49:29.413Z,"10 km ENE of Coso Junction, CA",earthquake,0.17,0.32,0.2080589315521,7,reviewed,ci,ci
2026-08-23T12:28:13.070Z,33.417833333333,-116.63866666667,6.23,1.43,ml,22,92,0.0825,0.11,ci,ci41534080,2026-08-23T18:45:32.267Z,"15 km N of Warner Springs, CA",earthquake,0.18,0.47,0.19979589527791,6,reviewed,ci,ci
2026-08-23T12:25:17.190Z,19.3665,-155.497,7.82,3.17,ml,59,32,0.03795,0.13,hv,hv75022847,2026-08-23T21:30:16.358Z,"18 km N of Pāhala, Hawaii",earthquake,0.19,0.31,0.22535238402397,46,reviewed,hv,hv
2026-08-23T12:22:54.980Z,39.717834472656,-124.02216339111,0.43000000715256,1.76,md,17,180,0.2283,0.2,nc,nc75423597,2026-08-23T15:22:22.647Z,"16 km W of Cape Vizcaino, CA",earthquake,0.96,11.6099997,0.12,7,automatic,nc,nc
2026-08-23T12:21:51.723Z,60.324,-151.789,73.6,1.9,ml,54,38,0.5,0.7,ak,aka2026qrdwhl,2026-08-24T18:16:19.869Z,"24 km WNW of Clam Gulch, Alaska",earthquake,2.6,2.9429,0.1,41,reviewed,ak,ak
2026-08-23T12:19:31.450Z,36.060333333333,-117.84166666667,2.6,0.78,ml,21,66,0.05812,0.13,ci,ci41534072,2026-08-23T14:56:54.772Z,"10 km E of Coso Junction, CA",earthquake,0.16,0.19,0.25918373490306,13,reviewed,ci,ci
2026-08-23T12:18:17.680Z,38.507333333333,-112.8875,2.53,0.6,md,12,92,0.005785,0.07,uu,uu80149851,2026-08-24T18:19:19.130Z,"16 km NE of Milford, Utah",earthquake,0.29,0.36,0.39542984091539,5,reviewed,uu,uu
2026-08-23T12:15:02.660Z,35.314333333333,-117.80766666667,6.9,1.43,ml,37,56,0.05625,0.18,ci,ci41534064,2026-08-28T23:06:24.888Z,"17 km WSW of Johannesburg, CA",earthquake,0.18,0.4,0.17141159201963,48,reviewed,ci,ci
2026-08-23T12:14:56.180Z,35.326166666667,-117.79016666667,4.66,0.65,ml,13,86,0.07421,0.23,ci,ci10251078,2026-08-28T22:49:47.260Z,"15 km WSW of Johannesburg, CA",earthquake,0.56,0.98,0.06068698807931,2,reviewed,ci,ci
2026-08-23T12:12:35.599Z,54.468,-162.169,10.7,2.6,ml,32,213,0.5,0.4,ak,aka2026qrdoey,2026-08-24T18:12:06.941Z,"66 km S of King Cove, Alaska",earthquake,5.7,2.8568,0.1,21,reviewed,ak,ak
2026-08-23T12:09:48.430Z,36.062166666667,-117.84283333333,2.8,0.52,ml,15,66,0.05615,0.12,ci,ci41534056,2026-08-23T14:57:12.362Z,"10 km ENE of Coso Junction, CA",earthquake,0.18,0.6,0.16746574698068,5,reviewed,ci,ci
2026-08-23T12:08:03.990Z,36.063666666667,-117.83733333333,2.7,0.68,ml,17,62,0.05564,0.09,ci,ci41534048,2026-08-23T14:57:16.391Z,"10 km ENE of Coso Junction, CA",earthquake,0.13,0.54,0.14209981882351,5,reviewed,ci,ci
2026-08-23T12:04:41.421Z,60.108,-150.346,38.2,2.7,ml,99,113,0.4,0.7,ak,aka2026qrdhim,2026-08-24T18:03:40.190Z,"44 km NE of Fox River, Alaska",earthquake,2.3,3.0736,0.2,72,reviewed,ak,ak
2026-08-23T11:57:18.760Z,35.718166666667,-82.475833333333,3.59,1.97,md,13,65,0.1556,0.05,se,se60506173,2026-08-24T02:54:03.819Z,"8 km ENE of Weaverville, North Carolina",earthquake,0.48,1.5,0.097539662996922,12,reviewed,se,se
2026-08-23T11:54:07.607Z,61.862,-142.962,3.4,1.5,ml,14,77,0.5,0.7,ak,aka2026qrcyeq,2026-08-24T17:59:37.134Z,"47 km N of McCarthy, Alaska",earthquake,3.9,7.5285,0.2,11,reviewed,ak,ak
2026-08-23T11:41:31.630Z,36.063666666667,-117.83866666667,2.22,0.67,ml,21,63,0.05538,0.16,ci,ci41534040,2026-08-23T14:57:30.237Z,"10 km ENE of Coso Junction, CA",earthquake,0.2,0.24,0.1404910062218,8,reviewed,ci,ci
2026-08-23T11:39:24.820Z,34.116666666667,-119.26766666667,21.88,1.4,ml,29,199,0.06702,0.23,ci,ci41534032,2026-08-23T11:42:49.492Z,"8 km WSW of Port Hueneme, CA",earthquake,0.64,0.44,0.26492547654356,28,automatic,ci,ci
2026-08-23T11:38:10.080Z,53.393333333333,-168.17983333333,-0.05,-0.32,ml,7,117,0.02496,0.08,av,av94399628,2026-08-25T18:18:29.350Z,"68 km NE of Nikolski, Alaska",earthquake,0.35,0.42,0.13060206747025,7,reviewed,av,av
2026-08-23T11:37:09.950Z,34.8575,-119.601,9.46,0.72,ml,17,105,0.08215,0.17,ci,ci41534024,2026-08-23T14:59:02.268Z,"29 km SW of Maricopa, CA",earthquake,0.38,0.79,0.085907939115357,5,reviewed,ci,ci
2026-08-23T11:32:00.520Z,19.190333333333,-155.47983333333,31.16,2.07,md,32,152,0.06051,0.11,hv,hv75022837,2026-08-25T01:49:21.350Z,"1 km S of Pāhala, Hawaii",earthquake,0.48,0.67,0.062500223481136,7,reviewed,hv,hv
2026-08-23T11:30:44.900Z,38.794834136963,-122.79916381836,3.5299999713898,0.74,md,10,96,0.00718,0.02,nc,nc75423582,2026-08-23T11:57:22.317Z,"4 km WNW of The Geysers, CA",earthquake,0.41,0.74000001,0.09,11,automatic,nc,nc
2026-08-23T11:22:41.913Z,-12.8299,-14.8524,10,5.3,mb,78,56,4.89,0.78,us,us6000tmyk,2026-08-23T11:39:47.040Z,southern Mid-Atlantic Ridge,earthquake,10.76,1.866,0.045,166,reviewed,us,us
2026-08-23T11:22:03.490Z,36.970500946045,-121.45766448975,6.8400001525879,1.17,md,14,115,0.1008,0.18,nc,nc75423577,2026-08-23T14:52:24.537Z,"11 km ESE of Gilroy, CA",earthquake,0.63,2.70000005,0.14,10,automatic,nc,nc
2026-08-23T11:09:52.810Z,33.108,-116.24783333333,10.34,0.54,ml,35,57,0.08462,0.17,ci,ci41534008,2026-08-28T22:41:13.315Z,"12 km WSW of Ocotillo Wells, CA",earthquake,0.23,0.52,0.18972591296559,24,reviewed,ci,ci
2026-08-23T11:09:29.500Z,36.0645,-117.8355,3.85,0.84,ml,21,61,0.05524,0.16,ci,ci41534000,2026-08-23T14:59:49.068Z,"10 km ENE of Coso Junction, CA",earthquake,0.22,0.38,0.079211841985702,12,reviewed,ci,ci
2026-08-23T11:06:58.500Z,32.742166666667,-115.43916666667,11.05,1.24,ml,24,57,0.08528,0.2,ci,ci41533992,2026-08-28T21:58:44.966Z,"9 km E of Heber, CA",earthquake,0.33,0.55,0.17278418028467,25,reviewed,ci,ci
2026-08-23T11:06:36.750Z,33.1535,-116.51866666667,6.56,0.32,ml,26,71,0.09805,0.19,ci,ci41533984,2026-08-23T15:00:04.975Z,"11 km NE of Julian, CA",earthquake,0.26,0.6,0.14181371918486,4,reviewed,ci,ci
2026-08-23T11:05:34.800Z,36.063833333333,-117.83616666667,2.69,0.87,ml,23,50,0.05573,0.13,ci,ci41533976,2026-08-23T15:00:08.924Z,"10 km ENE of Coso Junction, CA",earthquake,0.16,0.57,0.11526074609158,12,reviewed,ci,ci
2026-08-23T11:05:00.130Z,36.063,-117.83766666667,2.53,0.84,ml,21,62,0.05622,0.14,ci,ci41533968,2026-08-23T11:08:56.494Z,"10 km ENE of Coso Junction, CA",earthquake,0.17,0.19,0.17285907677307,13,automatic,ci,ci
2026-08-23T11:04:51.220Z,36.0665,-117.83483333333,2.47,0.53,ml,9,125,0.05349,0.06,ci,ci10249494,2026-08-24T22:35:04.029Z,"10 km ENE of Coso Junction, CA",earthquake,0.18,0.21,0.14965998155137,5,reviewed,ci,ci
2026-08-23T11:03:36.380Z,38.813667297363,-122.81983184815,2.5599999427795,0.31,md,8,85,0.008734,0.01,nc,nc75423572,2026-08-23T11:32:23.074Z,"7 km NW of The Geysers, CA",earthquake,0.53,1.39999998,0.16,8,automatic,nc,nc
2026-08-23T11:03:15.670Z,38.512666666667,-112.88733333333,2.07,0.57,md,13,107,0.005273,0.07,uu,uu80149846,2026-08-24T18:16:10.630Z,"16 km NE of Milford, Utah",earthquake,0.3,0.35,0.46150682183366,5,reviewed,uu,uu
2026-08-23T11:01:51.560Z,36.071333333333,-117.83883333333,2.82,0.77,ml,21,63,0.04794,0.12,ci,ci41533960,2026-08-23T15:00:20.951Z,"10 km ENE of Coso Junction, CA",earthquake,0.17,0.49,0.14839536323614,9,reviewed,ci,ci
2026-08-23T11:01:19.340Z,36.058166666667,-117.84266666667,2.58,0.83,ml,23,67,0.06011,0.16,ci,ci41533952,2026-08-23T11:04:53.511Z,"10 km E of Coso Junction, CA",earthquake,0.17,0.2,0.19906715529612,11,automatic,ci,ci
2026-08-23T10:57:45.388Z,53.257,-169.465,169.8,2.2,ml,16,172,0.5,0.5,ak,aka2026qrbbju,2026-08-24T17:57:06.498Z,"53 km NW of Nikolski, Alaska",earthquake,53.2,9.4691,0.3,13,reviewed,ak,ak
2026-08-23T10:56:43.960Z,36.061333333333,-117.8445,2.69,0.73,ml,19,68,0.05675,0.14,ci,ci41533944,2026-08-23T15:00:38.842Z,"10 km E of Coso Junction, CA",earthquake,0.19,0.69,0.11691736464502,8,reviewed,ci,ci
2026-08-23T10:54:59.040Z,36.059,-117.84316666667,2.54,0.91,ml,24,50,0.05922,0.16,ci,ci41533936,2026-08-23T15:00:45.853Z,"10 km E of Coso Junction, CA",earthquake,0.18,0.21,0.21550732271935,14,reviewed,ci,ci
2026-08-23T10:54:35.690Z,60.0535,-153.11083333333,1.34,-0.44,ml,5,148,0.01517,0.06,av,av94399608,2026-08-25T18:12:58.900Z,"63 km ENE of Pedro Bay, Alaska",earthquake,0.87,0.63,0.21146739855065,5,reviewed,av,av
2026-08-23T10:50:46.834Z,28.529,-98.186,8.3312,1.5,ml,7,114,0,0.2,tx,tx2026qojmtv,2026-08-24T13:50:37.604Z,"7 km N of Three Rivers, Texas",earthquake,10.419176336898,2.9597034655585,0.2,6,reviewed,tx,tx
2026-08-23T10:47:25.416Z,31.998,-102.358,7.2754,1.1,ml,16,104,0,0.2,tx,tx2026qojjtn,2026-08-24T16:15:51.859Z,"3 km SE of Gardendale, Texas",earthquake,1.3400345928366,1.5116192363272,0.1,6,reviewed,tx,tx
2026-08-23T10:44:51.354Z,-6.2034,146.8216,103.003,4.3,mb,25,104,3.198,0.95,us,us6000tmyf,2026-08-23T11:12:06.040Z,"60 km NNW of Lae, Papua New Guinea",earthquake,9.37,8.558,0.116,21,reviewed,us,us
2026-08-23T10:43:40.700Z,46.725166666667,-121.13033333333,7.55,1.3,ml,35,87,0.2004,0.17,uw,uw714084192,2026-08-24T17:38:58.670Z,"18 km SW of Nile, Washington",earthquake,0.38,0.42,0.17480999963807,7,reviewed,uw,uw
2026-08-23T10:42:51.560Z,36.059333333333,-117.8435,2.59,0.7,ml,17,67,0.05885,0.11,ci,ci41533928,2026-08-23T15:00:42.836Z,"10 km E of Coso Junction, CA",earthquake,0.15,0.17,0.17109313816753,5,reviewed,ci,ci
2026-08-23T10:39:22.520Z,36.0645,-117.83966666667,2.66,2.24,ml,30,41,0.05438,0.14,ci,ci41533920,2026-08-23T15:01:28.809Z,"10 km ENE of Coso Junction, CA",earthquake,0.16,0.21,0.26310218443937,25,reviewed,ci,ci
2026-08-23T10:38:21.100Z,36.0595,-117.8375,2.63,1.49,ml,27,49,0.05964,0.15,ci,ci41533912,2026-08-23T15:01:26.537Z,"10 km E of Coso Junction, CA",earthquake,0.16,0.23,0.1772984334689,19,reviewed,ci,ci
2026-08-23T10:36:48.090Z,36.0625,-117.84033333333,2.65,1.07,ml,24,49,0.05621,0.16,ci,ci41533896,2026-08-23T15:01:13.691Z,"10 km ENE of Coso Junction, CA",earthquake,0.17,0.22,0.23257701409702,17,reviewed,ci,ci
2026-08-23T10:35:28.980Z,19.118166666667,-155.50283333333,40.76,2.19,ml,34,171,0.05343,0.25,hv,hv75022812,2026-08-25T01:19:47.040Z,"9 km SSW of Pāhala, Hawaii",earthquake,0.74,0.91,0.27125613789544,17,reviewed,hv,hv
2026-08-23T10:34:34.700Z,36.063166666667,-117.83383333333,3.41,-0.15,ml,7,123,0.05691,0.05,ci,ci10249454,2026-08-24T22:28:15.453Z,"10 km E of Coso Junction, CA",earthquake,0.22,0.62,0.16445577558123,3,reviewed,ci,ci
2026-08-23T10:34:13.630Z,38.813835144043,-122.81816864014,2.7699999809265,1.1,md,13,61,0.009929,0.01,nc,nc75423557,2026-08-23T14:12:24.169Z,"7 km NW of The Geysers, CA",earthquake,0.34,0.870000005,0.26,13,automatic,nc,nc
2026-08-23T10:33:59.420Z,36.063,-117.84116666667,3.11,0.68,ml,14,65,0.05558,0.1,ci,ci10249446,2026-08-23T15:22:17.206Z,"10 km ENE of Coso Junction, CA",earthquake,0.19,0.45,0.12511000874739,5,automatic,ci,ci
2026-08-23T10:33:08.251Z,60.941,-150.824,17.1,1.6,ml,29,50,0.2,0.7,ak,aka2026qrafyu,2026-08-24T17:51:10.698Z,"7 km WNW of Point Possession, Alaska",earthquake,2.3,1.8669,0.2,21,reviewed,ak,ak
2026-08-23T10:32:51.280Z,36.064333333333,-117.8395,2.96,0.88,ml,21,64,0.05457,0.14,ci,ci41533888,2026-08-23T15:02:20.649Z,"10 km ENE of Coso Junction, CA",earthquake,0.18,0.47,0.092183017018814,14,reviewed,ci,ci
2026-08-23T10:32:37.850Z,36.0595,-117.83983333333,2.53,0.86,ml,22,65,0.05922,0.13,ci,ci41533880,2026-08-23T15:02:24.689Z,"10 km E of Coso Junction, CA",earthquake,0.15,0.18,0.14359236227849,11,reviewed,ci,ci
2026-08-23T10:28:34.710Z,36.068666666667,-117.83983333333,3.27,0.71,ml,14,63,0.05031,0.09,ci,ci41533872,2026-08-23T15:02:38.499Z,"10 km ENE of Coso Junction, CA",earthquake,0.17,0.34,0.20684924927962,5,reviewed,ci,ci
2026-08-23T10:28:26.990Z,39.493000030518,-122.94799804688,11.510000228882,1.74,md,12,101,0.02204,0.13,nc,nc75423552,2026-08-23T13:42:21.955Z,"9 km N of Lake Pillsbury, CA",earthquake,0.51,1.02999997,0.05,6,automatic,nc,nc
2026-08-23T10:27:18.270Z,19.083833333333,-155.486,41.13,2.38,md,28,187,0.0747,0.18,hv,hv75022797,2026-08-25T01:04:14.670Z,"10 km E of Naalehu, Hawaii",earthquake,1.01,0.66,0.15807624311765,7,reviewed,hv,hv
2026-08-23T10:25:29.530Z,36.060166666667,-117.8385,2.66,0.73,ml,17,63,0.05881,0.14,ci,ci41533864,2026-08-23T15:02:42.452Z,"10 km E of Coso Junction, CA",earthquake,0.17,0.25,0.18912215203236,8,reviewed,ci,ci
2026-08-23T10:25:03.344Z,51.482,-175.145,24.3,2.4,ml,16,241,0.7,0.7,ak,aka2026qqzyyx,2026-08-24T17:47:41.597Z,"102 km SW of Atka, Alaska",earthquake,10.9,5.0336,0.1,12,reviewed,ak,ak
2026-08-23T10:19:39.890Z,36.066166666667,-117.83433333333,3.6,0.64,ml,15,61,0.05393,0.09,ci,ci41533856,2026-08-23T15:02:57.213Z,"11 km ENE of Coso Junction, CA",earthquake,0.15,0.28,0.29018931109742,4,reviewed,ci,ci
2026-08-23T10:18:22.070Z,36.0665,-117.83816666667,2.76,0.7,ml,22,63,0.05274,0.15,ci,ci41533848,2026-08-23T15:03:09.293Z,"10 km ENE of Coso Junction, CA",earthquake,0.19,0.64,0.11052422538601,9,reviewed,ci,ci
2026-08-23T10:16:38.297Z,16.7766,-61.0799,40.589,4.1,mb,52,205,0.461,0.77,us,us6000tmy7,2026-08-23T10:56:32.040Z,"52 km N of Beauséjour, Guadeloupe",earthquake,5.2,9.501,0.099,28,reviewed,us,us
2026-08-23T10:12:00.216Z,67.173,-153.13,5,1.6,ml,13,97,0.1,0.7,ak,aka2026qqznqi,2026-08-25T05:38:30.096Z,"70 km NNW of Allakaket, Alaska",earthquake,3.7,0,0.2,10,reviewed,ak,ak
2026-08-23T10:11:42.307Z,28.534,-98.155,8.5034,1.4,ml,20,105,0,0.3,tx,tx2026qoifbh,2026-08-24T13:46:14.238Z,"8 km NNE of Three Rivers, Texas",earthquake,1.7429187054896,0.78398574411385,0.2,13,reviewed,tx,tx
2026-08-23T10:04:42.433Z,36.7596,74.4767,45.456,4.6,mwr,79,54,2.216,0.72,us,us6000tmy3,2026-08-23T10:31:14.040Z,"52 km NNW of Barishal, Pakistan",earthquake,6.87,5.78,0.071,19,reviewed,us,us
2026-08-23T10:00:48.800Z,36.066666666667,-117.83733333333,2.77,1.39,ml,25,50,0.05275,0.14,ci,ci41533840,2026-08-23T15:03:05.327Z,"10 km ENE of Coso Junction, CA",earthquake,0.17,0.48,0.23728589366834,19,reviewed,ci,ci
2026-08-23T10:00:03.240Z,36.065833333333,-117.8335,2.76,0.84,ml,24,49,0.05446,0.14,ci,ci41533832,2026-08-23T15:03:01.283Z,"11 km ENE of Coso Junction, CA",earthquake,0.18,0.54,0.11754122459393,13,reviewed,ci,ci
2026-08-23T09:57:50.540Z,36.064333333333,-117.834,3.63,1.05,ml,24,50,0.05576,0.13,ci,ci41533824,2026-08-23T15:03:17.335Z,"10 km ENE of Coso Junction, CA",earthquake,0.17,0.3,0.1564712457978,16,reviewed,ci,ci
2026-08-23T09:56:54.480Z,33.5035,-116.49116666667,13.19,0.43,ml,21,76,0.09319,0.1,ci,ci41533816,2026-08-23T15:03:13.337Z,"18 km ESE of Anza, CA",earthquake,0.2,0.41,0.060316825947593,3,reviewed,ci,ci
2026-08-23T09:51:52.560Z,36.068833333333,-117.83833333333,2.77,0.62,ml,17,62,0.05045,0.2,ci,ci41533808,2026-08-23T15:03:21.392Z,"10 km ENE of Coso Junction, CA",earthquake,0.32,1.03,0.260758231198,5,reviewed,ci,ci
2026-08-23T09:49:45.960Z,36.064333333333,-117.839,2.72,1.38,ml,28,50,0.05467,0.17,ci,ci41533800,2026-08-23T15:03:25.446Z,"10 km ENE of Coso Junction, CA",earthquake,0.2,0.59,0.25505273926364,19,reviewed,ci,ci
2026-08-23T09:38:45.370Z,38.5105,-112.88516666667,1.65,1.11,md,15,67,0.004548,0.08,uu,uu80149841,2026-08-24T18:03:56.640Z,"16 km NE of Milford, Utah",earthquake,0.27,0.32,0.3667371225901,9,reviewed,uu,uu
2026-08-23T09:37:08.200Z,39.49666595459,-122.94650268555,10.89999961853,2.75,md,41,40,0.01821,0.14,nc,nc75423527,2026-08-23T13:17:26.763Z,"10 km N of Lake Pillsbury, CA",earthquake,0.23,0.5,0.16,41,automatic,nc,nc
2026-08-23T09:31:59.980Z,38.834331512451,-122.81083679199,22.989999771118,0.92,md,7,100,0.01094,0.05,nc,nc75423522,2026-08-23T09:33:40.173Z,"8 km W of Cobb, CA",earthquake,3.8,9.03999996,0.4,11,automatic,nc,nc
2026-08-23T09:31:38.330Z,36.027,-117.83466666667,2,0.15,ml,6,103,0.0491,0.05,ci,ci10250526,2026-08-24T22:13:14.125Z,"10 km E of Coso Junction, CA",earthquake,0.16,0.31,0.088873079176534,4,reviewed,ci,ci
2026-08-23T09:31:20.520Z,36.067166666667,-117.83633333333,4.19,0.12,ml,8,107,0.0525,0.07,ci,ci10250518,2026-08-24T22:11:12.970Z,"10 km ENE of Coso Junction, CA",earthquake,0.19,0.38,0.14278170335585,4,reviewed,ci,ci
2026-08-23T09:30:34.850Z,36.063833333333,-117.83216666667,4.62,0.27,ml,8,109,0.0567,0.03,ci,ci10250510,2026-08-24T22:08:41.607Z,"11 km ENE of Coso Junction, CA",earthquake,0.15,0.25,0.31295370906071,5,reviewed,ci,ci
2026-08-23T09:30:33.304Z,63.023,-149.512,75.8,1.6,ml,23,50,0.4,0.5,ak,aka2026qqydsk,2026-08-24T17:45:57.978Z,"49 km SW of Cantwell, Alaska",earthquake,3.4,3.5931,0.2,18,reviewed,ak,ak
2026-08-23T09:29:56.970Z,36.064666666667,-117.83466666667,3.76,0.22,ml,11,108,0.05528,0.06,ci,ci10249542,2026-08-24T21:51:35.294Z,"10 km ENE of Coso Junction, CA",earthquake,0.17,0.31,0.32572430894968,5,reviewed,ci,ci
2026-08-23T09:29:39.700Z,36.063833333333,-117.8365,2.54,0.47,ml,11,65,0.05566,0.09,ci,ci10249526,2026-08-23T15:22:13.167Z,"10 km ENE of Coso Junction, CA",earthquake,0.16,0.19,0.12906728722401,4,reviewed,ci,ci
2026-08-23T09:29:18.000Z,36.062333333333,-117.83016666667,4.03,0.66,ml,16,57,0.05865,0.09,ci,ci41533784,2026-08-23T15:22:46.589Z,"11 km E of Coso Junction, CA",earthquake,0.15,0.26,0.34428691401797,6,reviewed,ci,ci
2026-08-23T09:25:01.130Z,38.832832336426,-122.79333496094,1.8500000238419,0.69,md,10,74,0.006039,0.01,nc,nc75423517,2026-08-23T10:17:25.578Z,"6 km W of Cobb, CA",earthquake,0.35,0.569999993,0.2,12,automatic,nc,nc
2026-08-23T09:22:42.830Z,34.6825,-118.93966666667,10.15,0.53,ml,20,65,0.09564,0.14,ci,ci41533776,2026-08-23T15:03:53.456Z,"15 km SSW of Gorman, CA",earthquake,0.27,0.54,0.13999260237034,7,reviewed,ci,ci
2026-08-23T09:21:33.730Z,36.066166666667,-117.84033333333,4.29,0.06,ml,9,122,0.05264,0.05,ci,ci10249510,2026-08-25T20:14:28.676Z,"10 km ENE of Coso Junction, CA",earthquake,0.17,0.3,0.092660092243866,3,reviewed,ci,ci
2026-08-23T09:21:15.720Z,36.0635,-117.84466666667,3.61,0.05,ml,7,138,0.0546,0.08,ci,ci10249502,2026-08-25T20:10:25.873Z,"10 km ENE of Coso Junction, CA",earthquake,0.24,0.82,0.29328075576377,5,reviewed,ci,ci
2026-08-23T09:20:52.100Z,36.063833333333,-117.84033333333,3.63,0.76,ml,19,64,0.05491,0.1,ci,ci41533768,2026-08-23T09:24:14.170Z,"10 km ENE of Coso Junction, CA",earthquake,0.14,0.25,0.18974540605805,8,automatic,ci,ci
2026-08-23T09:19:38.500Z,38.838500976562,-122.81099700928,2.1099998950958,0.5,md,10,77,0.0151,0.01,nc,nc75423512,2026-08-23T10:07:23.513Z,"8 km WNW of Cobb, CA",earthquake,0.37,1.11000001,0.35,10,automatic,nc,nc
2026-08-23T09:19:26.790Z,36.061,-117.83583333333,2.72,0.87,ml,7,136,0.05853,0.07,ci,ci10250646,2026-08-25T19:55:47.456Z,"10 km E of Coso Junction, CA",earthquake,0.33,1,0.080039105579462,3,reviewed,ci,ci
2026-08-23T09:19:09.050Z,36.064166666667,-117.83833333333,4,1.09,ml,19,57,0.05496,0.07,ci,ci41533760,2026-08-25T19:52:15.880Z,"10 km ENE of Coso Junction, CA",earthquake,0.12,0.2,0.14242712840315,11,reviewed,ci,ci
2026-08-23T09:16:58.750Z,36.0655,-117.84183333333,2.78,3.5077201994852,mw,40,35,0.05303,0.17,ci,ci41533752,2026-08-24T09:18:50.387Z,"10 km ENE of Coso Junction, CA",earthquake,0.15,0.46,,10,reviewed,ci,ci
2026-08-23T09:16:29.257Z,61.167,-140.008,3.1,1.6,ml,17,86,0.5,0.7,ak,aka2026qqxrmx,2026-08-24T17:43:12.489Z,"158 km ESE of McCarthy, Alaska",earthquake,3.9,2.4969,0.1,12,reviewed,ak,ak
2026-08-23T09:16:26.920Z,34.781833333333,-118.95333333333,11.9,0.72,ml,24,77,0.01476,0.19,ci,ci41533744,2026-08-23T15:04:25.233Z,"5 km S of Frazier Park, CA",earthquake,0.31,0.52,0.25588630627767,15,reviewed,ci,ci
2026-08-23T09:15:07.210Z,36.066666666667,-117.83433333333,3.66,1,ml,25,49,0.05346,0.2,ci,ci41533736,2026-08-23T09:23:05.832Z,"11 km ENE of Coso Junction, CA",earthquake,0.25,0.45,0.17842451806597,13,reviewed,ci,ci
2026-08-23T09:12:53.640Z,36.065833333333,-117.83933333333,2.4,0.91,ml,23,64,0.05315,0.13,ci,ci41533728,2026-08-23T09:23:21.598Z,"10 km ENE of Coso Junction, CA",earthquake,0.15,0.18,0.21264855281086,12,reviewed,ci,ci
2026-08-23T09:09:39.930Z,36.066666666667,-117.83683333333,3.38,0.72,ml,19,61,0.05286,0.12,ci,ci41533720,2026-08-23T09:23:25.602Z,"10 km ENE of Coso Junction, CA",earthquake,0.18,0.35,0.12301063959215,8,reviewed,ci,ci
2026-08-23T09:09:10.180Z,36.068166666667,-117.83633333333,2.03,0.81,ml,23,61,0.05154,0.19,ci,ci41533712,2026-08-23T09:23:29.661Z,"10 km ENE of Coso Junction, CA",earthquake,0.21,0.25,0.1752341056773,13,reviewed,ci,ci
2026-08-23T09:07:52.110Z,36.067833333333,-117.83616666667,3.32,0.69,ml,21,61,0.0519,0.11,ci,ci41533704,2026-08-23T09:11:19.723Z,"10 km ENE of Coso Junction, CA",earthquake,0.18,0.34,0.15685637352933,7,automatic,ci,ci
2026-08-23T09:04:17.710Z,36.60033416748,-121.17066955566,3.039999961853,1.29,md,6,153,0.03094,0.05,nc,nc75423502,2026-08-23T12:42:21.525Z,"8 km NNW of Pinnacles, CA",earthquake,0.79,1.03999996,0.17,7,automatic,nc,nc
2026-08-23T09:04:00.160Z,35.34633333,-96.469,19.8,1.38,ml,58,49,0.09448145951,0.19,ok,ok2026qmfr,2026-08-24T12:30:46.253Z,"1 km WNW of Cromwell, Oklahoma",earthquake,,0.7,0.22,26,reviewed,ok,ok
2026-08-23T09:02:57.610Z,36.061833333333,-117.84016666667,2.63,0.65,ml,16,64,0.05689,0.1,ci,ci41533696,2026-08-23T09:06:17.661Z,"10 km E of Coso Junction, CA",earthquake,0.15,0.17,0.14567550043664,5,automatic,ci,ci
2026-08-23T09:01:38.030Z,38.79683303833,-122.77549743652,2.6099998950958,0.84,md,6,156,0.01037,0.01,nc,nc75423497,2026-08-23T09:37:22.316Z,"3 km NW of The Geysers, CA",earthquake,0.73,1.17999995,0.26,7,automatic,nc,nc
2026-08-23T09:00:33.130Z,35.34866667,-96.47183333,19.63,1.06,ml,57,60,0.09358163609,0.22,ok,ok2026qmfo,2026-08-24T13:13:46.256Z,"1 km NW of Cromwell, Oklahoma",earthquake,,0.7,0.24,26,reviewed,ok,ok
2026-08-23T08:59:08.794Z,54.271,-164.167,79.8,2.2,ml,21,198,0.3,0.5,ak,aka2026qqxclp,2026-08-24T17:40:28.854Z,"81 km SW of False Pass, Alaska",earthquake,22,6.6546,0.2,12,reviewed,ak,ak
2026-08-23T08:57:25.364Z,32.367,-102.124,7.0557,0.8,ml,25,55,0,0.2,tx,tx2026qofssj,2026-08-24T15:47:55.012Z,"38 km E of McKinney Acres, Texas",earthquake,0.47301315284451,0.57239312210731,0.2,13,reviewed,tx,tx
2026-08-23T08:57:13.730Z,18.788833333333,-67.372333333333,4.98,3.09,md,28,189,0.4043,0.31,pr,pr71529488,2026-08-23T10:57:56.910Z,"43 km NW of San Antonio, Puerto Rico",earthquake,0.63,0.84,0.094918841074231,16,reviewed,pr,pr
2026-08-23T08:51:48.218Z,68.193,-145.639,1.1,2.2,ml,22,105,0.1,0.8,ak,aka2026qqwwby,2026-08-24T17:37:25.231Z,"8 km NNW of Arctic Village, Alaska",earthquake,4.8,2.8813,0.1,16,reviewed,ak,ak
2026-08-23T08:51:20.710Z,33.498666666667,-116.494,12.76,0.53,ml,39,55,0.0905,0.15,ci,ci41533688,2026-08-23T09:27:27.340Z,"18 km ESE of Anza, CA",earthquake,0.18,0.39,0.12793976204128,10,reviewed,ci,ci
2026-08-23T08:50:46.730Z,36.066,-117.83283333333,3.18,0.7,ml,19,62,0.05448,0.11,ci,ci41533680,2026-08-30T02:14:53.943Z,"11 km ENE of Coso Junction, CA",earthquake,0.15,0.32,0.19024655096177,7,reviewed,ci,ci
2026-08-23T08:50:35.180Z,36.0685,-117.84283333333,5.18,0.06,ml,7,124,0.04994,0.05,ci,ci10251094,2026-08-30T02:18:57.649Z,"10 km ENE of Coso Junction, CA",earthquake,0.22,0.6,0.33414371401507,4,reviewed,ci,ci
2026-08-23T08:47:07.910Z,36.065333333333,-117.83533333333,2.54,0.82,ml,20,61,0.05448,0.15,ci,ci41533672,2026-08-23T08:50:38.702Z,"10 km ENE of Coso Junction, CA",earthquake,0.19,0.21,0.22033594892933,10,automatic,ci,ci
2026-08-23T08:44:41.310Z,35.316833333333,-117.80083333333,6.93,0.99,ml,28,116,0.06152,0.23,ci,ci41533664,2026-08-23T08:48:51.678Z,"16 km WSW of Johannesburg, CA",earthquake,0.31,0.55,0.085580555397927,13,reviewed,ci,ci
2026-08-23T08:43:37.810Z,36.065,-117.83516666667,3.58,0.82,ml,19,61,0.05484,0.11,ci,ci41533656,2026-08-23T08:48:47.654Z,"10 km ENE of Coso Junction, CA",earthquake,0.17,0.3,0.14696590656041,11,reviewed,ci,ci
2026-08-23T08:43:02.630Z,36.063,-117.84016666667,2.81,0.49,ml,14,64,0.05575,0.13,ci,ci10249438,2026-08-23T18:17:34.488Z,"10 km ENE of Coso Junction, CA",earthquake,0.23,0.63,0.10938238051547,3,reviewed,ci,ci
2026-08-23T08:42:20.810Z,36.066166666667,-117.834,2.08,-0.06,ml,6,144,0.05402,0.07,ci,ci10249430,2026-08-25T17:36:27.261Z,"11 km ENE of Coso Junction, CA",earthquake,0.21,0.54,0.011758445633829,3,reviewed,ci,ci
2026-08-23T08:42:04.580Z,36.067833333333,-117.8335,3.42,0.64,ml,19,58,0.05257,0.1,ci,ci41533648,2026-08-23T15:23:48.496Z,"11 km ENE of Coso Junction, CA",earthquake,0.15,0.28,0.17747259256875,8,reviewed,ci,ci
2026-08-23T08:40:21.360Z,32.913,-116.24583333333,6.32,0.94,ml,39,46,0.1505,0.2,ci,ci41533640,2026-08-23T08:49:22.526Z,"28 km SSW of Ocotillo Wells, CA",earthquake,0.22,1.28,0.18844724833254,16,reviewed,ci,ci
2026-08-23T08:36:36.110Z,36.066,-117.83866666667,3.94,0.19,ml,8,130,0.05312,0.06,ci,ci10251086,2026-08-30T02:09:51.839Z,"10 km ENE of Coso Junction, CA",earthquake,0.17,0.46,0.32540547460248,5,reviewed,ci,ci
2026-08-23T08:36:18.120Z,36.062166666667,-117.83566666667,2.7,0.82,ml,19,61,0.05744,0.1,ci,ci41533632,2026-08-30T02:04:19.666Z,"10 km E of Coso Junction, CA",earthquake,0.14,0.58,0.16557245435158,9,reviewed,ci,ci
2026-08-23T08:35:29.190Z,38.828998565674,-122.81349945068,2.1600000858307,0.7,md,10,78,0.006202,0.01,nc,nc75423487,2026-08-23T08:37:05.770Z,"8 km NW of The Geysers, CA",earthquake,0.34,0.920000017,0.06,11,automatic,nc,nc
2026-08-23T08:34:35.140Z,36.067166666667,-117.8375,2.51,1.5,ml,21,62,0.05224,0.11,ci,ci41533624,2026-08-23T08:41:51.283Z,"10 km ENE of Coso Junction, CA",earthquake,0.15,0.15,0.1470067430123,4,reviewed,ci,ci
2026-08-23T08:34:15.940Z,36.060833333333,-117.8425,2.63,1.53,ml,25,67,0.05751,0.16,ci,ci41533616,2026-08-23T08:42:08.179Z,"10 km E of Coso Junction, CA",earthquake,0.17,0.22,0.26817465168153,18,reviewed,ci,ci
2026-08-23T08:30:53.680Z,36.066333333333,-117.83283333333,3.3,0.66,ml,12,62,0.05416,0.05,ci,ci10249422,2026-08-23T15:15:37.039Z,"11 km ENE of Coso Junction, CA",earthquake,0.13,0.3,0.033590056569936,3,automatic,ci,ci
2026-08-23T08:30:30.640Z,36.063166666667,-117.836,5.12,0.56,ml,8,118,0.05641,0.07,ci,ci10249414,2026-08-25T17:30:09.713Z,"10 km ENE of Coso Junction, CA",earthquake,0.24,0.67,0.27615449962214,4,reviewed,ci,ci
2026-08-23T08:30:08.670Z,36.064833333333,-117.83666666667,2.89,0.64,ml,18,62,0.05466,0.11,ci,ci41533600,2026-08-23T15:24:20.301Z,"10 km ENE of Coso Junction, CA",earthquake,0.16,0.49,0.13435999105764,8,reviewed,ci,ci
2026-08-23T08:29:36.130Z,36.063166666667,-117.82916666667,4.04,0.84,ml,11,110,0.05815,0.1,ci,ci10249398,2026-08-23T15:24:36.027Z,"11 km E of Coso Junction, CA",earthquake,0.22,0.34,0.14219712746305,4,reviewed,ci,ci
2026-08-23T08:28:57.570Z,35.584833333333,-117.83233333333,7.2,1.15,ml,5,253,0.2475,0.18,ci,ci10249390,2026-08-23T15:15:55.576Z,"7 km SSW of Inyokern, CA",earthquake,5.36,15.45,0.17466045330181,11,automatic,ci,ci
2026-08-23T08:28:55.200Z,36.062833333333,-117.837,2.73,1.24,ml,25,49,0.05652,0.16,ci,ci41533592,2026-08-23T08:32:14.525Z,"10 km E of Coso Junction, CA",earthquake,0.2,0.59,0.20294443974495,18,automatic,ci,ci
2026-08-23T08:27:27.670Z,36.066666666667,-117.8315,2.51,0.13,ml,10,63,0.05422,0.1,ci,ci10249550,2026-08-23T20:14:06.157Z,"11 km ENE of Coso Junction, CA",earthquake,0.17,0.19,0.12617053699542,10,reviewed,ci,ci
2026-08-23T08:27:18.930Z,36.075,-117.82316666667,-0.19,0.05,ml,11,100,0.04964,0.26,ci,ci10249382,2026-08-23T20:10:04.074Z,"12 km ENE of Coso Junction, CA",earthquake,0.41,0.85,0.29897117884946,8,reviewed,ci,ci
2026-08-23T08:26:59.620Z,36.066166666667,-117.85833333333,0.86,0.82,ml,15,88,0.05138,0.3,ci,ci41533584,2026-08-23T08:30:22.607Z,"8 km ENE of Coso Junction, CA",earthquake,0.47,0.6,0.11873964815735,6,automatic,ci,ci
2026-08-23T08:25:06.790Z,36.065166666667,-117.83716666667,2.93,0.89,ml,17,62,0.05423,0.11,ci,ci41533576,2026-08-23T08:38:17.032Z,"10 km ENE of Coso Junction, CA",earthquake,0.16,0.49,0.15986485613339,5,reviewed,ci,ci
2026-08-23T08:24:43.960Z,36.0655,-117.83983333333,2.64,0.71,ml,19,64,0.05338,0.11,ci,ci41533568,2026-08-23T15:25:22.944Z,"10 km ENE of Coso Junction, CA",earthquake,0.14,0.16,0.13501060082748,8,reviewed,ci,ci
2026-08-23T08:24:29.680Z,36.069,-117.86566666667,6.22,0.67,ml,5,171,0.04926,0.22,ci,ci10249310,2026-08-23T15:16:26.424Z,"8 km ENE of Coso Junction, CA",earthquake,0.88,2.09,0.3033385379972,4,automatic,ci,ci
2026-08-23T08:22:56.850Z,36.067166666667,-117.8385,2.68,1.34,ml,25,50,0.05202,0.15,ci,ci41533560,2026-08-23T08:28:22.704Z,"10 km ENE of Coso Junction, CA",earthquake,0.18,0.57,0.21181944170261,18,reviewed,ci,ci
2026-08-23T08:22:35.310Z,36.068666666667,-117.83883333333,3.81,0.14,ml,7,131,0.05051,0.04,ci,ci10249270,2026-08-25T00:07:34.178Z,"10 km ENE of Coso Junction, CA",earthquake,0.19,0.48,0.30080867640079,4,reviewed,ci,ci
2026-08-23T08:22:21.610Z,36.063833333333,-117.84066666667,4.25,0.11,ml,4,174,0.05485,0.03,ci,ci10249262,2026-08-25T00:01:58.840Z,"10 km ENE of Coso Junction, CA",earthquake,0.32,0.8,0.13940947400031,2,reviewed,ci,ci
2026-08-23T08:21:57.570Z,36.065,-117.83766666667,3.21,0.76,ml,18,63,0.05429,0.13,ci,ci41533552,2026-08-23T15:25:54.746Z,"10 km ENE of Coso Junction, CA",earthquake,0.19,0.41,0.10438295673555,8,reviewed,ci,ci
2026-08-23T08:19:44.610Z,36.064166666667,-117.83466666667,2.76,1.04,ml,23,50,0.05576,0.15,ci,ci41533544,2026-08-23T08:28:58.390Z,"10 km ENE of Coso Junction, CA",earthquake,0.18,0.53,0.16976051404441,15,reviewed,ci,ci
2026-08-23T08:19:14.240Z,36.061333333333,-117.837,2.61,0.66,ml,13,62,0.05796,0.11,ci,ci10249302,2026-08-23T15:26:24.574Z,"10 km E of Coso Junction, CA",earthquake,0.19,0.22,0.22239965685668,5,reviewed,ci,ci
2026-08-23T08:18:55.410Z,36.062833333333,-117.84066666667,2.82,0.63,ml,8,132,0.05583,0.1,ci,ci10249294,2026-08-23T15:17:00.701Z,"10 km ENE of Coso Junction, CA",earthquake,0.34,1.71,0.077050307938131,2,automatic,ci,ci
2026-08-23T08:18:40.920Z,36.065166666667,-117.84083333333,3.58,0.53,ml,16,65,0.05352,0.1,ci,ci41533536,2026-08-30T03:15:04.483Z,"10 km ENE of Coso Junction, CA",earthquake,0.15,0.3,0.3447327956972,11,reviewed,ci,ci
2026-08-23T08:18:31.090Z,36.063333333333,-117.84266666667,4.59,0.28,ml,8,124,0.05503,0.05,ci,ci10251102,2026-08-30T03:17:34.873Z,"10 km ENE of Coso Junction, CA",earthquake,0.17,0.29,0.1598496551046,5,reviewed,ci,ci
2026-08-23T08:18:18.920Z,36.062166666667,-117.84233333333,3.76,0.41,ml,16,54,0.05622,0.1,ci,ci10249286,2026-08-24T21:30:39.742Z,"10 km ENE of Coso Junction, CA",earthquake,0.18,0.32,0.14888474613242,5,reviewed,ci,ci
2026-08-23T08:17:25.560Z,36.063,-117.83966666667,2.65,1.25,ml,26,49,0.05584,0.14,ci,ci41533528,2026-08-23T08:20:47.224Z,"10 km ENE of Coso Junction, CA",earthquake,0.15,0.2,0.2344151398124,18,automatic,ci,ci
2026-08-23T08:15:17.820Z,36.061166666667,-117.8375,2.63,2.65,ml,35,40,0.05803,0.16,ci,ci41533512,2026-08-23T16:50:06.502Z,"10 km E of Coso Junction, CA",earthquake,0.15,0.2,0.17472975688281,123,reviewed,ci,ci
2026-08-23T08:14:59.665Z,39.3097,-119.0677,9.6335,1.72,ml,25,60,0.062,0.2061,nn,nn00923740,2026-08-23T08:17:00.819Z,"17 km SE of Silver Springs, Nevada",earthquake,,0.5682,0.38,12,automatic,nn,nn
2026-08-23T08:14:58.940Z,36.062666666667,-117.83766666667,2.31,1.78,ml,19,49,0.05654,0.13,ci,ci41533504,2026-08-24T17:45:27.101Z,"10 km E of Coso Junction, CA",earthquake,0.19,0.22,0.22666739185811,26,reviewed,ci,ci
2026-08-23T08:14:31.140Z,36.0645,-117.83533333333,2.7,1.2,ml,24,50,0.05528,0.14,ci,ci41533496,2026-08-23T08:29:36.987Z,"10 km ENE of Coso Junction, CA",earthquake,0.17,0.56,0.18289945275389,14,reviewed,ci,ci
2026-08-23T08:13:58.480Z,36.061166666667,-117.837,2.58,1.31,ml,27,49,0.05813,0.16,ci,ci41533488,2026-08-23T08:29:50.117Z,"10 km E of Coso Junction, CA",earthquake,0.16,0.2,0.21461477835112,18,reviewed,ci,ci
2026-08-23T08:12:38.133Z,-10.9015,162.9618,120.328,5.2,mww,67,96,3.304,0.85,us,us6000tmxn,2026-08-23T08:30:56.040Z,"124 km ESE of Kirakira, Solomon Islands",earthquake,12.2,7.046,0.089,12,reviewed,us,us
2026-08-23T08:11:25.350Z,36.010666666667,-117.805,1.9,0.18,ml,8,85,0.02829,0.08,ci,ci10249334,2026-08-24T21:19:05.331Z,"12 km NE of Little Lake, CA",earthquake,0.19,0.2,0.20049828818522,5,reviewed,ci,ci
2026-08-23T08:11:04.920Z,36.066,-117.833,2.61,0.7,ml,18,59,0.05443,0.11,ci,ci41533480,2026-08-23T08:30:05.905Z,"11 km ENE of Coso Junction, CA",earthquake,0.17,0.19,0.17682829573966,6,reviewed,ci,ci
2026-08-23T08:10:47.640Z,36.060166666667,-117.83916666667,3.29,-0.03,ml,5,138,0.05869,0.06,ci,ci10249342,2026-08-24T21:10:31.312Z,"10 km E of Coso Junction, CA",earthquake,0.34,1.39,0.20828764846476,2,reviewed,ci,ci
2026-08-23T08:10:16.300Z,36.062666666667,-117.837,3.29,0.7,ml,18,62,0.05668,0.13,ci,ci41533472,2026-08-30T01:56:45.984Z,"10 km E of Coso Junction, CA",earthquake,0.2,0.38,0.259399047669,11,reviewed,ci,ci
2026-08-23T08:10:00.690Z,36.074333333333,-117.81266666667,7.43,0.53,ml,8,131,0.05505,0.15,ci,ci10250502,2026-08-24T20:53:56.617Z,"13 km ENE of Coso Junction, CA",earthquake,0.47,0.68,0.20481052049288,4,reviewed,ci,ci
2026-08-23T08:10:00.080Z,36.062833333333,-117.84133333333,4.86,0.64,ml,8,123,0.05572,0.03,ci,ci10249326,2026-08-24T20:46:38.087Z,"10 km ENE of Coso Junction, CA",earthquake,0.16,0.52,0.091589201482486,3,reviewed,ci,ci
2026-08-23T08:07:44.830Z,36.064833333333,-117.83533333333,3.55,1.48,ml,23,61,0.05496,0.13,ci,ci41533464,2026-08-24T20:07:33.656Z,"10 km ENE of Coso Junction, CA",earthquake,0.2,0.36,0.23653446824306,16,reviewed,ci,ci
2026-08-23T08:07:38.150Z,36.011166666667,-117.8085,1.98,0.8,ml,8,87,0.02862,0.02,ci,ci10249374,2026-08-24T20:21:10.331Z,"12 km NE of Little Lake, CA",earthquake,0.14,0.17,0.23041930075306,4,reviewed,ci,ci
2026-08-23T08:07:10.390Z,36.063,-117.83683333333,3.72,1.31,ml,20,62,0.05639,0.1,ci,ci41533456,2026-08-24T20:01:16.344Z,"10 km ENE of Coso Junction, CA",earthquake,0.17,0.27,0.2055280178298,8,reviewed,ci,ci
2026-08-23T08:06:06.790Z,36.0655,-117.83916666667,3.51,2.34,ml,32,41,0.0535,0.14,ci,ci41533448,2026-08-23T16:55:59.534Z,"10 km ENE of Coso Junction, CA",earthquake,0.16,0.32,0.16403869552231,72,reviewed,ci,ci
2026-08-23T08:04:33.910Z,36.063833333333,-117.83683333333,3.17,0.72,ml,11,65,0.05559,0.06,ci,ci10249350,2026-08-30T01:51:12.884Z,"10 km ENE of Coso Junction, CA",earthquake,0.16,0.34,0.34010687280522,8,reviewed,ci,ci
2026-08-23T08:04:02.790Z,38.56233215332,-122.45166778565,0.03999999910593,1.18,md,9,176,0.07823,0.04,nc,nc75423442,2026-08-23T10:42:20.737Z,"1 km S of Angwin, CA",earthquake,0.44,2.17000008,0.02,7,automatic,nc,nc
2026-08-23T08:03:58.810Z,36.0695,-117.8445,2.17,1.13,ml,24,50,0.04871,0.2,ci,ci41533440,2026-08-23T08:07:30.264Z,"10 km ENE of Coso Junction, CA",earthquake,0.24,0.3,0.095838249998112,8,automatic,ci,ci
2026-08-23T08:03:10.650Z,36.064166666667,-117.83966666667,3.47,1.52,ml,24,56,0.0547,0.1,ci,ci41533432,2026-08-24T20:33:04.134Z,"10 km ENE of Coso Junction, CA",earthquake,0.14,0.26,0.21750286148964,12,reviewed,ci,ci
2026-08-23T08:02:54.350Z,36.067,-117.8295,3.68,1.22,ml,8,118,0.05449,0.11,ci,ci10250494,2026-08-24T20:36:50.779Z,"11 km ENE of Coso Junction, CA",earthquake,0.29,0.67,0.19413019551266,3,reviewed,ci,ci
2026-08-23T08:01:15.840Z,36.065833333333,-117.83933333333,2.55,3.36,ml,39,41,0.05315,0.19,ci,ci41533424,2026-08-24T08:04:00.008Z,"10 km ENE of Coso Junction, CA",earthquake,0.17,0.22,0.20010250870702,41,reviewed,ci,ci
2026-08-23T07:59:55.920Z,36.067166666667,-117.83866666667,2.83,3.9626478633798,mw,40,35,0.05199,0.18,ci,ci41533416,2026-08-30T08:10:07.853Z,"10 km ENE of Coso Junction, CA",earthquake,0.16,0.47,,10,reviewed,ci,ci
2026-08-23T07:57:54.560Z,33.687166666667,-116.94933333333,5.65,0.54,ml,32,82,0.02127,0.14,ci,ci41533408,2026-08-23T08:30:56.043Z,"7 km SSE of Hemet, CA",earthquake,0.22,0.33,0.16656802888126,11,reviewed,ci,ci
2026-08-23T07:56:31.104Z,51.728,-174.3301,51.72,2.8,ml,18,204,0.481,0.55,us,us6000tn78,2026-08-26T05:23:15.040Z,"52 km S of Atka, Alaska",earthquake,8.67,20.391,0.105,12,reviewed,us,us
2026-08-23T07:56:22.990Z,33.519333333333,-116.502,13.42,0.35,ml,20,114,0.08725,0.1,ci,ci41533400,2026-08-23T08:30:59.161Z,"16 km ESE of Anza, CA",earthquake,0.28,0.41,0.1117030174431,3,reviewed,ci,ci
2026-08-23T07:53:22.590Z,33.499,-116.48766666667,13.16,0.51,ml,26,70,0.0958,0.12,ci,ci41533392,2026-08-23T08:34:34.160Z,"18 km ESE of Anza, CA",earthquake,0.18,0.45,0.18542944471627,5,reviewed,ci,ci
2026-08-23T07:51:04.642Z,51.6929,176.5608,34.167,4,mb,32,206,1.237,0.69,us,us6000tn08,2026-08-27T21:47:01.186Z,"263 km ESE of Attu Station, Alaska",earthquake,9.81,10.74,0.089,34,reviewed,us,us
2026-08-23T07:42:22.366Z,58.056,-153.49,64.8,3.8,ml,281,53,0.6,1.1,ak,aka2026qqunxm,2026-08-27T21:19:42.538Z,"34 km W of Aleneva, Alaska",earthquake,2.2,2.0608,0.2,157,reviewed,ak,ak
2026-08-23T07:40:02.510Z,33.415333333333,-116.6405,6.26,1.285931231789,ml,28,63,0.08539,0.14,ci,ci41533384,2026-08-23T08:31:16.976Z,"15 km N of Warner Springs, CA",earthquake,0.18,0.53,0.4586341381073,7,reviewed,ci,ci
2026-08-23T07:32:29.860Z,38.831165313721,-122.81566619873,1.6599999666214,0.72,md,9,84,0.008904,0.01,nc,nc75423427,2026-08-23T09:37:21.311Z,"8 km NW of The Geysers, CA",earthquake,0.38,0.829999983,0.16,11,automatic,nc,nc
2026-08-23T07:32:19.590Z,17.908666666667,-66.857333333333,10.81,2.11,md,11,229,0.06925,0.21,pr,pr71529483,2026-08-23T11:26:18.660Z,"8 km SSE of Maria Antonia, Puerto Rico",earthquake,0.9,0.66,0.12766135227795,5,reviewed,pr,pr
2026-08-23T07:25:49.759Z,32.4,-102.074,8.5693,0.2,ml,10,104,0,0.1,tx,tx2026qocsbx,2026-08-24T16:21:39.073Z,"36 km WSW of Ackerly, Texas",earthquake,1.0517754434795,0.90021489963938,0.1,8,reviewed,tx,tx
2026-08-23T07:21:55.960Z,19.4295,-65.398333333333,45.63,3.41,md,11,263,1.121,0.28,pr,pr71529478,2026-08-23T12:49:18.010Z,"120 km NNE of Vieques, Puerto Rico",earthquake,3.35,13.4,0.074015775656351,9,reviewed,pr,pr
2026-08-23T07:19:36.180Z,34.542666666667,-120.47633333333,5.94,2.23,ml,27,128,0.02368,0.2,ci,ci41533376,2026-08-23T17:23:49.707Z,"11 km S of Lompoc, CA",earthquake,0.4,0.8,0.1178446043337,34,reviewed,ci,ci
2026-08-23T07:13:24.380Z,37.091666666667,-112.91966666667,10.5,1.2,ml,10,111,0.1083,0.19,uu,uu80149826,2026-08-24T17:51:24.600Z,"10 km NNE of Hildale, Utah",earthquake,0.59,1.5,0.24772088275736,4,reviewed,uu,uu
2026-08-23T07:11:24.070Z,33.250666666667,-116.01833333333,5.01,1.13,ml,48,65,0.04003,0.17,ci,ci41533368,2026-08-28T21:45:40.230Z,"8 km SW of Salton City, CA",earthquake,0.16,0.41,0.13938564671056,53,reviewed,ci,ci
2026-08-23T07:10:56.222Z,32.425,-102.059,8.7646,0.2,ml,10,90,0,0.1,tx,tx2026qocfhb,2026-08-24T16:48:55.428Z,"34 km WSW of Ackerly, Texas",earthquake,1.9537814765271,1.009257982892,0.2,3,reviewed,tx,tx
2026-08-23T07:10:49.380Z,46.3505,-122.25066666667,7.49,1.15,ml,39,62,0.04822,0.1,uw,uw714084142,2026-08-24T17:20:49.580Z,"23 km S of Morton, Washington",earthquake,0.21,0.29,0.35189316989098,3,reviewed,uw,uw
2026-08-23T07:06:26.790Z,61.272833333333,-152.24083333333,3.28,-0.45,ml,11,106,0.04189,0.07,av,av94399443,2026-08-24T23:34:00.840Z,"63 km WNW of Tyonek, Alaska",earthquake,0.27,0.33,0.23258325750026,11,reviewed,av,av
2026-08-23T07:04:23.025Z,37.6991,-118.106,6.8525,1.59,ml,12,101,0.348,0.1711,nn,nn00923730,2026-08-24T18:55:13.812Z,"4 km NW of Dyer, Nevada",earthquake,,6.1129,0.46,6,reviewed,nn,nn
2026-08-23T07:02:19.270Z,38.775165557861,-122.74099731445,0.25,0.79,md,9,86,0.008724,0.04,nc,nc75423412,2026-08-23T08:27:23.986Z,"1 km E of The Geysers, CA",earthquake,0.28,0.540000021,0.23,9,automatic,nc,nc
2026-08-23T06:56:48.360Z,61.23,-152.474,7.64,-0.5,ml,6,200,0.05724,0.1,av,av94399438,2026-08-24T23:26:31.360Z,"74 km WNW of Tyonek, Alaska",earthquake,0.75,0.66,0.26530487920708,6,reviewed,av,av
2026-08-23T06:42:05.230Z,36.07,-117.83833333333,2.66,0.57,ml,13,62,0.04933,0.09,ci,ci41533360,2026-08-23T08:31:41.608Z,"10 km ENE of Coso Junction, CA",earthquake,0.19,0.32,0.26254934056657,5,reviewed,ci,ci
2026-08-23T06:33:04.465Z,61.555,-141.054,6.3,2,ml,20,67,0.4,0.4,ak,aka2026qqsfuw,2026-08-24T17:29:24.717Z,"100 km E of McCarthy, Alaska",earthquake,3.4,2.7773,0.2,15,reviewed,ak,ak
2026-08-23T06:32:14.701Z,31.965,-102.002,7.1777,0.6,ml,9,74,0,0.1,tx,tx2026qoaxyg,2026-08-24T16:19:43.089Z,"8 km ESE of Midland, Texas",earthquake,0.67691117744945,0.82331145069475,0.5,7,reviewed,tx,tx
2026-08-23T06:28:26.790Z,53.6172,-166.557,85.224,2.5,ml,19,193,0.223,0.31,us,us6000tn77,2026-08-26T04:52:41.040Z,"28 km S of Unalaska, Alaska",earthquake,11.52,14.248,0.105,12,reviewed,us,us
2026-08-23T06:27:07.330Z,38.824501037598,-122.80549621582,3.2300000190735,0.69,md,9,103,0.003743,0.02,nc,nc75423397,2026-08-23T07:07:23.287Z,"7 km NW of The Geysers, CA",earthquake,0.38,1.60000002,0.27,9,automatic,nc,nc
2026-08-23T06:22:38.676Z,31.531,-104,6.51,1.6,ml,23,55,0,0.1,tx,tx2026qoankn,2026-08-24T14:14:59.532Z,"30 km NW of Toyah, Texas",earthquake,0.9238895922572,0.71622457691108,0.2,19,reviewed,tx,tx
2026-08-23T06:20:56.620Z,38.5115,-112.8865,2.07,1.19,md,14,106,0.004941,0.08,uu,uu80149821,2026-08-24T17:48:07.190Z,"16 km NE of Milford, Utah",earthquake,0.28,0.34,0.46410587074793,6,reviewed,uu,uu
2026-08-23T06:14:57.553Z,50.991,-176.137,8.4,2.4,ml,15,261,0.9,0.3,ak,aka2026qqrqcd,2026-08-24T17:25:17.098Z,"104 km SSE of Adak, Alaska",earthquake,8.4,3.4306,0.1,12,reviewed,ak,ak
2026-08-23T06:03:52.921Z,60.6012,-139.8795,5,2.5,ml,24,162,0.597,0.84,us,us6000tmx1,2026-08-24T16:07:46.815Z,"117 km N of Yakutat, Alaska",earthquake,3.39,2.002,0.051,50,reviewed,us,us
2026-08-23T05:54:27.655Z,61.03,-152.279,117.4,1.8,ml,55,28,0.2,0.7,ak,aka2026qqqyhs,2026-08-24T16:03:20.884Z,"61 km W of Tyonek, Alaska",earthquake,3.5,2.0312,0.4,38,reviewed,ak,ak
2026-08-23T05:51:42.797Z,61.731,-147.341,26.6,1.8,ml,38,75,0.1,0.9,ak,aka2026qqqvym,2026-08-24T15:59:32.682Z,"18 km ESE of Glacier View, Alaska",earthquake,2.5,1.4811,0.2,27,reviewed,ak,ak
2026-08-23T05:47:50.880Z,10.6621,-65.2296,10,4,mb,18,137,1.566,0.49,us,us6000tmx3,2026-08-30T08:23:30.074Z,"62 km NNE of Boca de Uchire, Venezuela",earthquake,7.98,1.954,0.13,16,reviewed,us,us
2026-08-23T05:42:50.770Z,50.901,-177.842,11.4,2.2,ml,13,284,0.9,0.7,ak,aka2026qqqogg,2026-08-24T15:56:12.628Z,"137 km SW of Adak, Alaska",earthquake,7.7,4.191,0.2,10,reviewed,ak,ak
2026-08-23T05:41:43.779Z,32.407,-102.074,8.7158,0.3,ml,21,68,0,0.2,tx,tx2026qnzgjy,2026-08-24T10:03:14.961Z,"36 km WSW of Ackerly, Texas",earthquake,0.60824504678889,0.76914985491383,0.1,12,reviewed,tx,tx
2026-08-23T05:39:21.584Z,-18.3622,-178.1271,572.73,4.3,mb,54,101,3.036,0.81,us,us6000tmww,2026-08-30T07:40:36.040Z,"272 km E of Levuka, Fiji",earthquake,14.28,8.392,0.071,56,reviewed,us,us
2026-08-23T05:24:34.523Z,61.452,-146.616,13.3,1.8,ml,41,46,0.3,0.8,ak,aka2026qqpykq,2026-08-24T15:49:58.262Z,"38 km NNW of Valdez, Alaska",earthquake,2.3,1.4222,0.1,30,reviewed,ak,ak
2026-08-23T05:16:20.168Z,60.716,-150.612,51.7,1.6,ml,31,62,0.3,0.6,ak,aka2026qqpquv,2026-08-24T15:32:16.522Z,"21 km NNE of Sterling, Alaska",earthquake,2.7,4.508,0.1,23,reviewed,ak,ak
2026-08-23T05:12:57.160Z,33.418,-116.6425,6.6,0.05,ml,30,59,0.08359,0.14,ci,ci41533352,2026-08-23T08:34:40.770Z,"15 km N of Warner Springs, CA",earthquake,0.17,0.41,0.038002088215107,3,reviewed,ci,ci
2026-08-23T05:11:42.592Z,-0.0426,120.4985,105.862,4.2,mb,20,116,4.994,0.54,us,us7000tckz,2026-08-30T07:29:05.040Z,"118 km NE of Palu, Indonesia",earthquake,14.75,7.151,0.128,17,reviewed,us,us
2026-08-23T05:10:57.630Z,60.396166666667,-152.85716666667,5.63,0.15,ml,4,304,0.04742,0.12,av,av94399308,2026-08-24T22:40:27.110Z,"76 km WNW of Ninilchik, Alaska",earthquake,1.65,1.57,0.14538978921219,3,reviewed,av,av
2026-08-23T05:06:04.556Z,60.691,-150.52,48.5,3.4,ml,193,46,0.2,1.1,ak,aka2026qqpiix,2026-08-30T07:28:43.673Z,"21 km NE of Sterling, Alaska",earthquake,1.6,2.2389,0.2,134,reviewed,ak,ak
2026-08-23T05:06:00.170Z,33.660833333333,-117.00916666667,12.06,0.48,ml,24,73,0.0108,0.13,ci,ci41533344,2026-08-23T08:31:33.558Z,"9 km SE of Winchester, CA",earthquake,0.21,0.31,0.16445956733526,11,reviewed,ci,ci
2026-08-23T05:05:58.703Z,31.536,-103.999,6.5356,1.5,ml,37,55,0,0.2,tx,tx2026qnxyyk,2026-08-24T08:13:26.614Z,"31 km NW of Toyah, Texas",earthquake,0.98753761582314,0.81138301803225,0.2,25,reviewed,tx,tx
2026-08-23T05:02:35.495Z,61.569,-150.271,61.8,3.3,ml,195,12,0.3,1,ak,aka2026qqpfaq,2026-08-30T07:26:14.522Z,"13 km ENE of Susitna, Alaska",earthquake,1.6,1.5421,0.2,138,reviewed,ak,ak
2026-08-23T04:53:45.953Z,31.991,-102.368,8.5205,0.6,ml,17,82,0,0.2,tx,tx2026qnxrbt,2026-08-24T11:00:49.888Z,"3 km SSE of Gardendale, Texas",earthquake,1.2064803418222,2.371076054348,0.2,7,reviewed,tx,tx
2026-08-23T04:34:59.360Z,52.4225,-174.10683333333,6.53,0.24,ml,5,309,0.03142,0.15,av,av94399283,2026-08-24T22:28:56.340Z,"25 km NNE of Atka, Alaska",earthquake,2.23,0.77,0.19729507580912,5,reviewed,av,av
2026-08-23T04:34:40.870Z,35.670666666667,-117.48233333333,6.09,0.89,ml,20,55,0.04806,0.16,ci,ci41533336,2026-08-23T08:31:37.600Z,"13 km SSW of Searles Valley, CA",earthquake,0.27,0.68,0.1270487556571,8,reviewed,ci,ci
2026-08-23T04:29:14.812Z,60.663,-152.135,96.5,2.5,ml,111,36,0.3,0.7,ak,aka2026qqocjo,2026-08-24T15:29:05.592Z,"44 km W of Salamatof, Alaska",earthquake,2.7,1.5195,0.2,79,reviewed,ak,ak
2026-08-23T04:26:07.140Z,58.168166666667,-155.3525,0.41,0.02,ml,11,75,0.04416,0.11,av,av94399268,2026-08-24T21:12:22.370Z,"85 km NW of Karluk, Alaska",earthquake,0.21,0.92,0.13100567500755,11,reviewed,av,av
2026-08-23T04:24:48.130Z,19.1915,-155.50716666667,32.9,1.82,ml,43,86,0.0557,0.12,hv,hv75022732,2026-08-25T00:40:11.280Z,"3 km WSW of Pāhala, Hawaii",earthquake,0.43,0.51,0.061312527629756,5,reviewed,hv,hv
2026-08-23T04:16:22.180Z,35.611499786377,-120.76000213623,6.6599998474121,1.41,md,18,108,0.04629,0.05,nc,nc75423367,2026-08-23T06:12:20.876Z,"8 km WSW of Paso Robles, CA",earthquake,0.3,0.529999971,0.12,9,automatic,nc,nc
2026-08-23T04:04:29.614Z,59.839,-151.762,80.3,1.9,ml,39,52,0.4,0.7,ak,aka2026qqngzh,2026-08-24T15:25:00.599Z,"7 km NNE of Anchor Point, Alaska",earthquake,3.2,2.6522,0.3,19,reviewed,ak,ak
2026-08-23T03:58:01.090Z,35.0265,-117.59816666667,1.85,0.99,ml,14,93,0.1222,0.09,ci,ci41533320,2026-08-23T08:31:58.509Z,"6 km ENE of Boron, CA",earthquake,0.18,0.28,0.18675196219293,13,reviewed,ci,ci
2026-08-23T03:57:12.434Z,31.736,-104.119,7.8815,2.3,ml,45,61,0,0.1,tx,tx2026qnvuhk,2026-08-24T08:00:06.538Z,"49 km W of Mentone, Texas",earthquake,0.41460543630267,0.41484805131528,0.2,26,reviewed,tx,tx
2026-08-23T03:44:57.056Z,17.7854,96.0025,10,4.6,mb,22,96,2.875,0.64,us,us6000tmwk,2026-08-23T04:10:28.040Z,"26 km E of Letpandan, Burma (Myanmar)",earthquake,8.52,1.916,0.152,13,reviewed,us,us
2026-08-23T03:36:52.890Z,18.146166666667,-67.305666666667,17.04,2.43,md,15,195,0.1767,0.26,pr,pr71529458,2026-08-23T10:30:48.710Z,"14 km WNW of Puerto Real, Puerto Rico",earthquake,0.9,0.56,0.16453598125666,5,reviewed,pr,pr
2026-08-23T03:36:00.270Z,38.82799911499,-122.81483459473,1.6399999856949,0.77,md,12,74,0.005913,0.03,nc,nc75423342,2026-08-23T04:07:20.968Z,"8 km NW of The Geysers, CA",earthquake,0.28,0.649999976,0.32,13,automatic,nc,nc
2026-08-23T03:30:18.730Z,38.508,-112.88833333333,2.18,0.87,md,11,97,0.006547,0.06,uu,uu80149806,2026-08-24T16:02:45.690Z,"16 km NE of Milford, Utah",earthquake,0.31,0.34,0.35556595445189,2,reviewed,uu,uu
2026-08-23T03:25:40.330Z,32.406166666667,-116.3335,14.55,1.09,ml,21,140,0.2457,0.16,ci,ci41533312,2026-08-30T03:10:19.350Z,"26 km SSE of Campo, CA",earthquake,0.31,0.62,0.19929585644897,11,reviewed,ci,ci
2026-08-23T03:23:07.043Z,57.585,-154.894,80.3,1.7,ml,21,180,0.2,0.3,ak,aka2026qqlxce,2026-08-24T15:21:56.470Z,"26 km W of Karluk, Alaska",earthquake,6.6,4.0522,0.1,14,reviewed,ak,ak
2026-08-23T03:16:47.040Z,38.839000701904,-122.87733459473,2.5099999904633,0.96,md,10,103,0.004841,0.02,nc,nc75423332,2026-08-23T03:57:22.914Z,"13 km WNW of The Geysers, CA",earthquake,0.9,1.22000003,0.33,10,automatic,nc,nc
2026-08-23T03:10:40.550Z,38.794998168945,-122.76216888428,2.9400000572205,0.93,md,10,69,0.005938,0.02,nc,nc75423327,2026-08-23T03:42:21.803Z,"2 km NNW of The Geysers, CA",earthquake,0.41,0.730000019,0.2,12,automatic,nc,nc
2026-08-23T03:09:54.300Z,52.174,-176.35633333333,1.94,1.26,ml,9,255,0.1365,0.48,av,av94399208,2026-08-24T21:05:52.880Z,"38 km NNE of Adak, Alaska",earthquake,1.87,2.91,0.30826188822457,9,reviewed,av,av
2026-08-23T03:02:13.200Z,38.826499938965,-122.85216522217,2.3199999332428,0.77,md,15,91,0.003822,0.02,nc,nc75423322,2026-08-23T03:32:19.730Z,"10 km WNW of The Geysers, CA",earthquake,0.25,0.600000024,0.13,16,automatic,nc,nc
2026-08-23T02:59:51.950Z,34.90833333,-97.56366667,6.24,1,ml,49,53,0.02969417299,0.34,ok,ok2026qltq,2026-08-24T12:54:33.582Z,"8 km NNE of Lindsay, Oklahoma",earthquake,,0.7,0.2,26,reviewed,ok,ok
2026-08-23T02:51:38.580Z,38.790832519531,-122.76033020019,0.50999999046326,0.75,md,11,65,0.00979,0.03,nc,nc75423317,2026-08-23T03:22:21.665Z,"2 km NNW of The Geysers, CA",earthquake,0.28,0.469999999,0.06,12,automatic,nc,nc
2026-08-23T02:51:24.260Z,46.7515,-121.9445,2.68,0.29,md,24,231,0.02219,0.06,uw,uw714084102,2026-08-24T17:12:25.680Z,"6 km E of Ashford, Washington",earthquake,0.31,0.38,0.28324559996319,22,reviewed,uw,uw
2026-08-23T02:48:15.395Z,50.821,-174.98,5.3,2.5,ml,20,274,1.3,0.5,ak,aka2026qqksvt,2026-08-24T15:17:36.161Z,"162 km SSW of Atka, Alaska",earthquake,6.9,5.9597,0.1,15,reviewed,ak,ak
2026-08-23T02:46:18.430Z,33.537833333333,-116.72833333333,2.34,0.27,ml,18,43,0.02848,0.12,ci,ci41533304,2026-08-23T08:37:08.851Z,"5 km WSW of Anza, CA",earthquake,0.15,0.16,0.05029618941836,3,reviewed,ci,ci
2026-08-23T02:34:45.280Z,58.362166666667,-154.94233333333,4.8,0.57,ml,13,111,0.0772,0.25,av,av94399173,2026-08-25T05:10:20.080Z,"92 km NNW of Karluk, Alaska",earthquake,0.49,0.89,0.16984534276135,13,reviewed,av,av
2026-08-23T02:30:51.050Z,33.096833333333,-116.65183333333,12.45,0.87,ml,42,36,0.04824,0.16,ci,ci41533288,2026-08-23T08:32:52.711Z,"5 km WNW of Julian, CA",earthquake,0.19,0.44,0.21966699828085,21,reviewed,ci,ci
2026-08-23T02:23:47.243Z,61.967,-155.752,2.3,3.1,ml,80,50,0.5,1,ak,aka2026qqjxri,2026-08-24T15:14:58.216Z,"48 km ENE of Stony River, Alaska",earthquake,2.2,2.2431,0.2,60,reviewed,ak,ak
2026-08-23T02:18:07.976Z,61.019,-150.712,1.4,2,ml,51,49,0.3,0.8,ak,aka2026qqjstl,2026-08-24T15:10:27.626Z,"10 km N of Point Possession, Alaska",earthquake,2,1.8026,0.1,38,reviewed,ak,ak
2026-08-23T02:15:07.970Z,36.0655,-117.83783333333,3.08,0.58,ml,13,105,0.05377,0.09,ci,ci41533280,2026-08-23T08:33:09.400Z,"10 km ENE of Coso Junction, CA",earthquake,0.16,0.4,0.24014322441532,5,reviewed,ci,ci
2026-08-23T02:09:25.210Z,52.1185,-176.242,4.69,0.48,ml,5,309,0.08674,0.27,av,av94399123,2026-08-24T20:15:18.550Z,"38 km NE of Adak, Alaska",earthquake,1.59,1.82,0.19519655599283,5,reviewed,av,av
2026-08-23T02:07:56.693Z,32.057,-103.708,7.7917,1.2,ml,20,66,0,0.2,tx,tx2026qnsefq,2026-08-24T10:17:14.659Z,"39 km ESE of Malaga, New Mexico",earthquake,0.52518574681596,0.76455163600485,0.2,7,reviewed,tx,tx
2026-08-23T02:05:13.689Z,51.531,-179.828,2.4,2.3,ml,17,167,0.5,0.5,ak,aka2026qqjhon,2026-08-24T15:07:58.073Z,"224 km W of Adak, Alaska",earthquake,6.5,2.5452,0.2,12,reviewed,ak,ak
2026-08-23T02:02:03.745Z,53.875,-162.997,10.2,2.6,ml,16,245,0.9,0.6,ak,aka2026qqjesw,2026-08-23T19:24:54.135Z,"112 km SSE of False Pass, Alaska",earthquake,6.8,3.8157,0.1,12,reviewed,ak,ak
2026-08-23T01:55:12.971Z,50.182,-179.399,5,2.7,ml,12,293,1.4,0.8,ak,aka2026qqizeb,2026-08-23T19:23:19.777Z,"270 km SW of Adak, Alaska",earthquake,10.1,0,0.3,12,reviewed,ak,ak
2026-08-23T01:54:29.440Z,32.931166666667,-115.53283333333,9.67,1.33,ml,31,40,0.03777,0.28,ci,ci41533272,2026-08-28T21:26:38.180Z,"5 km S of Brawley, CA",earthquake,0.33,0.72,0.1775070894544,32,reviewed,ci,ci
2026-08-23T01:44:15.624Z,29.145,-97.698,8.9477,1,ml,12,74,0.1,0.2,tx,tx2026qnrjuk,2026-08-24T09:35:50.998Z,"14 km SSW of Smiley, Texas",earthquake,0.78295161400918,0.99732695799016,0.2,7,reviewed,tx,tx
2026-08-23T01:40:14.830Z,36.314333333333,-89.535,9.61,1.73,md,24,53,0.02754,0.06,nm,nm60627171,2026-08-26T13:25:37.470Z,"7 km NW of Ridgely, Tennessee",earthquake,0.21,0.34,0.16853593102355,16,reviewed,nm,nm
2026-08-23T01:37:01.410Z,47.351666666667,-123.4195,11.77,0.61,ml,16,89,0.0678,0.19,uw,uw714083992,2026-08-24T18:41:55.830Z,"19 km W of Skokomish, Washington",earthquake,0.4,0.81,0.13074685968782,4,reviewed,uw,uw
2026-08-23T01:34:16.855Z,51.676,-176.692,76.7,1.7,ml,13,206,0.2,0.3,ak,aka2026qqigsw,2026-08-23T19:20:19.832Z,"22 km S of Adak, Alaska",earthquake,31.6,6.3026,0.3,10,reviewed,ak,ak
2026-08-23T01:33:32.650Z,18.991833333333,-67.6825,19.92,3.32,md,14,315,0.6342,0.27,pr,pr71529443,2026-08-23T02:04:46.970Z,"82 km NW of San Antonio, Puerto Rico",earthquake,1.49,23.65,0.11539790507582,9,reviewed,pr,pr
2026-08-23T01:24:52.120Z,36.062333333333,-117.83816666667,2.73,1.5,ml,24,49,0.05677,0.16,ci,ci41533264,2026-08-23T08:33:19.289Z,"10 km E of Coso Junction, CA",earthquake,0.19,0.59,0.20451247539719,17,reviewed,ci,ci
2026-08-23T01:18:16.897Z,58.069,-155.134,107.9,2.4,ml,52,93,0.1,0.5,ak,aka2026qqhsvr,2026-08-23T19:18:36.008Z,"68 km NW of Karluk, Alaska",earthquake,5,2.0501,0.2,39,reviewed,ak,ak
2026-08-23T01:18:05.910Z,38.829498291016,-122.81483459473,1.7599999904633,1.38,md,26,44,0.007139,0.02,nc,nc75423277,2026-08-23T02:22:21.228Z,"8 km NW of The Geysers, CA",earthquake,0.19,0.340000004,0.16,26,automatic,nc,nc
2026-08-23T01:13:03.290Z,33.4775,-116.43416666667,5.68,0.57,ml,21,235,0.1415,0.15,ci,ci41533256,2026-08-23T08:33:21.563Z,"24 km SSW of La Quinta, CA",earthquake,0.61,1.01,0.18841572441001,9,reviewed,ci,ci
2026-08-23T00:56:47.281Z,32.173,-101.532,8.9111,1.1,ml,51,40,0,0.1,tx,tx2026qnpuwe,2026-08-24T09:51:44.654Z,"9 km SSW of Big Spring, Texas",earthquake,0.40668020030706,0.6682171348615,0.2,21,reviewed,tx,tx
2026-08-23T00:52:38.602Z,51.324,-176.091,26.3,2.6,ml,21,235,0.6,0.4,ak,aka2026qqgwoh,2026-08-23T19:17:07.464Z,"71 km SSE of Adak, Alaska",earthquake,8.3,3.6612,0.1,17,reviewed,ak,ak
2026-08-23T00:51:40.388Z,60.162,-153.222,133.8,1.5,ml,28,160,0.1,0.7,ak,aka2026qqgvvo,2026-08-23T19:15:17.062Z,"60 km E of Port Alsworth, Alaska",earthquake,6.7,2.9625,0.4,20,reviewed,ak,ak
2026-08-23T00:50:37.910Z,60.03,-153.0785,-1.79,-0.47,ml,5,99,0.02844,0.08,av,av94399028,2026-08-24T20:00:17.130Z,"63 km ENE of Pedro Bay, Alaska",earthquake,0.29,4.47,0.23312230010543,5,reviewed,av,av
2026-08-23T00:47:53.980Z,35.920166015625,-120.47183227539,4.3000001907349,2.82,md,58,39,0.01529,0.14,nc,nc75423267,2026-08-23T07:11:45.380Z,"4 km NW of Parkfield, CA",earthquake,0.16,0.270000011,0.13,66,automatic,nc,nc
2026-08-23T00:37:37.940Z,17.9885,-66.805166666667,16.75,1.93,md,10,186,0.03391,0.11,pr,pr71529438,2026-08-23T01:06:35.750Z,"1 km ESE of Indios, Puerto Rico",earthquake,0.55,0.43,0.14473019139072,6,reviewed,pr,pr
2026-08-23T00:32:26.580Z,18.875833511352,-155.22766113281,6.5700001716614,1.93,md,14,268,0.3557,0.129999995,hv,hv75022682,2026-08-23T00:36:09.550Z,"42 km ESE of Naalehu, Hawaii",earthquake,0.9,0.899999976,0.13587399234893,14,automatic,hv,hv
2026-08-23T00:32:24.675Z,36.9495,141.9148,24.086,4.4,mb,38,150,3.004,0.83,us,us6000tmw4,2026-08-23T02:15:30.040Z,"90 km ESE of Tomioka, Japan",earthquake,6.17,6.942,0.112,26,reviewed,us,us
2026-08-23T00:29:29.240Z,33.415166666667,-116.63883333333,6.51,1.2729935715673,ml,22,70,0.08503,0.17,ci,ci41533240,2026-08-23T08:33:17.547Z,"15 km N of Warner Springs, CA",earthquake,0.24,0.57,0.39532402157784,7,reviewed,ci,ci
2026-08-23T00:27:46.550Z,36.068,-117.8425,2.57,2.3,ml,31,41,0.05048,0.14,ci,ci41533232,2026-08-23T08:33:39.298Z,"10 km ENE of Coso Junction, CA",earthquake,0.15,0.19,0.23809058762191,25,reviewed,ci,ci
2026-08-23T00:19:14.410Z,58.170166666667,-155.32533333333,0.31,-0.08,ml,5,114,0.04035,0.02,av,av94398993,2026-08-24T19:43:16.880Z,"84 km NW of Karluk, Alaska",earthquake,0.27,1.7,0.27239599637604,5,reviewed,av,av
2026-08-23T00:16:22.050Z,32.789833333333,-115.552,12.29,1.59,ml,29,48,0.0526,0.27,ci,ci41533224,2026-08-24T19:54:09.957Z,"1 km ENE of El Centro, CA",earthquake,0.35,0.65,0.29284231758048,21,reviewed,ci,ci
2026-08-23T00:03:56.442Z,31.526,-104.003,6.9714,2.4,ml,42,56,0,0.2,tx,tx2026qnnzvg,2026-08-24T07:45:38.015Z,"30 km NW of Toyah, Texas",earthquake,0.82349744554004,0.48493699569758,0.1,23,reviewed,tx,tx
2026-08-23T00:03:41.040Z,48.092333333333,-123.75583333333,3.02,0.92,md,7,103,0.04006,0.18,uw,uw714083822,2026-08-24T16:58:41.650Z,"24 km W of Port Angeles, Washington",earthquake,0.56,0.62,0.35039776472404,5,reviewed,uw,uw
2026-08-23T00:01:17.363Z,59.388,-152.64,72.4,1.7,ml,32,92,0.4,0.3,ak,aka2026qqfdwb,2026-08-23T19:12:14.944Z,"41 km W of Nanwalek, Alaska",earthquake,3.9,3.0955,0.2,21,reviewed,ak,ak
2026-08-22T23:59:13.560Z,38.760333333333,-122.73033333333,1.52,0.31,md,11,96,0.004459,0.03,nc,nc75423237,2026-08-29T19:32:24.143Z,"3 km SE of The Geysers, CA",earthquake,0.3,0.52,0.137,6,reviewed,nc,nc
2026-08-22T23:58:13.750Z,47.1755,-121.97533333333,13.84,0.59,md,18,102,0.0156,0.1,uw,uw714083812,2026-08-24T21:43:22.340Z,"3 km SSE of Enumclaw, Washington",earthquake,0.3,0.59,0.17140712225048,15,reviewed,uw,uw
2026-08-22T23:55:09.570Z,32.998833333333,-116.36433333333,10.05,0.86,ml,36,35,0.04734,0.18,ci,ci41533216,2026-08-23T08:33:55.327Z,"24 km ESE of Julian, CA",earthquake,0.18,0.42,0.23167754985231,20,reviewed,ci,ci
2026-08-22T23:53:41.880Z,33.949333333333,-116.93216666667,20.14,0.22,ml,8,117,0.1342,0.13,ci,ci10250470,2026-08-24T19:49:09.471Z,"5 km ENE of Beaumont, CA",earthquake,0.47,1.09,0.25976401928264,5,reviewed,ci,ci
2026-08-22T23:53:10.040Z,33.448166666667,-116.66183333333,3.81,0.27,ml,15,89,0.06811,0.12,ci,ci41533208,2026-08-24T18:14:40.333Z,"12 km S of Anza, CA",earthquake,0.28,0.63,0.075127999797999,7,reviewed,ci,ci
2026-08-22T23:39:12.700Z,36.7169,-116.0702,5.3963,1.57,ml,44,98,0.031,0.101,nn,nn00923725,2026-08-25T21:39:25.923Z,"39 km WNW of Indian Springs, Nevada",earthquake,,0.4481,0.36,17,reviewed,nn,nn
2026-08-22T23:27:59.510Z,61.2505,-152.66216666667,10.24,0.36,ml,14,164,0.05493,0.17,av,av94398948,2026-08-24T20:09:47.960Z,"84 km WNW of Tyonek, Alaska",earthquake,0.45,0.71,0.24798169036794,14,reviewed,av,av
2026-08-22T23:15:36.581Z,51.619,-178.781,20.5,2,ml,17,116,0.1,0.3,ak,aka2026qqdqmf,2026-08-25T00:43:28.132Z,"150 km WSW of Adak, Alaska",earthquake,6.9,2.3874,0.2,13,reviewed,ak,ak
2026-08-22T23:02:53.824Z,64.975,-147.425,0,1.4,ml,18,56,0.1,0.5,ak,aka2026qqdfmf,2026-08-25T00:41:47.821Z,"9 km ENE of Fox, Alaska",quarry blast,4,0,0.2,13,reviewed,ak,ak
2026-08-22T23:00:46.290Z,19.255833333333,-155.3515,31.28,2.07,md,30,167,0.04713,0.12,hv,hv75022622,2026-08-25T03:07:55.190Z,"14 km ENE of Pāhala, Hawaii",earthquake,0.58,0.46,0.11145347207897,5,reviewed,hv,hv
2026-08-22T22:59:24.070Z,46.755333333333,-121.94133333333,3.26,0.14,md,14,258,0.04302,0.12,uw,uw714083662,2026-08-24T21:32:26.290Z,"6 km E of Ashford, Washington",earthquake,0.5,0.76,0.31693338966909,14,reviewed,uw,uw
2026-08-22T22:53:03.110Z,46.841833333333,-121.83266666667,0.94,0.82,ml,14,106,0.02422,0.16,uw,uw714083642,2026-08-24T21:18:54.340Z,"17 km ENE of Ashford, Washington",earthquake,0.4,1.08,0.43472395197664,2,reviewed,uw,uw
2026-08-22T22:48:46.220Z,36.845664978027,-121.41967010498,5.4499998092651,1.15,md,10,99,0.06815,0.22,nc,nc75423207,2026-08-22T23:47:28.158Z,"2 km W of Hollister, CA",earthquake,0.8,2.53999996,0.27,8,automatic,nc,nc
2026-08-22T22:48:33.310Z,36.069666666667,-117.84233333333,2.6,0.84,ml,18,66,0.04888,0.12,ci,ci41533200,2026-08-23T08:34:12.022Z,"10 km ENE of Coso Junction, CA",earthquake,0.18,0.2,0.23956183595374,13,reviewed,ci,ci
2026-08-22T22:43:10.471Z,32.125,-102.211,6.9092,0.3,ml,18,85,0,0.2,tx,tx2026qnljsn,2026-08-25T15:22:58.769Z,"18 km NW of Midland, Texas",earthquake,1.4449146214643,1.5328524785964,0.2,9,reviewed,tx,tx
2026-08-22T22:38:09.820Z,46.762666666667,-121.92733333333,0.45,1.36,ml,33,126,0.02366,0.15,uw,uw714083612,2026-08-24T21:15:41.430Z,"7 km E of Ashford, Washington",earthquake,0.22,1.09,0.038568887992972,4,reviewed,uw,uw
2026-08-22T22:37:40.580Z,36.0705,-117.84183333333,2.62,1.71,ml,28,50,0.04815,0.15,ci,ci41533192,2026-08-23T08:34:16.239Z,"10 km ENE of Coso Junction, CA",earthquake,0.15,0.21,0.21922121636819,26,reviewed,ci,ci
2026-08-22T22:28:44.179Z,54.564,-160.265,3.6,3.4,ml,57,209,1.1,0.6,ak,aka2026qqcbwo,2026-08-25T00:41:53.209Z,"87 km S of Sand Point, Alaska",earthquake,4.7,2.8857,0.1,41,reviewed,ak,ak
2026-08-22T22:28:02.146Z,59.621,-153.312,116.4,1.9,ml,55,60,0.1,0.6,ak,aka2026qqcbgn,2026-08-25T00:40:17.559Z,"48 km ESE of Pedro Bay, Alaska",earthquake,4.7,2.1867,0.3,42,reviewed,ak,ak
2026-08-22T22:26:22.075Z,51.923,-175.834,159.5,2,ml,17,186,0.1,0.2,ak,aka2026qqbzqd,2026-08-25T00:39:51.102Z,"55 km E of Adak, Alaska",earthquake,65.8,4.679,0.4,12,reviewed,ak,ak
2026-08-22T22:21:44.247Z,59.983,-152.959,122.3,2.1,ml,82,51,0,0.6,ak,aka2026qqbvff,2026-08-25T00:38:21.485Z,"67 km WNW of Anchor Point, Alaska",earthquake,3.5,1.5737,0.3,57,reviewed,ak,ak
2026-08-22T22:17:19.760Z,36.0825,-117.89583333333,3.88,0.01,ml,6,179,0.04824,0.05,ci,ci41533184,2026-08-24T19:46:37.148Z,"6 km NE of Coso Junction, CA",earthquake,0.29,0.39,0.16351625812654,3,reviewed,ci,ci
2026-08-22T22:17:03.910Z,36.039001464844,-120.59833526611,3.3800001144409,1.33,md,16,69,0.02979,0.04,nc,nc75423177,2026-08-22T22:57:20.804Z,"22 km NW of Parkfield, CA",earthquake,0.31,0.569999993,0.38,7,automatic,nc,nc
2026-08-22T22:14:43.323Z,36.7096,71.3423,175.8,4.4,mb,49,67,2.787,1.01,us,us6000tmuw,2026-08-22T22:37:55.040Z,"17 km W of Ashkāsham, Afghanistan",earthquake,6.74,7.373,0.081,44,reviewed,us,us
2026-08-22T22:01:02.600Z,-8.1213,120.741,10,4.5,mb,17,96,3.239,0.67,us,us6000tmut,2026-08-22T22:53:44.040Z,"62 km NNE of Ruteng, Indonesia",earthquake,9.67,1.941,0.163,11,reviewed,us,us
2026-08-22T22:00:01.810Z,38.80933380127,-122.81383514404,3.7300000190735,1.06,md,13,56,0.012,0.02,nc,nc75423167,2026-08-22T22:01:39.879Z,"6 km NW of The Geysers, CA",earthquake,0.36,0.75999999,0.27,13,automatic,nc,nc
2026-08-22T21:53:41.193Z,14.1261,-93.3288,10,4.5,mb,48,190,2.432,1.32,us,us6000tmuq,2026-08-22T22:16:57.040Z,"117 km SW of Puerto Madero, Mexico",earthquake,5.19,1.968,0.044,154,reviewed,us,us
2026-08-22T21:41:06.994Z,61.788,-149.459,20.1,1.6,ml,28,54,0.3,0.9,ak,aka2026qqamou,2026-08-25T00:37:33.613Z,"12 km WNW of Fishhook, Alaska",earthquake,2.9,2.2861,0.2,20,reviewed,ak,ak
2026-08-22T21:40:39.680Z,17.881,-66.845666666667,10.24,2.55,md,19,208,0.09886,0.13,pr,pr71529418,2026-08-22T21:52:38.880Z,"11 km SSE of Maria Antonia, Puerto Rico",earthquake,0.36,0.57,0.10371573378994,8,reviewed,pr,pr
2026-08-22T21:37:11.950Z,35.676,-117.53883333333,4.99,0.44,ml,15,70,0.09436,0.15,ci,ci41533168,2026-08-23T08:34:24.158Z,"14 km ENE of Ridgecrest, CA",earthquake,0.3,0.56,0.13399172195968,6,reviewed,ci,ci
2026-08-22T21:34:42.038Z,31.687,-104.303,9.0735,1.8,ml,25,69,0,0.1,tx,tx2026qnjcqm,2026-08-24T14:34:57.518Z,"54 km S of Whites City, New Mexico",earthquake,0.67255618073134,0.99632576815335,0.1,23,reviewed,tx,tx
2026-08-22T21:33:33.994Z,67.436,-156.605,2,2.6,ml,13,84,1.2,0.4,ak,aka2026qqagal,2026-08-25T01:15:40.337Z,"60 km NNE of Kobuk, Alaska",earthquake,7,5.968,0.1,10,reviewed,ak,ak
2026-08-22T21:28:45.290Z,38.830501556396,-122.81483459473,1.6000000238419,1.3,md,22,48,0.008011,0.02,nc,nc75423157,2026-08-23T00:47:27.544Z,"8 km NW of The Geysers, CA",earthquake,0.19,0.340000004,0.1,22,automatic,nc,nc
2026-08-22T21:18:57.110Z,36.068666666667,-117.84433333333,2.56,1.62,ml,28,50,0.04955,0.13,ci,ci41533152,2026-08-23T08:34:32.300Z,"10 km ENE of Coso Junction, CA",earthquake,0.14,0.19,0.31029144419687,23,reviewed,ci,ci
2026-08-22T21:14:59.624Z,32.29,-101.796,6.5186,0.3,ml,21,64,0,0.2,tx,tx2026qnilto,2026-08-25T13:11:18.841Z,"17 km N of Stanton, Texas",earthquake,0.67894401024388,0.75670989227762,0.1,8,reviewed,tx,tx
2026-08-22T21:06:41.920Z,60.480166666667,-152.735,-2.98,-0.37,ml,8,125,0.02207,0.16,av,av94398783,2026-08-24T19:47:46.210Z,"76 km NW of Ninilchik, Alaska",earthquake,0.3,0.49,0.1631114095424,7,reviewed,av,av
2026-08-22T21:06:08.653Z,59.16,-153.556,105.2,1.2,ml,21,135,0.2,0.4,ak,aka2026qpzigm,2026-08-24T22:16:57.285Z,"69 km SE of Pope-Vannoy Landing, Alaska",earthquake,7.7,4.6775,0.3,12,reviewed,ak,ak
2026-08-22T21:05:22.723Z,54.57,-159.917,5.8,2.6,ml,11,279,1.3,0.6,ak,aka2026qpzhrv,2026-08-24T22:14:53.337Z,"93 km SSE of Sand Point, Alaska",earthquake,10.4,7.613,0.1,9,reviewed,ak,ak
2026-08-22T21:04:16.269Z,52.0166,176.3905,10,3.7,ml,17,189,1.313,0.83,us,us6000tmwh,2026-08-23T23:33:13.040Z,"236 km ESE of Attu Station, Alaska",earthquake,7.34,1.988,0.081,20,reviewed,us,us
2026-08-22T20:41:53.686Z,31.69,-104.315,7.1252,1.7,ml,12,75,0,0.2,tx,tx2026qnhief,2026-08-24T14:29:34.947Z,"54 km S of Whites City, New Mexico",earthquake,0.97500337690964,1.1652600200034,0.2,21,reviewed,tx,tx
2026-08-22T20:39:49.150Z,34.537,-120.48016666667,5.5,1.74,ml,26,144,0.02407,0.27,ci,ci41533144,2026-08-23T20:18:42.856Z,"12 km S of Lompoc, CA",earthquake,0.57,0.71,0.10408076766147,18,reviewed,ci,ci
2026-08-22T20:30:19.970Z,33.149333333333,-116.53533333333,5.98,1.55,ml,75,21,0.08587,0.22,ci,ci41533128,2026-08-23T08:34:45.000Z,"10 km NE of Julian, CA",earthquake,0.14,0.57,0.18951365897954,27,reviewed,ci,ci
2026-08-22T20:28:22.750Z,33.288833333333,-116.74283333333,12.95,0.85,ml,43,27,0.05437,0.15,ci,ci41533120,2026-08-28T21:14:17.660Z,"6 km NNE of Lake Henshaw, CA",earthquake,0.16,0.4,0.13444553870826,33,reviewed,ci,ci
2026-08-22T20:23:49.600Z,34.548333333333,-116.24833333333,2.07,1.02,ml,20,85,0.2529,0.12,ci,ci41533112,2026-08-28T20:57:20.156Z,"21 km SSW of Ludlow, CA",earthquake,0.17,0.72,0.087354432033715,22,reviewed,ci,ci
2026-08-22T20:20:57.741Z,61.393,-150.021,36.3,2.4,ml,80,21,0.2,1,ak,aka2026qpxvau,2026-08-24T22:12:36.584Z,"4 km NNW of Point MacKenzie, Alaska",earthquake,2.1,1.536,0.2,59,reviewed,ak,ak
2026-08-22T20:03:49.580Z,34.056,-117.45716666667,8.85,0.86,ml,26,91,0.02497,0.11,ci,ci41533096,2026-08-23T08:37:16.951Z,"5 km S of Fontana, CA",earthquake,0.23,0.2,0.33049602484405,25,reviewed,ci,ci
2026-08-22T20:03:45.386Z,54.102,-160.081,1.3,3.1,ml,16,232,1.5,0.5,ak,aka2026qpxgev,2026-08-24T21:09:17.492Z,"140 km S of Sand Point, Alaska",earthquake,9.3,7.5926,0.3,13,reviewed,ak,ak
2026-08-22T20:00:49.360Z,33.473833333333,-116.4825,11.68,0.48,ml,23,61,0.1022,0.1,ci,ci41533088,2026-08-28T20:47:26.187Z,"20 km ESE of Anza, CA",earthquake,0.19,0.4,0.10672206142348,16,reviewed,ci,ci
2026-08-22T19:58:02.230Z,51.904333333333,179.5835,13.31,0.67,ml,6,164,0.01444,0.33,av,av94398693,2026-08-24T01:40:22.370Z,"260 km W of Adak, Alaska",earthquake,1.58,1.77,0.36200367896569,6,reviewed,av,av
2026-08-22T19:54:34.360Z,46.761666666667,-121.9245,2.54,0.94,ml,32,76,0.02216,0.17,uw,uw714083452,2026-08-24T21:04:08.890Z,"8 km E of Ashford, Washington",earthquake,0.24,0.51,0.10382719670895,2,reviewed,uw,uw
2026-08-22T19:54:07.957Z,-0.1709,123.0095,116.29,4.9,mb,68,64,5.808,0.68,us,us6000tmtu,2026-08-22T20:24:30.040Z,"78 km S of Gorontalo, Indonesia",earthquake,9.48,7.171,0.052,117,reviewed,us,us
2026-08-22T19:50:47.593Z,40.7396,-74.7374,11.334,1.1,ml,7,150,0.357,0.45,us,us6000tmvw,2026-08-22T23:23:07.040Z,"6 km SW of Chester, New Jersey",earthquake,2.56,8.209,0.148,6,reviewed,us,us
2026-08-22T19:41:26.740Z,41.965666666667,-111.94783333333,0.78,1.35,ml,12,104,0.1459,0.14,uu,uu80149786,2026-08-24T15:22:08.080Z,"1 km SSE of Cornish, Utah",earthquake,0.34,8.43,0.061194980364929,2,reviewed,uu,uu
2026-08-22T19:41:15.559Z,59.915,-152.529,84.8,1.4,ml,27,57,0.2,0.5,ak,aka2026qpwmrm,2026-08-24T21:07:41.699Z,"42 km WNW of Anchor Point, Alaska",earthquake,4.2,3.1582,0.4,17,reviewed,ak,ak
2026-08-22T19:32:18.776Z,39.7122,-117.5059,2.6363,1.52,ml,9,168,0.452,0.1194,nn,nn00923723,2026-08-24T23:56:56.524Z,"44 km WNW of Austin, Nevada",earthquake,,2.0984,0.3,8,reviewed,nn,nn
2026-08-22T19:28:43.246Z,51.042,-178.006,21.3,2.3,ml,15,229,0.7,0.8,ak,aka2026qpwbul,2026-08-24T21:05:29.310Z,"132 km SW of Adak, Alaska",earthquake,10.4,5.4827,0.2,12,reviewed,ak,ak
2026-08-22T19:19:42.572Z,52.0104,176.3258,10,4,mb,47,185,1.353,0.36,us,us6000tmwj,2026-08-27T21:33:35.471Z,"232 km ESE of Attu Station, Alaska",earthquake,6.72,1.935,0.09,33,reviewed,us,us
2026-08-22T19:15:28.620Z,31.908,-102.052,10.2539,1.1,ml,26,77,0,0.2,tx,tx2026qnemtr,2026-08-24T15:44:31.766Z,"10 km SSE of Midland, Texas",earthquake,0.46614655592034,0.73723748966957,0.1,11,reviewed,tx,tx
2026-08-22T19:13:56.050Z,38.782501220703,-122.76416778565,3.6300001144409,1.05,md,19,73,0.01183,0.02,nc,nc75423102,2026-08-22T19:15:30.603Z,"1 km NW of The Geysers, CA",earthquake,0.31,0.639999986,0.28,18,automatic,nc,nc
2026-08-22T19:12:26.940Z,38.827499389648,-122.85383605957,2.3499999046326,0.86,md,13,96,0.002373,0.02,nc,nc75423097,2026-08-22T20:22:22.730Z,"10 km WNW of The Geysers, CA",earthquake,0.3,0.50999999,0.24,14,automatic,nc,nc
2026-08-22T19:07:04.070Z,58.172666666667,-155.32483333333,1.3,-0.07,ml,8,72,0.03786,0.05,av,av94398608,2026-08-24T20:28:19.450Z,"84 km NW of Karluk, Alaska",earthquake,0.18,0.91,0.33895025112817,7,reviewed,av,av
2026-08-22T19:05:04.129Z,63.159,-150.622,111.7,1.7,ml,20,50,0.6,0.5,ak,aka2026qpvhgl,2026-08-24T21:05:02.881Z,"69 km SE of Denali National Park, Alaska",earthquake,5,4.1961,0.3,12,reviewed,ak,ak
2026-08-22T19:01:30.210Z,51.884166666667,-176.62766666667,3.17,-0.37,ml,5,169,0.03509,0.22,av,av94398593,2026-08-24T20:25:49.320Z,"1 km NNE of Adak, Alaska",earthquake,1.14,1.88,0.20143900824985,4,reviewed,av,av
2026-08-22T18:55:56.073Z,52.0372,176.3508,10,3.4,ml,18,188,1.339,0.35,us,us6000tmwg,2026-08-23T14:43:53.040Z,"233 km ESE of Attu Station, Alaska",earthquake,3.6,1.987,0.081,20,reviewed,us,us
2026-08-22T18:50:12.292Z,61.182,-151.102,2.6,1.8,ml,35,78,0.3,0.8,ak,aka2026qpuujt,2026-08-24T21:04:26.745Z,"4 km NNW of Beluga, Alaska",earthquake,2.7,2.4434,0.1,25,reviewed,ak,ak
2026-08-22T18:46:27.765Z,-22.1927,-68.793,105.494,4.6,mwr,55,48,0.902,0.87,us,us6000tmtm,2026-08-22T19:20:00.040Z,"32 km NNE of Calama, Chile",earthquake,4.99,5.089,0.08,15,reviewed,us,us
2026-08-22T18:45:35.341Z,57.873,-155.829,9.2,1.7,ml,27,85,0.2,0.6,ak,aka2026qpuqjg,2026-08-24T21:02:25.344Z,"88 km WNW of Karluk, Alaska",earthquake,3.8,2.2309,0.2,20,reviewed,ak,ak
2026-08-22T18:44:57.000Z,28.1901,128.6145,90.805,4.4,mb,28,118,3.315,0.63,us,us6000tmtp,2026-08-22T19:40:32.040Z,"50 km NW of Amagi, Japan",earthquake,11.34,9.519,0.112,23,reviewed,us,us
2026-08-22T18:44:50.840Z,38.829833984375,-122.81666564941,2.039999961853,0.69,md,11,56,0.008237,0.01,nc,nc75423092,2026-08-22T18:46:25.307Z,"8 km NW of The Geysers, CA",earthquake,0.31,0.970000029,0.42,12,automatic,nc,nc
2026-08-22T18:44:28.260Z,38.793834686279,-122.79550170898,1.0800000429153,1.03,md,13,78,0.005962,0.03,nc,nc75423087,2026-08-22T19:47:26.479Z,"4 km WNW of The Geysers, CA",earthquake,0.23,0.50999999,0.31,14,automatic,nc,nc
2026-08-22T18:42:18.854Z,51.698,176.177,20,3,ml,14,212,1.5,0.9,ak,aka2026qpunpd,2026-08-24T20:35:14.570Z,"240 km ESE of Attu Station, Alaska",earthquake,17.9,0,0.1,11,reviewed,ak,ak
2026-08-22T18:41:51.160Z,38.792835235596,-122.79550170898,0.63999998569489,1.21,md,27,74,0.005936,0.03,nc,nc75423082,2026-08-22T20:57:19.990Z,"4 km WNW of The Geysers, CA",earthquake,0.17,0.289999992,0.16,26,automatic,nc,nc
2026-08-22T18:39:11.660Z,33.891,-117.0525,16.45,1,ml,44,34,0.1304,0.18,ci,ci41533064,2026-08-23T08:35:08.723Z,"8 km WSW of Beaumont, CA",earthquake,0.2,0.61,0.26959381280916,31,reviewed,ci,ci
2026-08-22T18:38:07.696Z,31.673,-104.417,7.3303,2.3,ml,10,69,0,0.2,tx,tx2026qndfhw,2026-08-24T14:39:16.627Z,"55 km S of Whites City, New Mexico",earthquake,1.1048062806776,0.79916721471865,0.2,19,reviewed,tx,tx
2026-08-22T18:31:38.060Z,41.967333333333,-111.94283333333,6.14,1.75,ml,22,104,0.1486,0.1,uu,uu80149776,2026-08-24T15:18:10.380Z,"1 km SE of Cornish, Utah",earthquake,0.2,0.56,0.18871626426434,4,reviewed,uu,uu
2026-08-22T18:30:22.468Z,51.869,-176.627,6.9,1.6,ml,16,162,0,0.3,ak,aka2026qpudes,2026-08-24T20:32:19.978Z,"0 km SE of Adak, Alaska",earthquake,7.2,3.9063,0.1,12,reviewed,ak,ak
2026-08-22T18:29:18.580Z,36.038166666667,-120.60566666667,3.69,0.59,md,17,103,0.03153,0.04,nc,nc75423072,2026-08-29T19:27:38.476Z,"22 km NW of Parkfield, CA",earthquake,0.34,0.75,0.379,3,reviewed,nc,nc
2026-08-22T18:24:54.820Z,37.609001159668,-122.47682952881,9.1199998855591,1.82,md,18,73,0.02819,0.05,nc,nc75423067,2026-08-22T19:37:23.412Z,"1 km ESE of Pacifica, CA",earthquake,0.26,0.310000002,0.15,12,automatic,nc,nc
2026-08-22T18:24:51.680Z,44.756666666667,-111.09333333333,9.82,1.46,ml,18,84,0.0406,0.16,uu,uu80149771,2026-08-24T15:12:01.220Z,"7 km E of Hebgen Lake Estates, Montana",earthquake,0.41,0.65,0.1942808491942,6,reviewed,uu,uu
2026-08-22T18:22:02.700Z,58.172,-155.326,2.35,-0.15,ml,9,116,0.0385,0.1,av,av94398528,2026-08-24T01:34:51.890Z,"84 km NW of Karluk, Alaska",earthquake,0.25,0.41,0.29525840555301,10,reviewed,av,av
2026-08-22T18:19:18.312Z,55.798,-158.471,54.4,3,ml,62,195,0.5,0.8,ak,aka2026qpttof,2026-08-24T20:31:51.436Z,"44 km ESE of Perryville, Alaska",earthquake,5.9,3.9481,0.2,48,reviewed,ak,ak
2026-08-22T18:15:48.791Z,52.086,176.372,16,3.1,ml,13,186,1.3,0.7,ak,aka2026qptqpi,2026-08-24T20:22:10.231Z,"232 km ESE of Attu Station, Alaska",earthquake,32.5,8.5623,0.1,10,reviewed,ak,ak
2026-08-22T18:15:36.950Z,46.203833333333,-122.15133333333,6.83,0.07,md,8,125,0.02066,0.11,uw,uw714083422,2026-08-22T19:20:55.260Z,"39 km NE of Amboy, Washington",earthquake,0.7,0.52,0.18014725549632,5,reviewed,uw,uw
2026-08-22T18:14:26.888Z,32.409,-102.074,8.4717,0.3,ml,15,122,0,0.2,tx,tx2026qnckkn,2026-08-24T16:26:29.732Z,"36 km WSW of Ackerly, Texas",earthquake,0.72665869364746,0.86864276517691,0.1,13,reviewed,tx,tx
2026-08-22T18:13:42.312Z,60.959,-149.714,39,1.5,ml,20,74,0.1,0.7,ak,aka2026qptosz,2026-08-24T20:20:45.868Z,"6 km NW of Hope, Alaska",earthquake,4.6,3.5855,0.2,15,reviewed,ak,ak
2026-08-22T18:04:26.820Z,35.930833333333,-117.67766666667,3.99,0.79,ml,21,84,0.02794,0.13,ci,ci41533056,2026-08-24T18:07:22.789Z,"21 km E of Little Lake, CA",earthquake,0.2,0.38,0.15944518293365,12,reviewed,ci,ci
2026-08-22T18:01:42.440Z,41.967833333333,-111.94283333333,6.35,1.72,ml,22,104,0.1484,0.14,uu,uu80149761,2026-08-24T14:14:48.750Z,"1 km SE of Cornish, Utah",earthquake,0.28,0.69,0.12645907002761,3,reviewed,uu,uu
2026-08-22T18:00:44.170Z,46.760833333333,-121.927,1.89,0.29,md,29,140,0.02184,0.15,uw,uw714083402,2026-08-24T20:48:25.570Z,"7 km E of Ashford, Washington",earthquake,0.29,0.68,0.24794060395563,28,reviewed,uw,uw
2026-08-22T17:56:22.680Z,17.9225,-66.911333333333,15.57,2.07,md,6,227,0.06053,0.08,pr,pr71529413,2026-08-22T19:33:03.370Z,"5 km S of Guánica, Puerto Rico",earthquake,1.17,0.61,0.032709201903611,3,reviewed,pr,pr
2026-08-22T17:51:16.100Z,33.373833333333,-116.37916666667,9.88,0.52,ml,25,69,0.04804,0.18,ci,ci41533048,2026-08-23T08:35:25.266Z,"13 km N of Borrego Springs, CA",earthquake,0.26,0.6,0.11601079407088,11,reviewed,ci,ci
2026-08-22T17:51:15.793Z,51.88,-176.618,4.9,1.4,ml,11,155,0,0.3,ak,aka2026qpsvgz,2026-08-24T20:17:53.310Z,"1 km ENE of Adak, Alaska",earthquake,6.7,4.8591,0.1,9,reviewed,ak,ak
2026-08-22T17:51:08.940Z,44.759166666667,-111.09066666667,9.44,0.48,ml,9,96,0.03868,0.15,uu,uu80149756,2026-08-24T17:10:43.420Z,"7 km E of Hebgen Lake Estates, Montana",earthquake,0.43,1.01,0.16269680025361,2,reviewed,uu,uu
2026-08-22T17:42:22.591Z,51.885,-176.614,5.5,1.5,ml,14,152,0,0.2,ak,aka2026qpsnot,2026-08-24T20:16:17.077Z,"1 km NE of Adak, Alaska",earthquake,6.5,4.3089,0.1,12,reviewed,ak,ak
2026-08-22T17:41:25.300Z,46.7525,-121.94083333333,2.17,0.25,md,21,212,0.02065,0.11,uw,uw714083392,2026-08-24T20:40:33.920Z,"6 km E of Ashford, Washington",earthquake,0.34,0.58,0.32603721516987,21,reviewed,uw,uw
2026-08-22T17:40:08.982Z,-3.0302,100.8738,43.194,4.5,mb,26,193,2.462,0.91,us,us6000tmte,2026-08-22T17:57:40.040Z,"122 km SSW of Sungai Penuh, Indonesia",earthquake,9.08,8.067,0.135,16,reviewed,us,us
2026-08-22T17:35:12.659Z,51.871,-176.628,6.7,1.2,ml,10,161,0,0.3,ak,aka2026qpshjd,2026-08-24T20:14:47.724Z,"0 km SE of Adak, Alaska",earthquake,8,4.4516,0.2,7,reviewed,ak,ak
2026-08-22T17:32:24.040Z,33.999166666667,-117.19216666667,14.8,1.48,ml,80,23,0.05411,0.18,ci,ci41533040,2026-08-23T08:36:01.760Z,"6 km S of Redlands, CA",earthquake,0.13,0.25,0.16032578657616,26,reviewed,ci,ci
2026-08-22T17:31:40.795Z,51.867,-176.623,7.3,1.7,ml,16,163,0,0.4,ak,aka2026qpsehk,2026-08-24T20:09:27.919Z,"1 km SE of Adak, Alaska",earthquake,7,3.8204,0.2,12,reviewed,ak,ak
2026-08-22T17:29:11.270Z,34.117,-117.779,6.3,1.67,ml,18,76,0.03427,0.15,ci,ci41533032,2026-08-23T08:35:46.194Z,"2 km NNW of La Verne, CA",earthquake,0.27,0.53,0.33539764019929,33,reviewed,ci,ci
2026-08-22T17:26:46.450Z,38.757331848145,-122.72650146484,2.7799999713898,1.55,md,27,70,0.004444,0.05,nc,nc75423052,2026-08-22T19:07:21.224Z,"3 km SE of The Geysers, CA",earthquake,0.29,0.419999987,0.16,27,automatic,nc,nc
2026-08-22T17:18:22.960Z,33.515,-116.7375,4.12,0.63,ml,34,34,0.05024,0.11,ci,ci41533024,2026-08-23T08:38:22.260Z,"7 km SW of Anza, CA",earthquake,0.11,0.23,0.20855831733181,17,reviewed,ci,ci
2026-08-22T17:17:43.729Z,59.738,-152.723,97.5,1.7,ml,27,66,0.2,0.4,ak,aka2026qprsfk,2026-08-24T20:01:30.029Z,"50 km W of Anchor Point, Alaska",earthquake,5.3,2.7959,0.4,20,reviewed,ak,ak
2026-08-22T17:13:21.495Z,38.1342,-117.9799,6.8598,1.79,ml,13,135,0.413,0.1614,nn,nn00923718,2026-08-24T23:40:42.737Z,"30 km SSE of Mina, Nevada",earthquake,,3.6549,0.29,6,reviewed,nn,nn
2026-08-22T17:11:35.165Z,57.083,-156.233,74.7,2,ml,23,126,0.6,0.5,ak,aka2026qprmwb,2026-08-24T20:01:11.536Z,"84 km SE of Ugashik, Alaska",earthquake,8.1,6.0942,0.1,12,reviewed,ak,ak
2026-08-22T17:09:46.920Z,39.3095,-111.22333333333,-1.2,1.1,ml,13,66,0.01752,0.08,uu,uu80149746,2026-08-24T16:20:13.540Z,"17 km WNW of Orangeville, Utah",earthquake,0.36,0.19,0.058877219664437,3,reviewed,uu,uu
2026-08-22T17:02:24.670Z,33.5755,-116.79966666667,7.27,0.35,ml,22,69,0.03479,0.11,ci,ci41533008,2026-08-23T08:36:17.037Z,"12 km W of Anza, CA",earthquake,0.19,0.36,0.11234546434418,6,reviewed,ci,ci
2026-08-22T17:02:10.846Z,51.616,177.116,100.4,2.6,ml,12,203,0.9,1.1,ak,aka2026qpretv,2026-08-24T19:59:19.696Z,"Rat Islands, Aleutian Islands, Alaska",earthquake,49,14.5419,0.2,8,reviewed,ak,ak
2026-08-22T17:00:39.472Z,35.9375,140.0778,61,5.8,mww,119,47,1.627,0.72,us,us6000tmta,2026-08-25T22:42:17.624Z,"4 km N of Toride, Japan",earthquake,7.27,1.882,0.048,41,reviewed,us,us
2026-08-22T16:59:31.320Z,33.514666666667,-116.50833333333,12.33,0.81,ml,38,52,0.08092,0.16,ci,ci41533000,2026-08-23T08:37:17.880Z,"16 km ESE of Anza, CA",earthquake,0.2,0.37,0.15782874616851,22,reviewed,ci,ci
2026-08-22T16:49:40.770Z,41.9685,-111.9485,0.2,0.78,md,9,105,0.1442,0.21,uu,uu80007903,2026-08-24T19:53:31.980Z,"0 km SSE of Cornish, Utah",earthquake,0.51,31.61,0.19755964490917,5,reviewed,uu,uu
2026-08-22T16:45:59.345Z,51.867,-176.616,3.5,1.3,ml,10,163,0,0.5,ak,aka2026qpqqrg,2026-08-24T19:56:19.654Z,"1 km ESE of Adak, Alaska",earthquake,10.5,6.3049,0.1,8,reviewed,ak,ak
2026-08-22T16:42:56.593Z,-7.8936,120.5992,10,4.6,mb,33,60,2.982,1.04,us,us6000tmt8,2026-08-22T17:57:03.040Z,"80 km N of Ruteng, Indonesia",earthquake,7,1.884,0.109,28,reviewed,us,us
2026-08-22T16:42:15.210Z,33.414,-116.6445,6.36,0.75,ml,44,25,0.08791,0.19,ci,ci41532976,2026-08-23T08:36:21.139Z,"15 km N of Warner Springs, CA",earthquake,0.17,0.5,0.14203176885902,21,reviewed,ci,ci
2026-08-22T16:39:33.310Z,46.747166666667,-121.9525,2.92,0,md,15,248,0.02555,0.07,uw,uw714083362,2026-08-24T20:21:43.140Z,"6 km ESE of Ashford, Washington",earthquake,0.35,0.54,0.35874288744844,11,reviewed,uw,uw
2026-08-22T16:34:41.550Z,46.75,-121.94683333333,2.68,-0.41,md,14,236,0.0229,0.06,uw,uw714083352,2026-08-22T19:33:03.890Z,"6 km E of Ashford, Washington",earthquake,0.48,1.06,0.1236564861485,11,reviewed,uw,uw
2026-08-22T16:33:49.407Z,32.421,-101.752,8.1055,0.7,ml,14,88,0,0.1,tx,tx2026qmzdew,2026-08-24T14:50:22.525Z,"12 km SSW of Ackerly, Texas",earthquake,0.83595346376294,0.71250129614554,0.3,9,reviewed,tx,tx
2026-08-22T16:33:04.780Z,-3.2971,100.4875,26.342,4.7,mb,75,143,2.68,0.68,us,us6000tmt7,2026-08-22T17:41:19.040Z,"170 km SW of Sungai Penuh, Indonesia",earthquake,7.98,5.595,0.073,57,reviewed,us,us
2026-08-22T16:29:02.106Z,63.583,-147.385,1.9,1.2,ml,14,91,0.7,0.5,ak,aka2026qpqbzk,2026-08-24T19:55:36.601Z,"77 km ESE of Denali Park, Alaska",earthquake,3.4,4.4541,0.2,7,reviewed,ak,ak
2026-08-22T16:28:30.970Z,38.810333251953,-122.78299713135,2.5899999141693,1.28,md,28,56,0.003435,0.03,nc,nc75423022,2026-08-22T17:47:25.668Z,"4 km NNW of The Geysers, CA",earthquake,0.23,0.389999986,0.21,29,automatic,nc,nc
2026-08-22T16:16:56.620Z,46.202333333333,-122.15183333333,6.53,1.16,md,16,122,0.005183,0.09,uw,uw714083332,2026-08-24T20:11:13.840Z,"39 km NE of Amboy, Washington",earthquake,0.3,0.43,0.13320291448115,8,reviewed,uw,uw
2026-08-22T16:14:35.138Z,51.878,-176.616,5.7,1.4,ml,11,156,0,0.3,ak,aka2026qppplm,2026-08-24T19:10:00.355Z,"1 km ENE of Adak, Alaska",earthquake,6.8,4.4796,0.1,8,reviewed,ak,ak
2026-08-22T16:12:23.720Z,58.1665,-155.32766666667,1.44,-0.44,ml,6,117,0.04399,0.06,av,av94398333,2026-08-24T00:42:48.040Z,"84 km NW of Karluk, Alaska",earthquake,0.23,1.15,0.17174352835318,6,reviewed,av,av
2026-08-22T16:11:02.540Z,17.9365,-66.910166666667,14.46,2.24,md,15,216,0.03554,0.08,pr,pr71529388,2026-08-22T16:25:46.100Z,"3 km S of Guánica, Puerto Rico",earthquake,0.52,0.35,0.25973336506921,10,reviewed,pr,pr
2026-08-22T16:09:44.700Z,19.019666671753,-155.37150573731,31.659999847412,1.78,md,19,220,0.1599,0.140000001,hv,hv75022512,2026-08-22T16:13:30.690Z,"22 km ESE of Naalehu, Hawaii",earthquake,0.86,0.860000014,0.12308735838302,14,automatic,hv,hv
2026-08-22T15:54:56.526Z,62.017,-149.518,28.6,1.6,ml,17,55,0.4,1,ak,aka2026qpoykn,2026-08-24T19:01:42.199Z,"23 km SE of Susitna North, Alaska",earthquake,4.2,2.9342,0.2,12,reviewed,ak,ak
2026-08-22T15:54:53.880Z,44.760333333333,-111.092,9.35,0.62,ml,12,96,0.03729,0.15,uu,uu80149741,2026-08-24T14:09:04.840Z,"7 km E of Hebgen Lake Estates, Montana",earthquake,0.53,0.97,0.25512113586509,3,reviewed,uu,uu
2026-08-22T15:53:51.940Z,38.772998809815,-122.73516845703,0.75,0.89,md,8,65,0.0103,0.01,nc,nc75423002,2026-08-22T16:57:23.307Z,"2 km ESE of The Geysers, CA",earthquake,0.33,0.689999998,0.24,7,automatic,nc,nc
2026-08-22T15:53:36.360Z,52.061833333333,-176.17233333333,2.66,0.24,ml,5,190,0.01799,0.23,av,av94398308,2026-08-23T23:36:14.700Z,"37 km ENE of Adak, Alaska",earthquake,0.94,1.33,0.45832249131966,5,reviewed,av,av
2026-08-22T15:47:52.870Z,33.5705,-116.80016666667,7.5,0.21,ml,20,68,0.03797,0.09,ci,ci41532944,2026-08-23T17:34:44.985Z,"12 km W of Anza, CA",earthquake,0.18,0.39,0.14348187453998,4,reviewed,ci,ci
2026-08-22T15:47:39.887Z,31.976,-103.316,6.4075,1.1,ml,10,88,0,0.1,tx,tx2026qmxpqx,2026-08-24T15:13:29.155Z,"19 km SW of Jal, New Mexico",earthquake,1.1234993184735,1.2608261281567,0.2,8,reviewed,tx,tx
2026-08-22T15:31:32.292Z,53.014,-166.836,25.6,2.2,ml,10,270,0.8,0.5,ak,aka2026qpoece,2026-08-24T18:59:09.504Z,"97 km SSW of Unalaska, Alaska",earthquake,23.7,12.3953,0.1,8,reviewed,ak,ak
2026-08-22T15:31:16.930Z,58.179333333333,-155.35166666667,1.42,-0.43,ml,5,116,0.03341,0.02,av,av94398283,2026-08-23T23:31:45.320Z,"86 km NW of Karluk, Alaska",earthquake,0.21,0.76,0.160216423873,5,reviewed,av,av
2026-08-22T15:30:31.572Z,58.173,-155.359,5,1.3,ml,9,79,0,0.1,ak,aka2026qpodgf,2026-08-23T23:29:15.090Z,"86 km NW of Karluk, Alaska",earthquake,7.5,,0.3,4,automatic,ak,ak
2026-08-22T15:27:37.870Z,38.8295,-111.34416666667,1.61,2.15,ml,26,85,0.07942,0.18,uu,uu80149736,2026-08-24T14:04:50.620Z,"13 km SW of Emery, Utah",earthquake,0.36,31.61,0.14330344683081,14,reviewed,uu,uu
2026-08-22T15:07:04.974Z,60.33,-152.799,124.9,2,ml,61,38,0.1,0.7,ak,aka2026qpnixm,2026-08-24T18:54:05.602Z,"70 km WNW of Ninilchik, Alaska",earthquake,3.6,1.9616,0.4,44,reviewed,ak,ak
2026-08-22T15:06:38.833Z,39.3141,-119.0615,7.5964,1.68,ml,24,60,0.065,0.1593,nn,nn00923708,2026-08-24T23:31:13.256Z,"18 km SE of Silver Springs, Nevada",earthquake,,0.8977,0.32,16,reviewed,nn,nn
2026-08-22T14:55:49.220Z,61.4105,-151.9065,4.67,0.18,ml,6,149,0.03469,0.32,av,av94398258,2026-08-23T23:23:44.790Z,"53 km NW of Beluga, Alaska",earthquake,2.41,2.15,0.14803992040795,6,reviewed,av,av
2026-08-22T14:54:53.260Z,19.3065,-155.26333333333,5.11,1.73,ml,42,108,0.04293,0.13,hv,hv75022492,2026-08-24T18:41:50.610Z,"15 km SSW of Volcano, Hawaii",earthquake,0.24,0.55,0.23959693764803,19,reviewed,hv,hv
2026-08-22T14:52:43.560Z,19.304833333333,-155.26333333333,5.41,1.53,ml,32,121,0.04256,0.1,hv,hv75022482,2026-08-27T19:59:26.900Z,"15 km SSW of Volcano, Hawaii",earthquake,0.27,0.62,0.19784471489411,10,reviewed,hv,hv
2026-08-22T14:46:56.770Z,46.749,-121.94083333333,3.19,0.29,md,19,220,0.01876,0.07,uw,uw714083252,2026-08-24T20:03:03.900Z,"6 km E of Ashford, Washington",earthquake,0.35,0.43,0.32067856406044,18,reviewed,uw,uw
2026-08-22T14:41:44.050Z,46.749833333333,-121.9495,2.2,-0.16,md,12,241,0.0245,0.09,uw,uw714083242,2026-08-23T18:00:59.760Z,"6 km E of Ashford, Washington",earthquake,0.39,0.77,0.27694169689373,12,reviewed,uw,uw
2026-08-22T14:40:11.140Z,40.274833679199,-124.51583099365,20.420000076294,1.73,md,11,267,0.1332,0.16,nc,nc75422977,2026-08-22T16:07:24.976Z,"20 km WSW of Petrolia, CA",earthquake,3.21,1.04999995,0.11,4,automatic,nc,nc
2026-08-22T14:39:56.180Z,46.7525,-121.93283333333,4.02,0.28,md,25,197,0.01657,0.13,uw,uw714083232,2026-08-24T19:58:52.300Z,"7 km E of Ashford, Washington",earthquake,0.36,31.61,0.27965527634867,23,reviewed,uw,uw
2026-08-22T14:39:16.510Z,19.303833333333,-155.26116666667,4.96,1.77,md,35,110,0.04118,0.11,hv,hv75022477,2026-08-27T20:06:56.700Z,"15 km S of Volcano, Hawaii",earthquake,0.25,0.64,0.13009498929891,9,reviewed,hv,hv
2026-08-22T14:36:34.450Z,46.759,-121.93316666667,2.37,0.24,md,23,143,0.02196,0.11,uw,uw714083222,2026-08-24T19:52:51.970Z,"7 km E of Ashford, Washington",earthquake,0.31,0.55,0.24934008744889,24,reviewed,uw,uw
2026-08-22T14:34:51.307Z,52.064,176.3302,82.774,3,ml,11,187,1.353,0.64,us,us6000tn7s,2026-08-25T14:14:22.040Z,"230 km ESE of Attu Station, Alaska",earthquake,30.17,36.475,0.097,14,reviewed,us,us
2026-08-22T14:31:10.364Z,62.077,-148.954,21.3,2,ml,41,54,0.3,1.1,ak,aka2026qpmdug,2026-08-24T18:47:48.683Z,"34 km NNW of Sutton-Alpine, Alaska",earthquake,2.6,2.1493,0.2,31,reviewed,ak,ak
2026-08-22T14:28:16.552Z,31.61,-104.091,7.42,1.8,ml,26,66,0,0.1,tx,tx2026qmuwdp,2026-08-24T14:21:04.201Z,"43 km NW of Toyah, Texas",earthquake,0.39969866019606,0.37156092209186,0.2,16,reviewed,tx,tx
2026-08-22T14:18:58.529Z,59.309,-152.917,71.2,1.4,ml,14,84,0.2,0.3,ak,aka2026qpltfd,2026-08-24T18:46:01.950Z,"56 km W of Nanwalek, Alaska",earthquake,7,5.6116,0.2,12,reviewed,ak,ak
2026-08-22T14:15:45.050Z,44.6975,-110.03466666667,13.34,1.81,ml,9,145,0.08739,0.19,uu,uu80149731,2026-08-24T13:42:31.660Z,"34 km S of Silver Gate, Montana",earthquake,0.63,0.91,0.04141756187059,2,reviewed,uu,uu
2026-08-22T14:12:34.920Z,46.760666666667,-121.9255,2.01,1.67,ml,34,56,0.02137,0.16,uw,uw714083212,2026-08-23T22:27:20.520Z,"8 km E of Ashford, Washington",earthquake,0.22,0.59,0.12124040570491,3,reviewed,uw,uw
2026-08-22T14:07:39.570Z,36.0295,-120.601,1.38,0.66,md,20,88,0.03942,0.08,nc,nc75422962,2026-08-29T19:52:52.646Z,"21 km NW of Parkfield, CA",earthquake,0.25,1.57,0.348,4,reviewed,nc,nc
2026-08-22T14:02:33.760Z,46.754,-121.93116666667,2.76,1.17,ml,29,88,0.01702,0.15,uw,uw714083182,2026-08-24T19:34:57.170Z,"7 km E of Ashford, Washington",earthquake,0.28,0.54,0.19810194088325,4,reviewed,uw,uw
2026-08-22T13:46:23.608Z,61.873,-149.621,34.4,1.3,ml,16,71,0.3,0.9,ak,aka2026qpkqyv,2026-08-24T18:44:50.548Z,"24 km NW of Fishhook, Alaska",earthquake,3.9,3.7682,0.2,12,reviewed,ak,ak
2026-08-22T13:43:11.530Z,19.021165847778,-155.42083740234,29.840000152588,1.77,md,17,215,0.1391,0.150000006,hv,hv75022467,2026-08-22T13:46:53.020Z,"17 km ESE of Naalehu, Hawaii",earthquake,0.94,0.930000007,0.15652035433144,13,automatic,hv,hv
2026-08-22T13:42:43.559Z,60.584,-140.137,12.5,2.4,ml,16,87,0.5,0.6,ak,aka2026qpknty,2026-08-24T18:41:47.988Z,"117 km NNW of Yakutat, Alaska",earthquake,5.2,2.9127,0.1,12,reviewed,ak,ak
2026-08-22T13:41:47.181Z,60.422,-139.535,1.2,1.9,ml,18,88,0.8,0.9,ak,aka2026qpkmza,2026-08-23T02:44:57.253Z,"98 km N of Yakutat, Alaska",earthquake,3.7,2.7555,0.1,13,reviewed,ak,ak
2026-08-22T13:37:14.295Z,61.679,-150.065,1,1.8,ml,39,41,0.4,0.8,ak,aka2026qpkjaa,2026-08-24T18:41:22.168Z,"7 km S of Willow, Alaska",earthquake,2.2,1.7799,0.2,26,reviewed,ak,ak
2026-08-22T13:28:30.243Z,52.514,-169.673,20.8,2.3,ml,15,278,0.3,0.4,ak,aka2026qpkble,2026-08-24T18:37:07.708Z,"72 km SW of Nikolski, Alaska",earthquake,14.1,5.9227,0.3,11,reviewed,ak,ak
2026-08-22T13:25:34.720Z,38.836498260498,-122.81649780273,1.789999961853,1.04,md,18,48,0.01401,0.03,nc,nc75422952,2026-08-22T15:07:20.572Z,"8 km W of Cobb, CA",earthquake,0.22,0.419999987,0.32,18,automatic,nc,nc
2026-08-22T13:20:45.194Z,59.575,-150.47,41.9,1.5,ml,12,219,0.2,0.6,ak,aka2026qpjust,2026-08-24T18:35:35.366Z,"41 km SE of Fox River, Alaska",earthquake,11.2,4.0883,0.3,9,reviewed,ak,ak
2026-08-22T13:00:52.640Z,36.774166107178,-121.49366760254,4.460000038147,1.7,md,27,100,0.03423,0.15,nc,nc75422947,2026-08-22T14:42:21.407Z,"9 km SSE of San Juan Bautista, CA",earthquake,0.33,0.50999999,0.26,25,automatic,nc,nc
2026-08-22T13:00:47.561Z,41.8838,-126.6956,18.142,2.6,ml,39,240,1.798,0.72,us,us6000tmsn,2026-08-22T16:11:08.040Z,"195 km WSW of Pistol River, Oregon",earthquake,7.11,8.86,0.036,102,reviewed,us,us
2026-08-22T12:50:51.321Z,63.221,-150.675,128.3,2.3,ml,66,43,0.7,0.5,ak,aka2026qpiuus,2026-08-24T18:30:25.213Z,"63 km SE of Denali National Park, Alaska",earthquake,2.7,2.5123,0.2,46,reviewed,ak,ak
2026-08-22T12:49:32.890Z,61.255833333333,-152.223,22.89,-0.22,ml,8,116,0.03403,0.12,av,av94398103,2026-08-23T23:01:12.580Z,"62 km WNW of Tyonek, Alaska",earthquake,0.82,0.62,0.17988108040489,8,reviewed,av,av
2026-08-22T12:48:58.960Z,34.152666666667,-118.4515,2.84,0.62,ml,9,108,0.04646,0.09,ci,ci41532904,2026-08-24T18:00:18.675Z,"0 km NW of Sherman Oaks, CA",earthquake,0.4,0.44,0.12141658106963,8,reviewed,ci,ci
2026-08-22T12:48:24.460Z,44.749333333333,-111.20033333333,10.73,-0.06,ml,8,73,0.00329,0.44,mb,mb90205853,2026-08-25T14:27:07.270Z,"2 km SSW of Hebgen Lake Estates, Montana",earthquake,1.31,1.5,0.13061558987074,7,reviewed,mb,mb
2026-08-22T12:46:08.770Z,46.755166666667,-121.9335,3,0.26,md,27,133,0.01891,0.12,uw,uw714083132,2026-08-24T19:25:50.210Z,"7 km E of Ashford, Washington",earthquake,0.26,0.43,0.32175656299378,27,reviewed,uw,uw
2026-08-22T12:42:15.673Z,61.705,-150.041,27.6,1.9,ml,50,41,0.4,0.8,ak,aka2026qpinio,2026-08-24T18:29:00.984Z,"4 km S of Willow, Alaska",earthquake,2.2,1.6759,0.1,37,reviewed,ak,ak
2026-08-22T12:41:48.040Z,33.408333333333,-116.653,4.47,1.33,ml,87,20,0.0952,0.21,ci,ci41532896,2026-08-22T15:54:28.780Z,"14 km N of Warner Springs, CA",earthquake,0.13,0.43,0.13302903619065,26,reviewed,ci,ci
2026-08-22T12:36:51.590Z,58.166,-155.328,2.67,-0.07,ml,4,117,0.04449,0.08,av,av94398073,2026-08-23T18:32:56.300Z,"84 km NW of Karluk, Alaska",earthquake,0.31,1.33,0.22506320011469,5,reviewed,av,av
2026-08-22T12:31:20.570Z,38.831165313721,-122.81466674805,1.7000000476837,0.74,md,12,61,0.008548,0.02,nc,nc75422942,2026-08-22T12:57:21.731Z,"8 km NW of The Geysers, CA",earthquake,0.27,0.790000021,0.44,14,automatic,nc,nc
2026-08-22T12:23:05.333Z,64.709,-149.277,21.1,1.2,ml,10,101,0.1,0.4,ak,aka2026qphwpm,2026-08-24T18:26:28.485Z,"14 km NNW of Four Mile Road, Alaska",earthquake,6.6,4.7916,0.3,7,reviewed,ak,ak
2026-08-22T12:21:31.450Z,57.461,-152.169,23.8,2.1,ml,11,217,0.4,1.1,ak,aka2026qphvjz,2026-08-24T18:24:14.138Z,"17 km SSE of Chiniak, Alaska",earthquake,11,5.8872,0.2,6,reviewed,ak,ak
2026-08-22T12:21:07.190Z,34.3325,-116.46733333333,5.14,0.94,ml,33,64,0.08123,0.19,ci,ci41532888,2026-08-22T15:53:48.744Z,"24 km N of Yucca Valley, CA",earthquake,0.26,0.84,0.10174435366956,16,reviewed,ci,ci
2026-08-22T12:16:13.680Z,44.710666666667,-111.168,9.31,-0.23,ml,6,189,0.04488,0.31,mb,mb90205848,2026-08-25T14:23:36.960Z,"6 km SSE of Hebgen Lake Estates, Montana",earthquake,2.18,1.27,0.096910722359923,6,reviewed,mb,mb
2026-08-22T12:03:41.390Z,38.794498443604,-122.8004989624,3.0999999046326,1.34,md,27,40,0.006483,0.02,nc,nc75422932,2026-08-22T13:57:22.128Z,"4 km WNW of The Geysers, CA",earthquake,0.24,0.469999999,0.16,27,automatic,nc,nc
2026-08-22T11:52:31.360Z,19.306833333333,-155.258,2.24,2.04,ml,52,102,0.04051,0.2,hv,hv75022437,2026-08-24T18:34:20.210Z,"15 km S of Volcano, Hawaii",earthquake,0.2,0.46,0.24283732233488,35,reviewed,hv,hv
2026-08-22T11:50:43.500Z,57.033,-135.641,6.82,-0.1,ml,5,186,0.03882,0.13,av,av94398028,2026-08-23T22:37:41.410Z,"18 km W of Sitka, Alaska",earthquake,1.23,0.89,0.23150264596703,5,reviewed,av,av
2026-08-22T11:49:38.760Z,57.030166666667,-135.642,6.99,-0.01,ml,5,188,0.0392,0.14,av,av94398023,2026-08-24T20:29:19.820Z,"19 km W of Sitka, Alaska",earthquake,1.25,1.08,0.19987289911791,5,reviewed,av,av
2026-08-22T11:39:55.188Z,51.2533,-178.0614,43.821,2.7,ml,19,208,0.513,0.37,us,us6000tn7j,2026-08-30T06:17:26.040Z,"120 km SW of Adak, Alaska",earthquake,5.16,13.754,0.085,18,reviewed,us,us
2026-08-22T11:37:10.950Z,19.205666666667,-155.477,35.06,2.08,md,43,92,0.04729,0.12,hv,hv75022432,2026-08-25T03:00:54.020Z,"0 km NNE of Pāhala, Hawaii",earthquake,0.49,0.57,0.08189647488721,8,reviewed,hv,hv
2026-08-22T11:26:02.190Z,38.80916595459,-122.79083251953,3.4700000286102,0.77,md,11,72,0.003692,0.01,nc,nc75422922,2026-08-22T11:52:22.291Z,"5 km NW of The Geysers, CA",earthquake,0.39,1.13,0.26,12,automatic,nc,nc
2026-08-22T11:25:07.970Z,46.7625,-121.92416666667,1.63,0.79,ml,31,56,0.02292,0.13,uw,uw714083122,2026-08-24T19:17:27.560Z,"8 km E of Ashford, Washington",earthquake,0.19,0.57,0.02042345439996,3,reviewed,uw,uw
2026-08-22T11:24:03.910Z,35.470833333333,-82.869166666667,6.2,1.96,md,11,98,0.2035,0.28,se,se60506168,2026-08-29T04:05:03.238Z,"7 km SSW of Canton, North Carolina",earthquake,0.57,5.09,0.063490971054603,10,reviewed,se,se
2026-08-22T11:16:51.770Z,46.755166666667,-121.93416666667,2.7,0.28,md,27,128,0.0192,0.14,uw,uw714083112,2026-08-23T22:15:54.010Z,"7 km E of Ashford, Washington",earthquake,0.31,0.53,0.29513759148922,27,reviewed,uw,uw
2026-08-22T11:12:22.260Z,32.911833333333,-115.62683333333,8.32,0.69,ml,20,85,0.05658,0.21,ci,ci41532880,2026-08-24T17:40:26.430Z,"9 km NW of Imperial, CA",earthquake,0.53,0.75,0.11800233168714,11,reviewed,ci,ci
2026-08-22T11:08:31.740Z,46.825,-121.93183333333,6.23,0.89,ml,36,82,0.02041,0.1,uw,uw714083102,2026-08-22T19:00:02.180Z,"10 km NE of Ashford, Washington",earthquake,0.19,0.28,0.1379709888828,3,reviewed,uw,uw
2026-08-22T11:05:34.500Z,38.829833984375,-122.80916595459,2.0599999427795,0.93,md,16,60,0.006469,0.02,nc,nc75422912,2026-08-22T11:27:23.111Z,"7 km NW of The Geysers, CA",earthquake,0.27,0.430000007,0.21,17,automatic,nc,nc
2026-08-22T10:54:24.220Z,46.761166666667,-121.9255,3.64,2.42,ml,70,36,0.02185,0.17,uw,uw714083092,2026-08-22T15:04:41.213Z,"8 km E of Ashford, Washington",earthquake,0.16,0.32,0.1407640330339,14,reviewed,uw,uw
2026-08-22T10:53:54.987Z,56.519,-156.45,22.5,2.1,ml,13,234,1,0.4,ak,aka2026qpexkh,2026-08-24T18:12:13.753Z,"123 km E of Chignik, Alaska",earthquake,11.9,7.8725,0.1,11,reviewed,ak,ak
2026-08-22T10:47:34.900Z,46.854166666667,-121.74216666667,-1.86,0.7,ml,17,71,0.01799,0.05,uw,uw714083082,2026-08-24T19:10:10.960Z,"24 km ENE of Ashford, Washington",earthquake,0.16,0.3,0.2183054533849,3,reviewed,uw,uw
2026-08-22T10:46:27.937Z,51.875,-176.617,5.6,1.6,ml,11,158,0,0.3,ak,aka2026qpeqyl,2026-08-24T18:10:38.442Z,"1 km E of Adak, Alaska",earthquake,7.1,4.4506,0.1,9,reviewed,ak,ak
2026-08-22T10:34:43.180Z,36.573833465576,-121.17617034912,4.1300001144409,2.01,md,26,75,0.00773,0.18,nc,nc75422907,2026-08-22T13:27:19.939Z,"6 km NNW of Pinnacles, CA",earthquake,0.37,0.769999981,0.18,23,automatic,nc,nc
2026-08-22T10:26:45.781Z,57.334,-155.134,15.3,1.7,ml,18,147,0.4,0.4,ak,aka2026qpdzvu,2026-08-24T18:09:30.754Z,"48 km WSW of Karluk, Alaska",earthquake,4,3.8555,0.1,13,reviewed,ak,ak
2026-08-22T10:23:13.230Z,46.857333333333,-121.74166666667,-2.1,-0.1,md,23,64,0.01495,0.05,uw,uw714083072,2026-08-24T19:00:59.090Z,"24 km ENE of Ashford, Washington",earthquake,0.15,0.41,0.27346455210544,22,reviewed,uw,uw
2026-08-22T10:21:27.940Z,46.858,-121.74083333333,-0.43,1.37,ml,29,61,0.0141,0.07,uw,uw714083062,2026-08-23T17:50:11.420Z,"24 km ENE of Ashford, Washington",earthquake,0.17,0.52,0.46928504480617,3,reviewed,uw,uw
2026-08-22T10:21:25.390Z,38.84049987793,-122.82150268555,1.9500000476837,1.51,md,18,61,0.01109,0.02,nc,nc75422902,2026-08-22T12:47:32.665Z,"9 km WNW of Cobb, CA",earthquake,0.22,0.449999988,0.13,19,automatic,nc,nc
2026-08-22T10:21:21.400Z,46.856666666667,-121.74083333333,-2.14,0.84,ml,24,65,0.01533,0.06,uw,uw714083052,2026-08-24T18:48:50.330Z,"24 km ENE of Ashford, Washington",earthquake,0.14,0.29,0.22954857941319,4,reviewed,uw,uw
2026-08-22T10:21:16.370Z,46.858,-121.743,-2.06,0.56,ml,18,66,0.01478,0.05,uw,uw714005233,2026-08-24T18:52:49.270Z,"24 km ENE of Ashford, Washington",earthquake,0.2,0.32,0.29535312826145,3,reviewed,uw,uw
2026-08-22T10:20:38.352Z,61.605,-146.352,43.4,1.1,ml,11,153,0.2,0.4,ak,aka2026qpduog,2026-08-24T18:07:44.550Z,"48 km SSE of Nelchina, Alaska",earthquake,6.1,5.9011,0.2,8,reviewed,ak,ak
2026-08-22T10:19:57.240Z,46.86,-121.742,-0.98,-0.13,md,15,91,0.01271,0.06,uw,uw714083042,2026-08-22T17:49:45.330Z,"24 km ENE of Ashford, Washington",earthquake,0.24,1.35,0.21672672945872,14,reviewed,uw,uw
2026-08-22T10:19:25.056Z,51.867,-176.615,6.7,1.6,ml,11,163,0,0.4,ak,aka2026qpdtmt,2026-08-24T18:05:45.642Z,"1 km ESE of Adak, Alaska",earthquake,7.8,4.3527,0.1,9,reviewed,ak,ak
2026-08-22T10:19:13.746Z,35.2655,-107.5958,10,4,mwr,26,60,0.985,0.97,us,us6000tms8,2026-08-30T10:29:23.747Z,"8 km SSE of San Mateo, New Mexico",earthquake,4.1,2.011,0.06,27,reviewed,us,us
2026-08-22T10:15:30.980Z,67.829,-156.131,4.9,1.7,ml,8,121,1.2,0.3,ak,aka2026qpdqct,2026-08-25T01:09:38.654Z,"107 km NNE of Kobuk, Alaska",earthquake,7.3,6.7494,0.1,6,reviewed,ak,ak
2026-08-22T10:11:56.040Z,39.316666666667,-111.231,-2.06,0.64,md,8,92,0.02682,0.06,uu,uu80007908,2026-08-24T19:48:44.010Z,"18 km WNW of Orangeville, Utah",earthquake,0.41,0.58,0.4163158745918,5,reviewed,uu,uu
2026-08-22T10:07:01.460Z,36.727001190185,-121.41967010498,7.0700001716614,2.3,md,52,33,0.04308,0.18,nc,nc75422897,2026-08-22T12:17:25.465Z,"11 km SSW of Ridgemark, CA",earthquake,0.24,0.660000026,0.15,52,automatic,nc,nc
2026-08-22T10:02:45.722Z,51.859,-176.614,10.3,2.5,ml,28,168,0,0.4,ak,aka2026qpdfbj,2026-08-24T18:04:19.151Z,"2 km SE of Adak, Alaska",earthquake,7.3,1.4146,0.2,21,reviewed,ak,ak
2026-08-22T09:55:29.268Z,32.125,-101.489,6.1768,1.3,ml,24,48,0.1,0.1,tx,tx2026qmlyez,2026-08-24T15:36:13.654Z,"11 km W of Forsan, Texas",earthquake,0.61317405680677,1.7335087422127,0.1,12,reviewed,tx,tx
2026-08-22T09:54:52.330Z,56.196666666667,-159.28733333333,16.77,0.24,ml,4,109,0.1096,0.2,av,av93066169,2026-08-23T22:01:08.070Z,"33 km NNW of Perryville, Alaska",earthquake,0.76,2.24,0.16446970097068,4,reviewed,av,av
2026-08-22T09:36:31.280Z,18.021,-66.717,40.2,2.3,md,9,176,0.1076,0.16,pr,pr71529363,2026-08-22T12:13:29.300Z,"2 km N of Tallaboa, Puerto Rico",earthquake,0.83,0.94,0.28415136399644,5,reviewed,pr,pr
2026-08-22T09:33:46.070Z,33.413166666667,-116.64316666667,6.7,0.64,ml,46,33,0.08824,0.19,ci,ci41532864,2026-08-22T15:54:23.970Z,"15 km N of Warner Springs, CA",earthquake,0.18,0.44,0.13990920100578,15,reviewed,ci,ci
2026-08-22T09:32:04.260Z,48.353166666667,-122.85816666667,19.03,0.67,md,11,79,0.08566,0.06,uw,uw714083032,2026-08-24T18:36:49.950Z,"13 km W of Ault Field, Washington",earthquake,0.23,0.58,0.0908284633642,8,reviewed,uw,uw
2026-08-22T09:25:21.300Z,33.459166666667,-116.54516666667,10.87,0.01,ml,25,71,0.0594,0.14,ci,ci41532856,2026-08-22T15:54:21.219Z,"16 km SE of Anza, CA",earthquake,0.23,0.41,0.10995101701588,3,reviewed,ci,ci
2026-08-22T09:23:21.255Z,60.37,-144.924,23.1,1.3,ml,14,122,0.1,0.8,ak,aka2026qpbwwu,2026-08-24T18:02:35.524Z,"49 km ESE of Cordova, Alaska",earthquake,7.4,2.9446,0.2,8,reviewed,ak,ak
2026-08-22T09:17:18.754Z,31.657,-104.438,6.7151,1.6,ml,10,73,0,0.2,tx,tx2026qmkrcd,2026-08-24T14:42:44.799Z,"57 km S of Whites City, New Mexico",earthquake,1.1715510378839,0.76121058173137,0.1,17,reviewed,tx,tx
2026-08-22T09:13:27.460Z,67.861,-156.21,3.8,2.4,ml,19,70,1.2,0.5,ak,aka2026qpbohs,2026-08-25T01:03:11.301Z,"110 km NNE of Kobuk, Alaska",earthquake,4.9,5.5817,0.1,13,reviewed,ak,ak
2026-08-22T09:06:54.390Z,35.948833333333,-117.67233333333,2.97,0.88,ml,23,52,0.01784,0.15,ci,ci41532848,2026-08-22T15:54:33.291Z,"21 km E of Little Lake, CA",earthquake,0.18,0.37,0.13782098812985,11,reviewed,ci,ci
2026-08-22T09:06:50.820Z,19.388666666667,-64.827666666667,14.77,3.41,md,14,274,0.9802,0.13,pr,pr71529353,2026-08-29T09:27:25.040Z,"116 km N of Charlotte Amalie, U.S. Virgin Islands",earthquake,1.95,3.83,0.096514556069658,7,reviewed,pr,pr
2026-08-22T08:59:30.720Z,18.004,-68.532166666667,66.43,3.27,md,12,224,0.5276,0.44,pr,pr71529348,2026-08-22T14:59:39.600Z,"42 km S of Boca de Yuma, Dominican Republic",earthquake,4.79,5.9,0.10555745705916,11,reviewed,pr,pr
2026-08-22T08:54:55.272Z,61.02,-152.275,116,1.9,ml,37,69,0.2,0.6,ak,aka2026qpayfy,2026-08-24T18:00:40.872Z,"61 km W of Tyonek, Alaska",earthquake,4.3,2.6534,0.4,24,reviewed,ak,ak
2026-08-22T08:54:15.250Z,34.611666666667,-85.047666666667,9.35,2.41,md,17,105,0.02064,0.19,se,se60627161,2026-08-24T15:19:07.846Z,"10 km WNW of Resaca, Georgia",earthquake,0.35,0.5,0.032579608217294,14,reviewed,se,se
2026-08-22T08:52:31.310Z,38.837001800537,-122.80016326904,1.2699999809265,0.7,md,9,105,0.007796,0.03,nc,nc75422882,2026-08-22T09:57:24.504Z,"7 km WNW of Cobb, CA",earthquake,0.36,0.50999999,0.16,9,automatic,nc,nc
2026-08-22T08:47:40.770Z,35.8305,-117.66716666667,7.35,1.78,ml,33,41,0.05849,0.15,ci,ci41532840,2026-08-22T15:54:38.827Z,"23 km N of Ridgecrest, CA",earthquake,0.16,0.48,0.1452780749655,26,reviewed,ci,ci
2026-08-22T08:33:25.280Z,38.789333343506,-122.72233581543,1.6799999475479,0.8,md,8,134,0.01279,0.02,nc,nc75422867,2026-08-22T09:17:24.264Z,"3 km WNW of Anderson Springs, CA",earthquake,0.49,0.879999995,0.15,8,automatic,nc,nc
2026-08-22T08:29:00.857Z,-7.8939,120.6999,10,4.8,mb,29,59,3.012,1.14,us,us6000tmrx,2026-08-22T08:55:44.040Z,"83 km NNE of Ruteng, Indonesia",earthquake,5.41,1.885,0.119,22,reviewed,us,us
2026-08-22T08:28:20.994Z,32.106,-101.932,9.8633,0.9,ml,20,50,0.1,0.1,tx,tx2026qmjbdb,2026-08-24T15:52:24.811Z,"13 km W of Stanton, Texas",earthquake,0.28510895888579,0.54392393136003,0.2,11,reviewed,tx,tx
2026-08-22T08:23:53.310Z,38.835666656494,-122.81183624268,1.789999961853,0.68,md,10,75,0.01701,0.01,nc,nc75422862,2026-08-22T08:52:21.118Z,"8 km W of Cobb, CA",earthquake,0.29,0.980000019,0.06,11,automatic,nc,nc
2026-08-22T08:22:37.740Z,-60.3789,-47.6047,10,6.2,mww,66,55,8.564,0.66,us,us6000tmrw,2026-08-23T08:28:36.999Z,Scotia Sea,earthquake,8.64,1.848,0.055,32,reviewed,us,us
2026-08-22T08:15:37.970Z,19.3635,-155.6595,27.98,2.09,ml,19,100,0.04931,0.3,hv,hv75022367,2026-08-25T02:52:53.030Z,"23 km ESE of Honaunau-Napoopoo, Hawaii",earthquake,0.78,1.36,0.3392638126189,13,reviewed,hv,hv
2026-08-22T08:14:30.695Z,54.43,-161.354,7.3,3.1,ml,37,210,0.8,0.6,ak,aka2026qozpem,2026-08-24T17:56:42.365Z,"93 km SE of King Cove, Alaska",earthquake,5.7,3.245,0.2,26,reviewed,ak,ak
2026-08-22T08:13:50.257Z,32.108,-102.173,6.958,0.6,ml,22,115,0,0.2,tx,tx2026qmioot,2026-08-24T17:20:23.134Z,"15 km NW of Midland, Texas",earthquake,1.0048658656013,0.80443227316252,0.1,6,reviewed,tx,tx
2026-08-22T08:09:37.840Z,55.981166666667,-159.69766666667,25.74,0.74,ml,6,309,0.1187,0.26,av,av94397783,2026-08-23T21:23:05.890Z,"16 km WNW of Ivanof Bay, Alaska",earthquake,1.73,1.35,0.16225135990601,6,reviewed,av,av
2026-08-22T08:04:03.090Z,46.8785,-121.9315,5.62,-0.34,md,17,72,0.01897,0.04,uw,uw714083022,2026-08-22T17:59:13.510Z,"15 km NNE of Ashford, Washington",earthquake,0.33,0.53,0.10852940931386,16,reviewed,uw,uw
2026-08-22T08:02:52.640Z,18.282833333333,-66.886,13.9,2.42,md,17,77,0.1406,0.39,pr,pr71529338,2026-08-22T11:51:02.980Z,"1 km SW of Lares, Puerto Rico",earthquake,0.53,1.95,0.23668606106077,7,reviewed,pr,pr
2026-08-22T07:56:38.640Z,19.133832931519,-155.49082946777,30.479999542236,1.8,md,26,169,0.03461,0.219999999,hv,hv75022342,2026-08-22T08:00:19.930Z,"7 km S of Pāhala, Hawaii",earthquake,0.78,1.09000003,0.18055981560703,13,automatic,hv,hv
2026-08-22T07:51:44.976Z,39.3471,-118.9978,6.6455,2.65,ml,23,56,0.059,0.1448,nn,nn00923683,2026-08-24T19:43:11.181Z,"20 km ESE of Silver Springs, Nevada",earthquake,,1.044,0.31,12,reviewed,nn,nn
2026-08-22T07:43:51.050Z,14.337,145.3295,115.924,4.6,mb,67,83,0.997,0.67,us,us6000tmrq,2026-08-22T08:11:31.040Z,"76 km SSW of San Jose Village, Northern Mariana Islands",earthquake,11.08,7.131,0.07,61,reviewed,us,us
2026-08-22T07:42:40.939Z,60.911,-149.666,31.3,3.9,ml,212,42,0.2,1,ak,aka2026qoynpe,2026-08-27T21:34:51.770Z,"1 km WSW of Hope, Alaska",earthquake,1.8,1.4151,0.2,145,reviewed,ak,ak
2026-08-22T07:41:06.738Z,60.271,-152.923,128.6,2.3,ml,131,48,0.2,0.8,ak,aka2026qoyltz,2026-08-22T08:04:13.577Z,"73 km WNW of Ninilchik, Alaska",earthquake,2.6,1.3618,0.3,49,reviewed,ak,ak
2026-08-22T07:40:12.697Z,-60.2649,-47.2591,10,5.7,mb,55,69,8.359,1.19,us,us6000tmrn,2026-08-23T07:46:20.295Z,Scotia Sea,earthquake,6.05,1.682,0.053,126,reviewed,us,us
2026-08-22T07:24:46.190Z,38.834167480469,-122.81016540527,2.1900000572205,0.8,md,15,56,0.01076,0.01,nc,nc75422842,2026-08-22T07:52:20.688Z,"8 km W of Cobb, CA",earthquake,0.26,0.800000012,0.21,17,automatic,nc,nc
2026-08-22T07:21:25.611Z,12.5208,-44.6327,10,4.9,mb,71,64,10.808,0.94,us,us6000tmri,2026-08-22T07:40:44.040Z,northern Mid-Atlantic Ridge,earthquake,7.45,1.869,0.041,187,reviewed,us,us
2026-08-22T07:14:59.420Z,38.606334686279,-119.67733001709,-0.10000000149012,1.62,md,8,127,0.1236,0.14,nc,nc75422832,2026-08-22T09:32:21.352Z,"14 km SE of Markleeville, CA",earthquake,0.77,12.6099997,0.07,5,automatic,nc,nc
2026-08-22T07:03:23.079Z,35.93983333,-97.87616667,6.75,0.86,ml,26,70,0.09178198924,0.14,ok,ok2026qkge,2026-08-24T14:22:51.236Z,"5 km SE of Dover, Oklahoma",earthquake,,0.4,0.17,12,reviewed,ok,ok
2026-08-22T06:57:35.556Z,52.192,-169.674,14,2.6,ml,9,302,0.6,0.4,ak,aka2026qoxams,2026-08-24T17:51:42.741Z,"99 km SSW of Nikolski, Alaska",earthquake,12.7,6.6761,0.1,7,reviewed,ak,ak
2026-08-22T06:55:50.720Z,38.61266708374,-119.67849731445,1.6699999570847,1.43,md,6,125,0.1257,0.05,nc,nc75422822,2026-08-22T09:07:22.215Z,"13 km SE of Markleeville, CA",earthquake,0.72,5.96000004,0.24,3,automatic,nc,nc
2026-08-22T06:54:34.670Z,38.60599899292,-119.6746673584,1.0800000429153,2.16,md,13,89,0.1215,0.12,nc,nc75422817,2026-08-24T23:05:49.182Z,"14 km SE of Markleeville, CA",earthquake,0.41,3.56999993,0.37,7,automatic,nc,nc
2026-08-22T06:51:09.460Z,18.011666666667,-66.9835,10.06,1.94,md,4,140,0.07145,0.04,pr,pr71529323,2026-08-22T11:35:45.220Z,"5 km SW of Liborio Negron Torres, Puerto Rico",earthquake,0.45,1.32,0.077230466962625,3,reviewed,pr,pr
2026-08-22T06:50:37.930Z,36.0675,-117.83533333333,2.5,0.88,ml,21,60,0.05242,0.13,ci,ci41532832,2026-08-22T15:54:25.253Z,"10 km ENE of Coso Junction, CA",earthquake,0.16,0.18,0.17990789585667,14,reviewed,ci,ci
2026-08-22T06:49:02.190Z,38.837001800537,-122.79350280762,2.1199998855591,0.67,md,7,91,0.002839,0.01,nc,nc75422812,2026-08-22T08:17:23.861Z,"6 km WNW of Cobb, CA",earthquake,0.75,1.14999998,0.39,10,automatic,nc,nc
2026-08-22T06:43:39.032Z,6.7397,126.7362,107.802,5,mb,92,105,1.195,0.72,us,us6000tmrf,2026-08-22T07:16:00.101Z,"45 km SE of Lukatan, Philippines",earthquake,9.18,6.423,0.043,176,reviewed,us,us
2026-08-22T06:30:07.110Z,32.1,-101.93,9.2285,0.8,ml,30,45,0.1,0.2,tx,tx2026qmfdcf,2026-08-24T21:12:33.054Z,"13 km WSW of Stanton, Texas",earthquake,0.37352943370124,0.53568787718137,0.3,23,reviewed,tx,tx
2026-08-22T06:22:40.370Z,18.839666666667,-67.566333333333,17.23,3.21,md,21,212,0.4603,0.29,pr,pr71529313,2026-08-22T11:30:05.110Z,"62 km NW of San Antonio, Puerto Rico",earthquake,1.01,1.47,0.13363610656708,10,reviewed,pr,pr
2026-08-22T06:19:16.210Z,32.108,-101.934,9.7168,1.9,ml,27,58,0.1,0.1,tx,tx2026qmetup,2026-08-24T17:41:35.694Z,"13 km W of Stanton, Texas",earthquake,0.36632015499839,0.64569503116095,0.1,15,reviewed,tx,tx
2026-08-22T06:10:20.750Z,58.180333333333,-155.28066666667,2.41,-0.71,ml,5,146,0.03942,0.08,av,av94397688,2026-08-23T21:02:04.780Z,"83 km NW of Karluk, Alaska",earthquake,0.36,0.68,0.05452370813801,4,reviewed,av,av
2026-08-22T06:09:28.405Z,61.482,-149.926,51.3,1.5,ml,28,67,0.2,0.8,ak,aka2026qovkoq,2026-08-24T17:50:29.827Z,"4 km SSE of Big Lake, Alaska",earthquake,3.9,3.3785,0.2,20,reviewed,ak,ak
2026-08-22T06:00:27.710Z,38.822666168213,-122.85250091553,2.539999961853,1.13,md,21,113,0.00595,0.02,nc,nc75422807,2026-08-22T07:22:22.475Z,"10 km WNW of The Geysers, CA",earthquake,0.29,0.460000008,0.16,22,automatic,nc,nc
2026-08-22T05:59:19.522Z,63.585,-147.223,7.3,1.4,ml,18,92,0.7,0.5,ak,aka2026qovbzh,2026-08-24T17:47:24.005Z,"85 km ESE of Denali Park, Alaska",earthquake,2.7,2.5743,0.1,13,reviewed,ak,ak
2026-08-22T05:50:31.820Z,19.039,-67.7711,71,3.7,md,24,178,0.8051,0.48,pr,pr2026234001,2026-08-25T01:47:29.966Z,"83 km NE of Punta Cana, Dominican Republic",earthquake,2.57,5.45,0.2,21,reviewed,pr,pr
2026-08-22T05:47:07.443Z,13.8954,146.7194,10,4.9,mb,53,89,1.605,0.78,us,us6000tmra,2026-08-22T07:57:53.792Z,"167 km SE of San Jose Village, Northern Mariana Islands",earthquake,9.53,1.874,0.043,171,reviewed,us,us
2026-08-22T05:45:14.410Z,60.512166666667,-152.59616666667,10.91,-0.33,ml,8,168,0.0538,0.06,av,av94397643,2026-08-23T20:49:04.010Z,"70 km W of Salamatof, Alaska",earthquake,0.44,0.65,0.1221908140704,8,reviewed,av,av
2026-08-22T05:45:11.914Z,-8.2301,121.4575,10,4.7,mb,31,76,3.162,0.58,us,us6000tmr7,2026-08-22T06:19:47.040Z,"71 km NNW of Ende, Indonesia",earthquake,5.75,1.884,0.118,22,reviewed,us,us
2026-08-22T05:13:51.683Z,31.878,-101.744,8.9111,0.4,ml,12,82,0,0.2,tx,tx2026qmcpnc,2026-08-24T12:11:14.842Z,"24 km W of Garden City, Texas",earthquake,1.1496365082294,1.3227798968331,0.1,5,reviewed,tx,tx
2026-08-22T05:12:47.369Z,51.992,176.346,26.3,3.2,ml,14,192,1.3,0.8,ak,aka2026qotnql,2026-08-24T17:45:03.036Z,"235 km ESE of Attu Station, Alaska",earthquake,34.2,13.8466,0.2,11,reviewed,ak,ak
2026-08-22T05:11:06.150Z,33.061166666667,-116.61566666667,13.28,1.12,ml,50,30,0.02494,0.17,ci,ci41532824,2026-08-22T15:55:37.790Z,"2 km SSW of Julian, CA",earthquake,0.17,0.4,0.257851967823,27,reviewed,ci,ci
2026-08-22T05:09:37.560Z,53.924,-163.204,18.7,2.7,ml,17,245,0.9,0.5,ak,aka2026qotkvo,2026-08-24T17:26:59.103Z,"104 km S of False Pass, Alaska",earthquake,6.7,5.2944,0.1,12,reviewed,ak,ak
2026-08-22T05:09:27.580Z,18.983499526977,-155.45449829102,26.409999847412,1.78,md,25,224,0.1712,0.209999993,hv,hv75022307,2026-08-22T05:13:07.060Z,"16 km SE of Naalehu, Hawaii",earthquake,1.24,1.42999995,0.12970081381794,13,automatic,hv,hv
2026-08-22T05:00:14.229Z,63.905,-149.484,4.5,1.6,ml,20,48,0.3,0.7,ak,aka2026qotctl,2026-08-24T17:25:43.638Z,"21 km SW of Ferry, Alaska",earthquake,2.7,2.267,0.1,14,reviewed,ak,ak
2026-08-22T04:58:27.493Z,55.321,-159.384,1.6,2.4,ml,19,235,0.7,0.6,ak,aka2026qotbci,2026-08-24T17:23:54.154Z,"64 km S of Ivanof Bay, Alaska",earthquake,8,3.1525,0.2,12,reviewed,ak,ak
2026-08-22T04:57:25.170Z,35.791666666667,-117.614,7.67,0.4,ml,14,100,0.02751,0.11,ci,ci41532816,2026-08-22T15:55:00.171Z,"19 km W of Searles Valley, CA",earthquake,0.24,0.41,0.084243631145269,6,reviewed,ci,ci
2026-08-22T04:50:19.100Z,45.440833333333,-111.82766666667,3.93,2.13,ml,19,136,0.2092,0.27,mb,mb90205743,2026-08-25T14:13:36.120Z,"12 km NW of Ennis, Montana",earthquake,0.53,31.61,0.23824039072242,26,reviewed,mb,mb
2026-08-22T04:44:32.530Z,46.2025,-122.15366666667,6.1,-0.03,md,11,123,0.005598,0.12,uw,uw714082992,2026-08-24T18:23:12.040Z,"39 km NE of Amboy, Washington",earthquake,0.37,0.68,0.2355156908139,7,reviewed,uw,uw
2026-08-22T04:44:08.744Z,9.3981,125.5805,10,5,mb,38,78,2.313,0.9,us,us6000tmr2,2026-08-22T05:47:44.230Z,"6 km S of Kitcharao, Philippines",earthquake,10.92,1.854,0.086,43,reviewed,us,us
2026-08-22T04:43:42.380Z,33.540166666667,-116.70583333333,5.3,0.09,ml,17,54,0.03639,0.1,ci,ci41532808,2026-08-22T15:55:16.950Z,"3 km WSW of Anza, CA",earthquake,0.17,0.4,0.28554109102066,3,reviewed,ci,ci
2026-08-22T04:41:14.450Z,45.4495,-111.822,4.18,1.5,ml,13,135,0.2001,0.34,mb,mb90205838,2026-08-25T14:18:05.520Z,"13 km NNW of Ennis, Montana",earthquake,0.58,19.21,0.24144847550995,18,reviewed,mb,mb
2026-08-22T04:27:35.958Z,32.052,-103.707,7.8943,0.5,ml,11,69,0,0.2,tx,tx2026qmbbpu,2026-08-24T10:32:43.354Z,"39 km ESE of Malaga, New Mexico",earthquake,0.95341217570419,1.128027589421,0.1,3,reviewed,tx,tx
2026-08-22T04:12:42.100Z,46.421833333333,-121.8395,11.58,0.8,md,19,139,0.02341,0.12,uw,uw714082982,2026-08-24T18:18:27.810Z,"24 km SSW of Packwood, Washington",earthquake,0.32,0.4,0.13165860866141,13,reviewed,uw,uw
2026-08-22T04:07:00.439Z,38.4327,-116.5139,4.7251,1.68,ml,10,148,0.208,0.0872,nn,nn00923672,2026-08-24T20:08:36.039Z,"74 km ENE of Tonopah, Nevada",earthquake,,2.5795,0.26,5,reviewed,nn,nn
2026-08-22T04:01:42.580Z,33.242333333333,-116.0665,3.32,2.07,ml,68,22,0.1012,0.2,ci,ci41532800,2026-08-23T18:10:22.910Z,"12 km WSW of Salton City, CA",earthquake,0.14,0.42,0.15033706238495,71,reviewed,ci,ci
2026-08-22T03:52:54.510Z,51.803,176.234,24.5,3,ml,12,205,1.4,1,ak,aka2026qoqwmh,2026-08-22T04:58:46.797Z,"238 km ESE of Attu Station, Alaska",earthquake,55.8,29.5321,0.2,8,reviewed,ak,ak
2026-08-22T03:44:05.373Z,64.564,-149.985,18.3,2.3,ml,25,70,0.4,0.9,ak,aka2026qoqopv,2026-08-22T08:03:15.581Z,"41 km W of Four Mile Road, Alaska",earthquake,3.7,3.6974,0.2,18,reviewed,ak,ak
2026-08-22T03:43:39.591Z,31.837,-104.131,6.0999,0.3,ml,24,76,0,0.2,tx,tx2026qlzpva,2026-08-24T14:06:38.129Z,"43 km S of Malaga, New Mexico",earthquake,0.55029229311769,0.71539338777653,0.2,13,reviewed,tx,tx
2026-08-22T03:43:13.700Z,46.889166666667,-121.91466666667,10.69,-0.13,md,16,63,0.02467,0.09,uw,uw714082972,2026-08-24T17:45:26.370Z,"17 km NNE of Ashford, Washington",earthquake,0.26,0.46,0.092262147066017,16,reviewed,uw,uw
2026-08-22T03:42:30.390Z,34.1485,-117.42616666667,6.39,0.79,ml,21,98,0.08487,0.12,ci,ci41532792,2026-08-22T15:55:20.994Z,"6 km NNE of Fontana, CA",earthquake,0.29,0.46,0.55669642579357,9,reviewed,ci,ci
2026-08-22T03:40:14.817Z,24.4244,122.0811,38.316,4.4,mwr,40,56,0.509,0.94,us,us6000tmqf,2026-08-22T04:18:00.095Z,"49 km SE of Yilan, Taiwan",earthquake,2.91,6.769,0.066,22,reviewed,us,us
2026-08-22T03:38:59.340Z,18.008833333333,-66.828333333333,12.75,2.21,md,7,156,0.05897,0.23,pr,pr71529288,2026-08-22T10:59:31.260Z,"1 km NNW of Indios, Puerto Rico",earthquake,0.81,1.54,0.12767164780452,5,reviewed,pr,pr
2026-08-22T03:36:06.531Z,32.434,-102.289,7.5928,0.6,ml,15,77,0.1,0.1,tx,tx2026qlzjgx,2026-08-24T11:24:44.424Z,"26 km ENE of McKinney Acres, Texas",earthquake,1.3442901874874,1.7485179942955,0.2,7,reviewed,tx,tx
2026-08-22T03:26:50.290Z,56.91,-154.923,6.2,1.8,ml,14,183,0.5,0.6,ak,aka2026qopztw,2026-08-22T04:47:52.816Z,"45 km W of Akhiok, Alaska",earthquake,6.4,3.4239,0.1,12,reviewed,ak,ak
2026-08-22T03:25:47.400Z,52.8325,-169.844,13.56,0.87,ml,5,186,0.03229,0.21,av,av93066154,2026-08-23T20:29:32.970Z,"67 km W of Nikolski, Alaska",earthquake,2.36,1.57,0.1865094534818,5,reviewed,av,av
2026-08-22T03:25:36.570Z,19.179000854492,-155.39633178711,39.380001068115,1.93,md,19,193,0.06646,0.180000007,hv,hv75022247,2026-08-22T03:29:06.320Z,"9 km ESE of Pāhala, Hawaii",earthquake,1.25,1.49000001,0.19753551101263,11,automatic,hv,hv
2026-08-22T03:18:01.480Z,47.456166666667,-122.37233333333,24.69,1.08,md,9,112,0.3253,0.12,uw,uw714082952,2026-08-24T17:38:34.490Z,"2 km SW of Burien, Washington",earthquake,0.5,1.3,0.030959360230537,6,reviewed,uw,uw
2026-08-22T03:06:12.250Z,36.069,-117.8335,4.16,0.58,ml,13,62,0.05147,0.16,ci,ci41532784,2026-08-22T15:55:35.013Z,"11 km ENE of Coso Junction, CA",earthquake,0.26,0.45,0.28574587433393,6,reviewed,ci,ci
2026-08-22T02:48:30.690Z,58.172,-155.32616666667,1.41,-0.17,ml,7,113,0.0385,0.08,av,av94397488,2026-08-23T18:55:27.500Z,"84 km NW of Karluk, Alaska",earthquake,0.22,1.02,0.22935709899415,8,reviewed,av,av
2026-08-22T02:36:20.310Z,36.062666666667,-117.8385,2.88,0.63,ml,14,63,0.05638,0.1,ci,ci41532776,2026-08-22T15:55:44.083Z,"10 km ENE of Coso Junction, CA",earthquake,0.18,0.58,0.19502841227254,5,reviewed,ci,ci
2026-08-22T02:30:20.060Z,59.49,-151.769,68.5,1.6,ml,17,112,0.3,0.5,ak,aka2026qoocuh,2026-08-22T04:44:22.904Z,"6 km NNW of Seldovia, Alaska",earthquake,4.6,5.1161,0.2,13,reviewed,ak,ak
2026-08-22T02:22:43.100Z,36.367332458496,-120.84649658203,9.1499996185303,1.5,md,9,168,0.1919,0.15,nc,nc75422772,2026-08-22T05:22:21.686Z,"16 km WSW of New Idria, CA",earthquake,1.88,4.6500001,0.12,2,automatic,nc,nc
2026-08-22T02:14:10.220Z,33.481833333333,-116.4165,8.1,1.46,ml,75,26,0.149,0.18,ci,ci41532760,2026-08-22T15:56:45.870Z,"22 km SSW of La Quinta, CA",earthquake,0.12,0.65,0.1664395845625,26,reviewed,ci,ci
2026-08-22T02:09:22.890Z,44.450833333333,-110.99733333333,5.17,-0.09,md,6,217,0.1157,0.25,uu,uu80007898,2026-08-24T17:06:19.400Z,"24 km SSE of West Yellowstone, Montana",earthquake,1.45,31.61,0.28860112039443,3,reviewed,uu,uu
2026-08-22T02:08:59.800Z,44.4455,-111.00283333333,7.39,0.88,md,10,197,0.1198,0.23,uu,uu80007893,2026-08-24T17:03:46.650Z,"25 km SSE of West Yellowstone, Montana",earthquake,1.04,1.48,0.30803911890796,5,reviewed,uu,uu
2026-08-22T02:08:28.120Z,44.454666666667,-110.99466666667,6.45,0.86,ml,11,184,0.1138,0.21,uu,uu80149716,2026-08-24T16:57:09.680Z,"24 km SSE of West Yellowstone, Montana",earthquake,0.7,1.98,0.21197402197985,2,reviewed,uu,uu
2026-08-22T02:05:04.240Z,44.446,-111.02066666667,4.32,1.06,ml,16,183,0.1325,0.21,uu,uu80149711,2026-08-24T16:48:47.960Z,"24 km SSE of West Yellowstone, Montana",earthquake,0.71,1.1,0.1331131159274,3,reviewed,uu,uu
2026-08-22T01:59:28.543Z,-8.3069,120.6927,10,4.6,mb,16,110,3.402,1.78,us,us6000tmq8,2026-08-22T02:20:44.040Z,"42 km NE of Ruteng, Indonesia",earthquake,8.14,1.892,0.141,15,reviewed,us,us
2026-08-22T01:57:48.470Z,38.78783416748,-122.74383544922,1.7400000095367,1.05,md,12,86,0.007208,0.02,nc,nc75422767,2026-08-22T02:22:20.455Z,"2 km NE of The Geysers, CA",earthquake,0.3,0.519999981,0.31,15,automatic,nc,nc
2026-08-22T01:57:05.530Z,34.116833333333,-118.543,8.03,1.08,ml,15,69,0.04345,0.1,ci,ci41532744,2026-08-24T17:30:59.519Z,"6 km SW of Encino, CA",earthquake,0.38,0.51,0.1573301558184,6,reviewed,ci,ci
2026-08-22T01:53:56.120Z,19.5103,-64.7776,11,3.68,md,21,274,1.0865,0.31,pr,pr2026234000,2026-08-22T02:26:49.040Z,"130 km N of Charlotte Amalie, U.S. Virgin Islands",earthquake,3.63,4.94,0.07,16,reviewed,pr,pr
2026-08-22T01:40:49.211Z,63.534,-147.573,8.8,1.5,ml,10,127,0.8,0.3,ak,aka2026qomlvp,2026-08-22T04:43:44.068Z,"70 km ESE of Denali Park, Alaska",earthquake,5,3.9066,0.1,7,reviewed,ak,ak
2026-08-22T01:37:40.109Z,57.641,-155.393,17.3,1.5,ml,17,171,0.4,0.3,ak,aka2026qomjcl,2026-08-22T01:56:02.552Z,"56 km W of Karluk, Alaska",earthquake,4.5,3.0813,0.1,13,reviewed,ak,ak
2026-08-22T01:34:57.606Z,-12.7714,-14.8824,10,5.3,mb,55,54,4.836,0.68,us,us6000tmq6,2026-08-22T01:51:45.040Z,southern Mid-Atlantic Ridge,earthquake,6.23,1.867,0.08,53,reviewed,us,us
2026-08-22T01:31:23.548Z,32.089,-101.488,8.8379,1.3,ml,34,53,0.1,0.1,tx,tx2026qlvfva,2026-08-24T09:12:52.996Z,"11 km WSW of Forsan, Texas",earthquake,0.4271582461731,0.96981901552445,0.2,19,reviewed,tx,tx
2026-08-22T01:30:59.335Z,-8.2752,120.5614,10,5.2,mww,39,61,3.338,0.9,us,us6000tmq5,2026-08-22T01:46:08.040Z,"38 km NNE of Ruteng, Indonesia",earthquake,7.25,0.968,0.093,11,reviewed,us,us
2026-08-22T01:22:12.800Z,34.109833333333,-118.53033333333,7.95,2.14,ml,83,74,0.04982,0.22,ci,ci41532736,2026-08-26T03:41:16.327Z,"6 km SSW of Encino, CA",earthquake,0.19,0.37,0.18744512037925,105,reviewed,ci,ci
2026-08-22T01:10:39.576Z,39.3459,-119.0129,6.2674,1.75,ml,17,50,0.062,0.1463,nn,nn00923669,2026-08-24T23:47:27.226Z,"19 km ESE of Silver Springs, Nevada",earthquake,,1.0904,0.34,12,reviewed,nn,nn
2026-08-22T00:49:44.230Z,31.709,-103.979,7.5995,0.9,ml,34,34,0,0.2,tx,tx2026qltvxd,2026-08-24T13:11:36.404Z,"35 km W of Mentone, Texas",earthquake,0.46414554187162,0.54412276921768,0.2,18,reviewed,tx,tx
2026-08-22T00:46:03.430Z,33.051333333333,-114.9905,3.62,1.36,ml,17,60,0.07958,0.19,ci,ci41532728,2026-08-24T17:11:25.470Z,"45 km NE of Holtville, CA",quarry blast,0.42,0.77,0.12187807926465,5,reviewed,ci,ci
2026-08-22T00:44:55.440Z,33.413,-116.6415,7.19,0.23,ml,21,73,0.08786,0.13,ci,ci41532712,2026-08-24T17:07:26.160Z,"15 km N of Warner Springs, CA",earthquake,0.2,0.63,0.11465528845096,7,reviewed,ci,ci
2026-08-22T00:32:35.010Z,39.728332519531,-123.98383331299,6.6999998092651,1.29,md,8,191,0.2007,0.08,nc,nc75422722,2026-08-22T01:52:22.252Z,"13 km W of Cape Vizcaino, CA",earthquake,1.95,3.32999992,0.13,3,automatic,nc,nc
2026-08-22T00:28:19.050Z,19.3865,-155.23733333333,-0.56,1.11,ml,13,122,0.01323,0.17,hv,hv75022212,2026-08-25T02:49:53.400Z,"6 km S of Volcano, Hawaii",earthquake,0.16,0.23,0.23904814411859,4,reviewed,hv,hv
2026-08-22T00:19:50.870Z,18.039666666667,-66.807,17.35,2.26,md,10,138,0.09412,0.09,pr,pr71529238,2026-08-22T00:34:52.540Z,"2 km NW of Guayanilla, Puerto Rico",earthquake,0.35,0.53,0.0010225900673411,3,reviewed,pr,pr
2026-08-22T00:12:38.590Z,56.182,-157.33,19.9,2.2,ml,32,141,0.7,0.6,ak,aka2026qojnhk,2026-08-22T00:41:36.735Z,"67 km E of Chignik, Alaska",earthquake,4.4,4.5025,0.2,25,reviewed,ak,ak
2026-08-22T00:11:58.971Z,60.231,-145.04,23.6,2.1,ml,28,86,0.2,0.7,ak,aka2026qojmup,2026-08-22T00:57:30.513Z,"52 km SE of Cordova, Alaska",earthquake,3.6,2.1936,0.1,21,reviewed,ak,ak
2026-08-22T00:10:29.970Z,38.758335113525,-122.72566986084,3.039999961853,0.8,md,7,185,0.003314,0.03,nc,nc75422707,2026-08-22T00:12:08.250Z,"3 km SE of The Geysers, CA",earthquake,1.06,1.54999995,0.29,7,automatic,nc,nc
2026-08-22T00:03:40.653Z,-22.5642,-66.3169,251.591,4.4,mb,30,83,1.761,1.08,us,us6000tmpu,2026-08-22T00:37:34.040Z,"66 km WNW of Abra Pampa, Argentina",earthquake,9.92,12.578,0.268,4,reviewed,us,us
2026-08-21T23:56:40.886Z,56.1055,-149.8189,10,2.9,ml,31,212,2.263,0.75,us,us6000tmq2,2026-08-22T01:33:30.040Z,"225 km SE of Chiniak, Alaska",earthquake,9.43,2.013,0.059,40,reviewed,us,us
2026-08-21T23:42:55.820Z,45.863,-122.46283333333,-0.64,2.1332216262817,ml,12,251,0.07587,0.12,uw,uw714082892,2026-08-24T04:20:33.420Z,"4 km W of Yacolt, Washington",explosion,1.86,31.61,0.35119053721428,11,reviewed,uw,uw
2026-08-21T23:40:03.142Z,59.249,-151.565,14.5,1.6,ml,14,160,0.3,0.7,ak,aka2026qoilda,2026-08-22T00:52:52.425Z,"18 km SE of Port Graham, Alaska",earthquake,5.5,4.4266,0.2,12,reviewed,ak,ak
2026-08-21T23:32:18.850Z,35.826833333333,-117.67483333333,8.14,1.98,ml,32,43,0.06381,0.15,ci,ci41532696,2026-08-22T15:56:24.835Z,"23 km N of Ridgecrest, CA",earthquake,0.16,0.44,0.22893352292931,25,reviewed,ci,ci
2026-08-21T23:15:26.650Z,36.061833333333,-117.84016666667,2.83,1.21,ml,21,65,0.05689,0.11,ci,ci41532672,2026-08-22T15:56:41.648Z,"10 km E of Coso Junction, CA",earthquake,0.16,0.47,0.25721971826494,18,reviewed,ci,ci
2026-08-21T23:10:10.512Z,60.444,-139.531,5.1,1.9,ml,12,130,0.5,0.6,ak,aka2026qohlfk,2026-08-22T00:48:32.961Z,"100 km N of Yakutat, Alaska",earthquake,4.5,2.9416,0.1,10,reviewed,ak,ak
2026-08-21T23:07:29.514Z,64.623,-149.455,3.3,1.7,ml,23,62,0.2,0.9,ak,aka2026qohixf,2026-08-22T00:46:45.829Z,"16 km W of Four Mile Road, Alaska",earthquake,2.8,2.3549,0.1,17,reviewed,ak,ak
2026-08-21T23:04:24.172Z,31.752,-102.071,8.8379,1,ml,23,71,0.1,0.2,tx,tx2026qlqjaw,2026-08-24T19:44:09.167Z,"27 km S of Midland, Texas",earthquake,0.91486304475818,1.1204341205736,0.2,9,reviewed,tx,tx
2026-08-21T22:43:42.615Z,54.053,-164.788,73.6,2.2,ml,20,207,0.4,0.4,ak,aka2026qogoex,2026-08-22T00:42:53.820Z,"65 km E of Akutan, Alaska",earthquake,35.9,10.1945,0.2,16,reviewed,ak,ak
2026-08-21T22:34:02.300Z,58.173666666667,-155.331,2.05,0.34,ml,14,59,0.03682,0.1,av,av94397358,2026-08-22T17:54:17.100Z,"85 km NW of Karluk, Alaska",earthquake,0.2,0.42,0.28023906492882,14,reviewed,av,av
2026-08-21T22:26:03.081Z,-25.5675,-68.8817,102.426,4.7,mb,59,52,0.757,1.29,us,us6000tmnz,2026-08-21T22:56:24.040Z,"147 km NE of Diego de Almagro, Chile",earthquake,6.67,6.63,0.048,133,reviewed,us,us
2026-08-21T22:00:04.478Z,51.9171,158.3489,74.665,4.4,mb,32,160,1.257,0.95,us,us6000tmny,2026-08-22T00:24:14.040Z,"112 km S of Vilyuchinsk, Russia",earthquake,11.01,6.556,0.109,24,reviewed,us,us
2026-08-21T21:59:11.560Z,35.312833333333,-117.81566666667,9.33,1.14,ml,23,68,0.05159,0.13,ci,ci41532624,2026-08-21T22:06:16.166Z,"18 km WSW of Johannesburg, CA",earthquake,0.23,0.43,0.11989617928087,14,reviewed,ci,ci
2026-08-21T21:58:29.660Z,58.172666666667,-155.327,0.59,-0.48,ml,7,113,0.03782,0.06,av,av94397333,2026-08-22T17:18:45.360Z,"84 km NW of Karluk, Alaska",earthquake,0.2,1.09,0.18759649397044,7,reviewed,av,av
2026-08-21T21:54:47.902Z,34.6161,69.669,10,4.1,mb,22,150,0.452,0.99,us,us6000tmnw,2026-08-22T00:05:59.040Z,"26 km S of Tagāb, Afghanistan",earthquake,5.14,1.964,0.185,8,reviewed,us,us
2026-08-21T21:53:51.693Z,37.2141,-117.1202,8.278,2.58,ml,53,61,0.104,0.1618,nn,nn00923660,2026-08-21T23:53:42.040Z,"46 km NW of Beatty, Nevada",earthquake,,1.3377,0.34,18,reviewed,nn,nn
2026-08-21T21:52:30.410Z,38.606334686279,-119.67683410644,1.3300000429153,2.2,md,11,89,0.1232,0.09,nc,nc75422667,2026-08-22T01:42:28.187Z,"14 km SE of Markleeville, CA",earthquake,0.4,2.72000003,0.25,6,automatic,nc,nc
2026-08-21T21:40:46.580Z,35.382666666667,-119.0325,10.7,1.36,ml,23,77,0.07009,0.22,ci,ci41532616,2026-08-21T22:00:41.407Z,"3 km N of Bakersfield, CA",earthquake,0.28,0.65,0.20572127812452,18,reviewed,ci,ci
2026-08-21T21:35:11.020Z,47.1755,-121.98666666667,17.06,0.82,md,25,138,0.01269,0.09,uw,uw714082862,2026-08-24T04:17:48.800Z,"3 km S of Enumclaw, Washington",earthquake,0.29,0.51,0.11143630120416,19,reviewed,uw,uw
2026-08-21T21:33:54.060Z,60.044333333333,-153.05966666667,0.26,-0.71,ml,6,85,0.01321,0.05,av,av94397318,2026-08-22T17:16:45.140Z,"65 km ENE of Pedro Bay, Alaska",earthquake,0.2,0.55,0.1837195681189,6,reviewed,av,av
2026-08-21T21:30:57.980Z,19.481832504273,-155.13450622559,43.509998321533,1.81,md,19,168,0.09148,0.280000001,hv,hv75022157,2026-08-21T21:34:37.540Z,"1 km N of Fern Forest, Hawaii",earthquake,1.92,1.41999996,0.13116007595026,12,automatic,hv,hv
2026-08-21T21:27:22.520Z,38.508833333333,-112.88683333333,2.54,1.19,ml,13,65,0.006629,0.07,uu,uu80149706,2026-08-24T16:28:35.250Z,"16 km NE of Milford, Utah",earthquake,0.37,0.29,0.13704407854058,2,reviewed,uu,uu
2026-08-21T21:16:42.740Z,38.839668273926,-122.84283447266,1.5700000524521,0.57,md,9,118,0.005838,0.01,nc,nc75422652,2026-08-21T22:07:22.721Z,"10 km NW of The Geysers, CA",earthquake,0.29,0.529999971,0.35,11,automatic,nc,nc
2026-08-21T21:16:24.370Z,49.374833333333,-120.52783333333,-0.36,1.76,ml,9,182,0.5836,0.63,uw,uw714082852,2026-08-24T04:08:15.910Z,"9 km S of Princeton, Canada",explosion,3.08,31.61,0.069670097837921,6,reviewed,uw,uw
2026-08-21T21:10:52.540Z,38.832668304443,-122.79633331299,0.55000001192093,0.49,md,5,139,0.007399,0.01,nc,nc75422647,2026-08-21T21:57:23.654Z,"6 km W of Cobb, CA",earthquake,0.75,0.819999993,0.27,5,automatic,nc,nc
2026-08-21T20:57:50.151Z,32.099,-101.958,8.7158,0.6,ml,18,80,0.1,0.2,tx,tx2026qlmech,2026-08-24T20:06:02.110Z,"15 km NE of Midland, Texas",earthquake,1.0277619573697,2.1659905866744,0.2,15,reviewed,tx,tx
2026-08-21T20:55:32.470Z,38.505,-112.882,2.24,1.27,md,12,57,0.004993,0.13,uu,uu80149701,2026-08-24T16:24:27.370Z,"16 km NE of Milford, Utah",earthquake,0.38,0.51,0.12203534891508,8,reviewed,uu,uu
2026-08-21T20:50:21.660Z,19.203332901001,-155.48550415039,29.209999084473,1.8,md,21,107,0.04658,0.119999997,hv,hv75022127,2026-08-21T20:54:04.720Z,"0 km W of Pāhala, Hawaii",earthquake,0.81,0.920000017,0.19413795469678,14,automatic,hv,hv
2026-08-21T20:47:08.874Z,31.734,-104.253,7.1765,1.8,ml,28,43,0,0.3,tx,tx2026qlluwv,2026-08-24T17:38:51.997Z,"50 km SSE of Whites City, New Mexico",earthquake,0.65891122113725,0.73178866379112,0.2,23,reviewed,tx,tx
2026-08-21T20:44:15.385Z,64.928,-147.786,0,1,ml,12,70,0.2,0.4,ak,aka2026qocorx,2026-08-21T21:14:09.717Z,"4 km WNW of Farmers Loop, Alaska",quarry blast,3.4,0,0.3,7,reviewed,ak,ak
2026-08-21T20:34:44.480Z,61.164,-152.21716666667,3.78,-0.63,ml,7,222,0.03645,0.06,av,av94397278,2026-08-22T18:03:17.680Z,"59 km W of Tyonek, Alaska",earthquake,0.56,0.29,0.21305133301873,8,reviewed,av,av
2026-08-21T20:34:02.960Z,38.510833333333,-112.88933333333,2.34,2.24,ml,23,43,0.006766,0.14,uu,uu80149696,2026-08-21T20:44:01.280Z,"16 km NE of Milford, Utah",earthquake,0.3,0.5,0.18513357334888,16,reviewed,uu,uu
2026-08-21T20:29:46.540Z,33.571333333333,-116.80333333333,6.05,0.52,ml,22,42,0.03962,0.1,ci,ci41532544,2026-08-21T21:17:18.858Z,"12 km W of Anza, CA",earthquake,0.16,0.35,0.1068122639272,10,reviewed,ci,ci
2026-08-21T20:28:55.730Z,33.852166666667,-117.49083333333,-0.52,1.4,ml,22,74,0.05153,0.26,ci,ci41532528,2026-08-21T21:12:30.796Z,"4 km SE of Home Gardens, CA",quarry blast,0.5,31.61,0.17683028574055,51,reviewed,ci,ci
2026-08-21T20:24:06.960Z,57.903,-155.85183333333,12.69,0.27,ml,7,180,0.2108,0.14,av,av94397263,2026-08-22T09:51:24.230Z,"91 km WNW of Karluk, Alaska",earthquake,0.64,0.72,0.1984425010632,7,reviewed,av,av
2026-08-21T20:21:53.693Z,-7.8778,120.6371,10,4.9,mb,79,73,2.978,0.73,us,us6000tmn5,2026-08-22T15:27:21.040Z,"83 km NNE of Ruteng, Indonesia",earthquake,7.6,1.84,0.07,68,reviewed,us,us
2026-08-21T20:21:20.260Z,19.1815,-155.3545,28.05,1.88,ml,46,180,0.06895,0.11,hv,hv75022117,2026-08-22T00:23:08.860Z,"13 km E of Pāhala, Hawaii",earthquake,0.44,0.54,0.20823064941684,20,reviewed,hv,hv
2026-08-21T20:17:59.490Z,35.470333333333,-118.411,4.98,0.26,ml,6,152,0.1788,0.11,ci,ci10249166,2026-08-21T21:33:20.999Z,"15 km SSE of Bodfish, CA",earthquake,0.5,2.25,0.16317608263534,2,reviewed,ci,ci
2026-08-21T20:17:39.980Z,36.068333333333,-117.83783333333,3.68,0.65,ml,13,106,0.05104,0.06,ci,ci41532512,2026-08-21T21:29:03.167Z,"10 km ENE of Coso Junction, CA",earthquake,0.13,0.25,0.25840260559806,6,reviewed,ci,ci
2026-08-21T20:06:53.920Z,58.172333333333,-155.33183333333,2.25,0.97,ml,16,59,0.03818,0.13,av,av94397248,2026-08-22T09:44:24.770Z,"84 km NW of Karluk, Alaska",earthquake,0.18,0.33,0.33289661368529,16,reviewed,av,av
2026-08-21T20:02:58.330Z,36.066,-117.8405,2.56,1.75,ml,28,50,0.05277,0.17,ci,ci41532480,2026-08-25T00:10:56.599Z,"10 km ENE of Coso Junction, CA",earthquake,0.17,0.22,0.25232353491507,27,reviewed,ci,ci
2026-08-21T20:01:13.490Z,35.314166666667,-117.79933333333,6.98,1.11,ml,27,57,0.06017,0.14,ci,ci41532472,2026-08-21T21:26:11.122Z,"16 km WSW of Johannesburg, CA",earthquake,0.2,0.36,0.13362645594055,15,reviewed,ci,ci
2026-08-21T20:00:37.001Z,32.1138,-93.358,5,3.4,mb_lg,27,61,0.038,0.85,us,us6000tmms,2026-08-22T14:33:59.892Z,"7 km NNW of Edgefield, Louisiana",earthquake,2.7,6.483,0.046,125,reviewed,us,us
2026-08-21T19:59:27.570Z,36.0665,-117.839,4.73,0.58,ml,7,120,0.05257,0.04,ci,ci10249158,2026-08-21T21:20:36.291Z,"10 km ENE of Coso Junction, CA",earthquake,0.15,0.28,0.20462201317223,4,reviewed,ci,ci
2026-08-21T19:58:54.270Z,36.0645,-117.84016666667,4.27,0.78,ml,14,65,0.05429,0.06,ci,ci41532464,2026-08-21T21:22:38.518Z,"10 km ENE of Coso Junction, CA",earthquake,0.12,0.2,0.26617197969094,12,reviewed,ci,ci
2026-08-21T19:51:35.050Z,36.037334442139,-120.60116577148,4.1700000762939,2.08,md,39,52,0.03166,0.13,nc,nc75422607,2026-08-21T20:52:25.216Z,"22 km NW of Parkfield, CA",earthquake,0.25,0.49000001,0.18,23,automatic,nc,nc
2026-08-21T19:51:24.770Z,38.770000457764,-122.735496521,1.3200000524521,0.98,md,10,70,0.01182,0.02,nc,nc75422602,2026-08-21T20:52:24.216Z,"2 km ESE of The Geysers, CA",earthquake,0.28,0.360000014,0.33,9,automatic,nc,nc
2026-08-21T19:44:16.987Z,60.256,-152.19,89.7,1.7,ml,31,58,0.3,0.4,ak,aka2026qoaorw,2026-08-21T21:12:59.821Z,"36 km NW of Ninilchik, Alaska",earthquake,4.7,2.5711,0.3,23,reviewed,ak,ak
2026-08-21T19:37:46.859Z,34.29266667,-97.6005,6.49,1.98,ml,83,85,0.06118799283,0.37,ok,ok2026qjjo,2026-08-21T19:45:47.757Z,"8 km ESE of Loco, Oklahoma",earthquake,,0.6,0.31,31,reviewed,ok,ok
2026-08-21T19:35:59.750Z,46.854,-121.93216666667,8.02,0.35,md,16,89,0.0168,0.07,uw,uw714082832,2026-08-21T21:09:25.570Z,"13 km NE of Ashford, Washington",earthquake,0.41,0.36,0.36969226684391,14,reviewed,uw,uw
2026-08-21T19:25:55.250Z,18.740333557129,-155.24282836914,7.3200001716614,1.82,md,34,287,0.4621,0.209999993,hv,hv75022097,2026-08-21T19:29:25.240Z,"50 km SE of Naalehu, Hawaii",earthquake,1.33,1.03999996,0.1273321577324,15,automatic,hv,hv
2026-08-21T19:09:32.300Z,36.064833333333,-117.84166666667,2.78,0.96,ml,19,66,0.05371,0.13,ci,ci41532432,2026-08-21T19:57:11.385Z,"10 km ENE of Coso Junction, CA",earthquake,0.23,0.65,0.23815856361386,12,reviewed,ci,ci
2026-08-21T19:08:25.932Z,31.95,-102.084,6.0059,0.1,ml,14,74,0.1,0.1,tx,tx2026qlinuq,2026-08-24T20:14:09.734Z,"5 km S of Midland, Texas",earthquake,1.4380944506103,1.7193642096835,0.2,6,reviewed,tx,tx
2026-08-21T19:07:47.120Z,59.364333333333,-153.42683333333,-0.27,-0.21,ml,8,97,0.009314,0.12,av,av94397203,2026-08-22T09:17:22.330Z,"60 km SE of Pedro Bay, Alaska",earthquake,0.17,0.2,0.14135369247123,7,reviewed,av,av
2026-08-21T18:59:33.540Z,38.827835083008,-122.80316925049,1.9900000095367,0.77,md,13,63,0.006982,0.01,nc,nc75422597,2026-08-21T19:01:12.210Z,"7 km NW of The Geysers, CA",earthquake,0.3,0.519999981,0.22,14,automatic,nc,nc
2026-08-21T18:56:59.350Z,35.000333333333,-118.19366666667,-0.86,0.51,ml,10,84,0.1218,0.12,ci,ci41532416,2026-08-21T20:48:15.756Z,"6 km SSW of Mojave, CA",quarry blast,0.39,31.61,0.14866268844997,7,reviewed,ci,ci
2026-08-21T18:51:53.278Z,53.297,-165.35,17.8,2.3,ml,13,256,0.8,0.5,ak,aka2026qnyvit,2026-08-21T21:12:00.210Z,"97 km SSE of Akutan, Alaska",earthquake,9.1,10.6534,0.1,11,reviewed,ak,ak
2026-08-21T18:45:44.970Z,32.893333333333,-116.59416666667,7.7,0.96,ml,30,56,0.03059,0.16,ci,ci41532400,2026-08-21T20:01:28.228Z,"10 km NW of Pine Valley, CA",earthquake,0.19,0.58,0.37063088573007,12,reviewed,ci,ci
2026-08-21T18:37:56.310Z,34.178666666667,-117.93016666667,-0.91,1.15,ml,14,118,0.04915,0.18,ci,ci41532384,2026-08-21T21:43:48.459Z,"5 km NE of Bradbury, CA",quarry blast,0.52,31.61,0.095504326299181,17,reviewed,ci,ci
2026-08-21T18:33:43.410Z,36.068666666667,-117.83983333333,3.37,0.83,ml,14,64,0.05031,0.09,ci,ci41532376,2026-08-21T19:42:31.384Z,"10 km ENE of Coso Junction, CA",earthquake,0.17,0.34,0.20006068887104,9,reviewed,ci,ci
2026-08-21T18:33:41.740Z,53.403,-166.982,2.4,2.3,ml,25,200,0.4,0.5,ak,aka2026qnyfmw,2026-08-21T21:11:12.766Z,"60 km SSW of Unalaska, Alaska",earthquake,6.4,4.9511,0.1,18,reviewed,ak,ak
2026-08-21T18:32:59.110Z,38.138332366943,-122.16999816894,3.0899999141693,2.17,md,6,145,0.02255,0.08,nc,nc75422572,2026-08-25T02:37:55.227Z,"6 km ENE of Vallejo, CA",earthquake,1.1,1.74000001,0.09,5,automatic,nc,nc
2026-08-21T18:29:55.280Z,36.0665,-117.83866666667,2.58,1.64,ml,28,50,0.05263,0.12,ci,ci41532368,2026-08-21T19:03:16.816Z,"10 km ENE of Coso Junction, CA",earthquake,0.13,0.17,0.18649834816324,19,reviewed,ci,ci
2026-08-21T18:29:42.470Z,33.9,-116.16166666667,5.6,0.61,ml,19,96,0.0272,0.16,ci,ci41532360,2026-08-21T19:54:52.934Z,"21 km NNE of Indio, CA",earthquake,0.3,0.54,0.14906954304197,10,reviewed,ci,ci
2026-08-21T18:27:23.190Z,60.043,-153.08583333333,-1.45,-0.42,ml,6,96,0.01821,0.09,av,av94397173,2026-08-22T08:43:20.170Z,"63 km ENE of Pedro Bay, Alaska",earthquake,0.21,2.97,0.49011454323531,6,reviewed,av,av
2026-08-21T18:26:54.080Z,36.066666666667,-117.841,4.02,1.01,ml,17,65,0.05203,0.08,ci,ci41532352,2026-08-21T20:22:45.574Z,"10 km ENE of Coso Junction, CA",earthquake,0.15,0.24,0.22961061714176,13,reviewed,ci,ci
2026-08-21T18:26:04.570Z,60.016833333333,-153.117,4.34,-0.61,ml,5,145,0.0361,0.17,av,av94397168,2026-08-22T08:38:49.850Z,"60 km ENE of Pedro Bay, Alaska",earthquake,0.68,1.43,0.27891377601306,5,reviewed,av,av
2026-08-21T18:24:14.200Z,52.877,-169.881,11.57,0.77,ml,4,277,0.04271,0.11,av,av93066144,2026-08-22T09:28:23.960Z,"68 km W of Nikolski, Alaska",earthquake,1.43,1.56,0.2114014029104,4,reviewed,av,av
2026-08-21T18:23:28.971Z,39.3394,-119.0155,5.5936,1.6,ml,11,97,0.068,0.1592,nn,nn00923643,2026-08-21T19:25:40.586Z,"19 km ESE of Silver Springs, Nevada",earthquake,,1.2834,0.23,9,reviewed,nn,nn
2026-08-21T18:21:50.778Z,60.722,-152.014,80.2,1.9,ml,40,48,0.2,0.7,ak,aka2026qnxvey,2026-08-21T21:10:40.793Z,"39 km W of Nikiski, Alaska",earthquake,4,2.6719,0.3,30,reviewed,ak,ak
2026-08-21T18:16:43.590Z,19.414167404175,-155.61599731445,32.5,1.7,md,15,80,0.01578,0.25999999,hv,hv75022067,2026-08-21T18:20:19.970Z,"26 km E of Honaunau-Napoopoo, Hawaii",earthquake,0.95,2.1500001,0.26446469761323,14,automatic,hv,hv
2026-08-21T18:07:54.320Z,36.063,-117.83816666667,2.63,0.8,ml,17,63,0.05612,0.08,ci,ci41532336,2026-08-21T19:13:32.672Z,"10 km ENE of Coso Junction, CA",earthquake,0.12,0.14,0.2181984213599,8,reviewed,ci,ci
2026-08-21T18:07:25.900Z,36.066166666667,-117.84116666667,2.96,1.06,ml,21,65,0.05249,0.12,ci,ci41532328,2026-08-21T19:13:36.764Z,"10 km ENE of Coso Junction, CA",earthquake,0.14,0.42,0.23908396763189,17,reviewed,ci,ci
2026-08-21T18:06:18.082Z,60.515,-152.022,81.7,1.3,ml,18,81,0.2,0.5,ak,aka2026qnxhtr,2026-08-21T21:07:57.167Z,"40 km WSW of Salamatof, Alaska",earthquake,8.1,4.9055,0.3,12,reviewed,ak,ak
2026-08-21T18:05:20.972Z,23.6827,126.8077,10,4.7,mb,71,78,2.453,0.62,us,us6000tmm3,2026-08-21T18:36:05.040Z,"195 km SE of Miyakojima, Japan",earthquake,10.37,1.877,0.055,99,reviewed,us,us
2026-08-21T18:02:25.510Z,38.836334228516,-122.80982971191,1.960000038147,1.46,md,28,48,0.01292,0.02,nc,nc75422542,2026-08-21T20:47:25.181Z,"8 km WNW of Cobb, CA",earthquake,0.19,0.360000014,0.17,29,automatic,nc,nc
2026-08-21T17:59:00.890Z,36.0655,-117.84016666667,3.06,0.9,ml,20,65,0.05332,0.11,ci,ci41532320,2026-08-21T19:13:17.966Z,"10 km ENE of Coso Junction, CA",earthquake,0.14,0.38,0.18242219165077,14,reviewed,ci,ci
2026-08-21T17:53:57.470Z,36.064333333333,-117.84166666667,2.52,0.97,ml,20,65,0.0542,0.1,ci,ci41532304,2026-08-21T19:13:14.896Z,"10 km ENE of Coso Junction, CA",earthquake,0.11,0.13,0.20710279159819,15,reviewed,ci,ci
2026-08-21T17:41:44.453Z,-7.5836,104.5501,10,5.7,mww,84,42,3.076,0.76,us,us6000tmlu,2026-08-22T17:50:23.109Z,"194 km SW of Labuan, Indonesia",earthquake,7.28,1.838,0.061,26,reviewed,us,us
2026-08-21T17:40:22.240Z,36.067833333333,-117.8355,2.56,0.4,ml,15,60,0.05206,0.06,ci,ci41532280,2026-08-21T19:13:10.844Z,"10 km ENE of Coso Junction, CA",earthquake,0.1,0.12,0.15389184074556,5,reviewed,ci,ci
2026-08-21T17:39:21.106Z,63.257,-151.044,1,1.6,ml,18,65,0.5,0.8,ak,aka2026qnwkjn,2026-08-21T21:06:47.282Z,"46 km SE of Denali National Park, Alaska",earthquake,3.1,2.4804,0.1,13,reviewed,ak,ak
2026-08-21T17:37:12.210Z,53.835833333333,-166.97966666667,7.27,-0.24,ml,5,243,0.03615,0.06,av,av93066139,2026-08-22T08:56:51.170Z,"29 km WSW of Dutch Harbor, Alaska",earthquake,0.89,0.76,0.3036826991282,5,reviewed,av,av
2026-08-21T17:37:00.510Z,36.067666666667,-117.83583333333,2.59,0.23,ml,6,126,0.05214,0.04,ci,ci10249134,2026-08-21T21:40:42.605Z,"10 km ENE of Coso Junction, CA",earthquake,0.16,0.2,0.40878196913027,3,reviewed,ci,ci
2026-08-21T17:36:26.360Z,36.066166666667,-117.83933333333,3.55,0.73,ml,15,64,0.05283,0.09,ci,ci41532272,2026-08-21T20:13:24.135Z,"10 km ENE of Coso Junction, CA",earthquake,0.15,0.29,0.20755118022849,6,reviewed,ci,ci
2026-08-21T17:35:57.080Z,36.066166666667,-117.8415,4.03,0.58,ml,10,123,0.05244,0.07,ci,ci10249126,2026-08-21T20:16:41.590Z,"10 km ENE of Coso Junction, CA",earthquake,0.17,0.29,0.15398068706507,5,reviewed,ci,ci
2026-08-21T17:31:45.607Z,37.2424,-115.136,0,1.63,ml,10,231,0.63,0.2103,nn,nn00923636,2026-08-21T18:03:38.585Z,"13 km S of Alamo, Nevada",earthquake,,0,0.38,4,reviewed,nn,nn
2026-08-21T17:31:19.086Z,53.837,-165.408,74.4,1.9,ml,18,224,0.3,0.5,ak,aka2026qnwdmm,2026-08-21T21:05:50.433Z,"40 km SE of Akutan, Alaska",earthquake,26.7,8.0614,0.2,13,reviewed,ak,ak
2026-08-21T17:30:52.420Z,36.064833333333,-117.84133333333,4.64,0.64,ml,7,133,0.05377,0.06,ci,ci10249174,2026-08-21T21:38:53.881Z,"10 km ENE of Coso Junction, CA",earthquake,0.21,0.34,0.23920956094808,4,reviewed,ci,ci
2026-08-21T17:30:41.840Z,36.0695,-117.84266666667,3.1,0.32,ml,13,103,0.04899,0.09,ci,ci41532264,2026-08-21T21:37:07.725Z,"10 km ENE of Coso Junction, CA",earthquake,0.19,0.45,0.15861751573648,6,reviewed,ci,ci
2026-08-21T17:29:56.950Z,38.801666259766,-122.82433319092,18.459999084473,1.03,md,11,157,0.008127,0.09,nc,nc75422517,2026-08-21T18:07:24.081Z,"6 km WNW of The Geysers, CA",earthquake,2.34,10.3000002,0.21,14,automatic,nc,nc
2026-08-21T17:27:59.560Z,36.068833333333,-117.8435,2.6,1.49,ml,20,67,0.04951,0.13,ci,ci41532256,2026-08-21T18:55:39.207Z,"10 km ENE of Coso Junction, CA",earthquake,0.17,0.21,0.14210378326659,9,reviewed,ci,ci
2026-08-21T17:27:57.980Z,47.588,-122.9965,16.31,0.68,ml,8,93,0.07222,0.12,uw,uw714082802,2026-08-21T20:56:52.310Z,"12 km SW of Brinnon, Washington",earthquake,0.55,0.82,0.10228273557425,3,reviewed,uw,uw
2026-08-21T17:27:38.940Z,36.069,-117.84116666667,2.96,1.42,ml,15,65,0.04973,0.1,ci,ci41532248,2026-08-21T18:58:20.818Z,"10 km ENE of Coso Junction, CA",earthquake,0.19,0.5,0.13081919490926,8,reviewed,ci,ci
2026-08-21T17:26:17.660Z,36.0685,-117.84183333333,2.54,3.29,ml,53,30,0.0501,0.14,ci,ci41532240,2026-08-22T12:34:44.826Z,"10 km ENE of Coso Junction, CA",earthquake,0.12,0.18,0.16370112391164,238,reviewed,ci,ci
2026-08-21T17:26:00.772Z,57.262,-154.254,36,1.9,ml,20,118,0.3,0.5,ak,aka2026qnvyuj,2026-08-21T21:04:44.628Z,"35 km SSW of Larsen Bay, Alaska",earthquake,5.1,4.5002,0.1,16,reviewed,ak,ak
2026-08-21T17:22:42.280Z,56.901,-158.10366666667,1.74,-0.53,ml,5,202,0.03226,0.14,av,av93066134,2026-08-22T08:50:20.730Z,"70 km NNE of Chignik, Alaska",earthquake,0.71,4.33,0.46980013158008,5,reviewed,av,av
2026-08-21T17:15:15.669Z,60.125,-151.173,67.7,2.3,ml,80,58,0.4,0.6,ak,aka2026qnvpmo,2026-08-21T21:05:10.087Z,"17 km SE of Clam Gulch, Alaska",earthquake,2.2,2.3545,0.1,57,reviewed,ak,ak
2026-08-21T17:14:06.460Z,36.065666666667,-117.83816666667,3.24,1.01,ml,15,89,0.05354,0.09,ci,ci41532232,2026-08-21T20:10:37.691Z,"10 km ENE of Coso Junction, CA",earthquake,0.17,0.35,0.36094782976214,5,reviewed,ci,ci
2026-08-21T17:06:37.647Z,-7.7653,120.4576,10,4.9,mb,64,62,2.822,0.73,us,us6000tmlk,2026-08-21T17:27:50.040Z,"93 km N of Ruteng, Indonesia",earthquake,9.54,1.874,0.078,52,reviewed,us,us
2026-08-21T17:05:12.860Z,32.919666666667,-116.261,7.96,0.9,ml,27,45,0.04984,0.12,ci,ci41532224,2026-08-21T20:04:31.168Z,"27 km ENE of Pine Valley, CA",earthquake,0.19,0.44,0.1857556994347,12,reviewed,ci,ci
2026-08-21T16:59:38.500Z,34.80583333,-96.67616667,6.03,1.1,ml,37,84,0.06478728652,0.28,ok,ok2026qjej,2026-08-24T14:37:50.730Z,"3 km N of Ada, Oklahoma",earthquake,,0.7,0.26,16,reviewed,ok,ok
2026-08-21T16:56:22.060Z,19.210666656494,-155.48983764648,27.590000152588,1.74,md,38,77,0.0385,0.209999993,hv,hv75022012,2026-08-21T17:00:05.890Z,"1 km NW of Pāhala, Hawaii",earthquake,0.7,0.920000017,0.19067825160278,15,automatic,hv,hv
2026-08-21T16:55:11.480Z,33.588166666667,-116.6145,13.2,0.57,ml,22,46,0.01839,0.09,ci,ci41532208,2026-08-21T19:55:23.193Z,"7 km NE of Anza, CA",earthquake,0.17,0.3,0.11114580024561,12,reviewed,ci,ci
2026-08-21T16:47:50.770Z,36.064666666667,-117.843,3.76,0.82,ml,14,66,0.05367,0.08,ci,ci41532192,2026-08-21T19:15:06.692Z,"10 km ENE of Coso Junction, CA",earthquake,0.15,0.26,0.20265692306159,11,reviewed,ci,ci
2026-08-21T16:45:36.257Z,-19.6215,-175.5959,272.943,4.6,mb,40,127,5.719,1.14,us,us6000tmlh,2026-08-29T21:04:03.040Z,"131 km W of Pangai, Tonga",earthquake,12.71,8.353,0.085,42,reviewed,us,us
2026-08-21T16:45:24.540Z,34.005166666667,-117.02966666667,18.19,0.75,ml,25,56,0.116,0.13,ci,ci41532184,2026-08-21T19:12:15.996Z,"3 km NE of Calimesa, CA",earthquake,0.21,0.43,0.14181009105332,10,reviewed,ci,ci
2026-08-21T16:43:07.862Z,61.11,-141.808,22.8,1.2,ml,11,108,0.3,0.8,ak,aka2026qnunrm,2026-08-21T21:03:15.750Z,"69 km ESE of McCarthy, Alaska",earthquake,4.8,6.2505,0.2,9,reviewed,ak,ak
2026-08-21T16:29:46.799Z,34.2865,-97.60766667,7.62,1.9,ml,34,160,0.06928640364,0.35,ok,ok2026qjdj,2026-08-21T16:41:42.611Z,"8 km SE of Loco, Oklahoma",earthquake,,0.7,0.22,15,reviewed,ok,ok
2026-08-21T16:21:31.923Z,58.57,-154.087,89.6,1.3,ml,12,97,0.1,0.2,ak,aka2026qntuxa,2026-08-21T20:59:22.475Z,"89 km NW of Aleneva, Alaska",earthquake,10.6,5.196,0.3,8,reviewed,ak,ak
2026-08-21T16:13:46.861Z,30.983,-103.524,4.3054,1.2,ml,16,71,0.2,0.4,tx,tx2026qlctff,2026-08-21T19:30:49.753Z,"21 km E of Balmorhea, Texas",earthquake,1.2015259768309,2.6957830690576,0.2,11,reviewed,tx,tx
2026-08-21T16:10:14.720Z,36.062833333333,-117.84133333333,2.71,1.16,ml,23,49,0.05572,0.12,ci,ci41532152,2026-08-21T16:19:17.818Z,"10 km ENE of Coso Junction, CA",earthquake,0.14,0.53,0.25569727236308,17,reviewed,ci,ci
2026-08-21T16:05:29.136Z,-8.4834,120.1965,10,4.5,mb,15,130,3.475,0.9,us,us6000tmkv,2026-08-29T21:02:21.111Z,"32 km WNW of Ruteng, Indonesia",earthquake,8.69,1.95,0.157,15,reviewed,us,us
2026-08-21T16:01:40.660Z,38.827331542969,-122.85133361816,1.8799999952316,0.39,md,10,108,0.01341,0.02,nc,nc75422472,2026-08-21T17:32:22.830Z,"10 km NW of The Geysers, CA",earthquake,0.44,0.639999986,0.25,10,automatic,nc,nc
2026-08-21T16:01:06.200Z,36.068666666667,-117.84466666667,4.13,0.52,ml,13,68,0.04951,0.07,ci,ci41532144,2026-08-21T16:18:54.229Z,"10 km ENE of Coso Junction, CA",earthquake,0.12,0.2,0.20340052418522,5,reviewed,ci,ci
2026-08-21T15:57:48.094Z,61.042,-148.158,23.2,1.1,ml,9,187,0,0.7,ak,aka2026qntaio,2026-08-21T20:57:24.029Z,"41 km NE of Whittier, Alaska",earthquake,13.6,2.9152,0.3,7,reviewed,ak,ak
2026-08-21T15:55:20.244Z,64.986,-147.435,0,1.2,ml,19,55,0.1,0.6,ak,aka2026qnsyet,2026-08-21T20:55:56.168Z,"9 km ENE of Fox, Alaska",quarry blast,3.4,0,0.4,14,reviewed,ak,ak
2026-08-21T15:53:48.220Z,33.508166666667,-116.54616666667,6.98,0.49,ml,27,51,0.04871,0.14,ci,ci41532136,2026-08-21T18:58:36.685Z,"13 km ESE of Anza, CA",earthquake,0.19,0.45,0.12200012500639,11,reviewed,ci,ci
2026-08-21T15:51:49.580Z,36.063666666667,-117.84166666667,2.71,1.14,ml,22,65,0.05485,0.11,ci,ci41532128,2026-08-21T16:18:50.243Z,"10 km ENE of Coso Junction, CA",earthquake,0.14,0.52,0.2555197377173,17,reviewed,ci,ci
2026-08-21T15:49:25.152Z,-35.3404,-105.5777,10,4.5,mb,27,131,27.985,0.91,us,us6000tmyx,2026-08-29T20:59:20.040Z,southern East Pacific Rise,earthquake,17.39,1.888,0.115,22,reviewed,us,us
2026-08-21T15:48:33.680Z,36.0655,-117.84283333333,2.72,0.77,ml,16,67,0.05288,0.12,ci,ci41532120,2026-08-21T16:12:55.429Z,"10 km ENE of Coso Junction, CA",earthquake,0.2,0.71,0.24213996098233,10,reviewed,ci,ci
2026-08-21T15:44:42.900Z,36.0645,-117.83833333333,2.77,0.4,ml,15,63,0.05464,0.11,ci,ci41532112,2026-08-21T16:26:28.014Z,"10 km ENE of Coso Junction, CA",earthquake,0.19,0.62,0.16654557075117,8,reviewed,ci,ci
2026-08-21T15:44:32.250Z,36.066,-117.84416666667,4.59,0.12,ml,7,126,0.0522,0.08,ci,ci10249102,2026-08-21T16:25:12.086Z,"10 km ENE of Coso Junction, CA",earthquake,0.24,0.37,0.30236071777366,4,reviewed,ci,ci
2026-08-21T15:22:51.280Z,17.997666666667,-66.845333333333,10.26,2.02,md,6,158,0.03935,0.14,pr,pr71529223,2026-08-21T15:53:45.740Z,"2 km W of Indios, Puerto Rico",earthquake,0.8,0.81,0.082383299296476,5,reviewed,pr,pr
2026-08-21T15:21:18.023Z,-18.4604,-175.658,271.116,4.1,mb,23,218,5.138,0.66,us,us6000tmj2,2026-08-29T20:54:39.040Z,"178 km W of Neiafu, Tonga",earthquake,15.78,9.582,0.12,21,reviewed,us,us
2026-08-21T15:16:58.230Z,36.064833333333,-117.84166666667,2.7,2.98,ml,50,32,0.05371,0.16,ci,ci41532104,2026-08-29T20:51:50.040Z,"10 km ENE of Coso Junction, CA",earthquake,0.13,0.41,0.18197234681951,141,reviewed,ci,ci
2026-08-21T15:08:31.164Z,28.6031,142.5974,10,4.4,mb,31,131,1.545,0.66,us,us6000tmiz,2026-08-29T20:50:34.040Z,"Bonin Islands, Japan region",earthquake,9.26,1.876,0.115,22,reviewed,us,us
2026-08-21T14:50:15.620Z,36.064166666667,-117.84,2.71,1.24,ml,23,49,0.05464,0.11,ci,ci41532096,2026-08-21T16:18:42.256Z,"10 km ENE of Coso Junction, CA",earthquake,0.14,0.51,0.24513132971078,18,reviewed,ci,ci
2026-08-21T14:49:14.110Z,53.897333333333,-166.647,7.37,0.02,ml,7,231,0.02704,0.12,av,av94396953,2026-08-22T07:50:47.430Z,"6 km W of Dutch Harbor, Alaska",earthquake,0.5,0.59,0.14825955013112,7,reviewed,av,av
2026-08-21T14:48:55.750Z,38.831165313721,-122.81716918945,1.5099999904633,0.67,md,8,139,0.009535,0.01,nc,nc75422442,2026-08-21T15:12:21.876Z,"8 km NW of The Geysers, CA",earthquake,0.33,0.74000001,0.26,10,automatic,nc,nc
2026-08-21T14:37:22.440Z,38.830501556396,-122.81649780273,1.7999999523163,0.92,md,18,58,0.008691,0.02,nc,nc75422432,2026-08-21T15:07:22.851Z,"8 km NW of The Geysers, CA",earthquake,0.21,0.439999998,0.22,20,automatic,nc,nc
2026-08-21T14:27:38.581Z,-24.5215,179.8615,525.13,4.3,mb,33,99,5.101,1.03,us,us6000tmip,2026-08-29T20:41:03.040Z,south of the Fiji Islands,earthquake,13.26,7.92,0.091,36,reviewed,us,us
2026-08-21T14:17:56.620Z,46.851833333333,-121.76416666667,1.19,0.98,ml,27,45,0.01978,0.06,uw,uw714082622,2026-08-21T19:00:29.130Z,"22 km ENE of Ashford, Washington",earthquake,0.16,0.39,0.10154005362927,5,reviewed,uw,uw
2026-08-21T14:17:43.820Z,60.396666666667,-152.82833333333,5.2,0.03,ml,8,295,0.03538,0.26,av,av94396923,2026-08-22T07:43:16.980Z,"74 km WNW of Ninilchik, Alaska",earthquake,1.07,1.16,0.32743349497933,8,reviewed,av,av
2026-08-21T14:16:25.396Z,60.124,-148.795,31.7,1.6,ml,10,150,0.3,1.7,ak,aka2026qnpqie,2026-08-21T20:52:34.292Z,"33 km E of Bear Creek, Alaska",earthquake,7.9,4.9063,0.1,7,reviewed,ak,ak
2026-08-21T14:12:00.450Z,61.3295,-152.25683333333,-2.09,0.86,ml,10,129,0.08077,0.07,av,av94396913,2026-08-21T20:54:13.640Z,"66 km WNW of Beluga, Alaska",earthquake,0.22,4.38,0.24288817059663,10,reviewed,av,av
2026-08-21T14:08:45.429Z,57.688,-155.788,93,1.1,ml,11,223,0.3,0.2,ak,aka2026qnpjtz,2026-08-21T20:51:21.583Z,"80 km W of Karluk, Alaska",earthquake,23.4,5.4167,0.3,7,reviewed,ak,ak
2026-08-21T14:05:49.680Z,33.317333333333,-116.319,10.21,0.4,ml,27,100,0.04138,0.15,ci,ci41532072,2026-08-21T18:46:53.648Z,"9 km NE of Borrego Springs, CA",earthquake,0.29,0.52,0.064397833256822,4,reviewed,ci,ci
2026-08-21T14:04:48.170Z,33.769,-115.6585,2.29,1.39,ml,28,61,0.06363,0.25,ci,ci41532064,2026-08-21T18:47:25.524Z,"25 km WNW of Desert Center, CA",earthquake,0.31,0.72,0.0952728728787,26,reviewed,ci,ci
2026-08-21T13:53:47.830Z,36.150666666667,-118.08033333333,4.5,0.9,ml,16,65,0.1855,0.11,ci,ci41532056,2026-08-21T18:41:21.421Z,"16 km SSW of Olancha, CA",earthquake,0.25,1.22,0.24241490787177,12,reviewed,ci,ci
2026-08-21T13:49:26.030Z,60.039833333333,-153.0945,2.09,-0.66,ml,6,108,0.02344,0.14,av,av94396898,2026-08-22T07:37:16.570Z,"63 km ENE of Pedro Bay, Alaska",earthquake,0.48,1.68,0.31490470458489,6,reviewed,av,av
2026-08-21T13:44:07.256Z,48.0431,-27.6401,10,4.6,mb,53,116,16.749,0.56,us,us6000tmys,2026-08-29T20:38:21.040Z,northern Mid-Atlantic Ridge,earthquake,13.32,1.922,0.057,91,reviewed,us,us
2026-08-21T13:32:27.140Z,36.605335235596,-121.25250244141,5.8499999046326,1.67,md,22,43,0.05032,0.21,nc,nc75422402,2026-08-21T16:47:23.520Z,"13 km NW of Pinnacles, CA",earthquake,0.45,1.50999999,0.25,18,automatic,nc,nc
2026-08-21T13:31:47.070Z,19.3255,-64.866333333333,11.74,3.4,md,6,270,0.9302,0.19,pr,pr71529213,2026-08-21T14:55:21.260Z,"109 km N of Charlotte Amalie, U.S. Virgin Islands",earthquake,3,4.25,0.17584230902071,4,reviewed,pr,pr
2026-08-21T13:29:44.430Z,36.118167877197,-121.42016601562,4.4200000762939,1.64,md,5,206,0.4256,0.02,nc,nc75422397,2026-08-21T16:22:21.353Z,"17 km NE of Lopez Point, CA",earthquake,1.83,8.40999985,,1,automatic,nc,nc
2026-08-21T13:26:17.520Z,-18.4155,-175.4853,272.249,4.1,mb,18,141,5.275,0.69,us,us7000tcb4,2026-08-29T20:35:03.040Z,"160 km W of Neiafu, Tonga",earthquake,14.41,6.152,0.135,16,reviewed,us,us
2026-08-21T13:23:02.260Z,36.064166666667,-117.84,2.65,0.95,ml,21,64,0.05464,0.13,ci,ci41532040,2026-08-21T16:10:23.026Z,"10 km ENE of Coso Junction, CA",earthquake,0.16,0.24,0.244827936531,15,reviewed,ci,ci
2026-08-21T13:21:28.260Z,35.3305,-117.81333333333,7.19,1.1,ml,29,95,0.06831,0.21,ci,ci41532032,2026-08-21T18:38:31.724Z,"17 km WSW of Johannesburg, CA",earthquake,0.3,0.56,0.13837865604549,16,reviewed,ci,ci
2026-08-21T13:20:01.970Z,19.349,-155.24283333333,29.74,1.69,ml,47,63,0.02453,0.11,hv,hv75021917,2026-08-21T23:52:06.450Z,"10 km S of Volcano, Hawaii",earthquake,0.54,0.42,0.30766317838838,16,reviewed,hv,hv
2026-08-21T13:18:37.890Z,34.112,-117.77666666667,7.27,0.95,ml,16,94,0.03229,0.1,ci,ci41532024,2026-08-21T16:58:41.489Z,"1 km NNW of La Verne, CA",earthquake,0.22,0.45,0.23024935757092,10,reviewed,ci,ci
2026-08-21T13:13:34.127Z,61.042,-152.31,113.4,2,ml,65,55,0.2,0.8,ak,aka2026qnnnum,2026-08-21T20:50:01.093Z,"63 km W of Tyonek, Alaska",earthquake,3.2,1.7869,0.4,47,reviewed,ak,ak
2026-08-21T13:11:36.020Z,52.844833333333,-169.71383333333,9.28,1.02,ml,4,276,0.05858,0.02,av,av93066124,2026-08-22T07:30:16.170Z,"58 km W of Nikolski, Alaska",earthquake,0.89,1.01,0.19993679083746,4,reviewed,av,av
2026-08-21T13:11:13.084Z,-24.5302,179.8055,522.254,4.5,mb,39,99,5.113,1.11,us,us6000tmfv,2026-08-29T20:26:09.040Z,south of the Fiji Islands,earthquake,8.92,8.931,0.071,59,reviewed,us,us
2026-08-21T13:09:51.698Z,64.787,-147.464,1.2,1.5,ml,24,55,0.1,0.8,ak,aka2026qnnkpc,2026-08-21T20:47:43.277Z,"3 km ESE of Badger, Alaska",earthquake,2.5,2.1794,0.2,19,reviewed,ak,ak
2026-08-21T13:09:46.772Z,59.806,-151.145,42.6,2,ml,40,75,0.1,0.8,ak,aka2026qnnkqb,2026-08-21T20:33:51.779Z,"11 km NE of Fritz Creek, Alaska",earthquake,3.6,3.0774,0.2,29,reviewed,ak,ak
2026-08-21T13:08:50.660Z,36.0635,-117.84116666667,2.73,0.3,ml,6,132,0.0551,0.06,ci,ci10249150,2026-08-21T21:01:54.560Z,"10 km ENE of Coso Junction, CA",earthquake,0.2,0.26,0.072764986516344,4,reviewed,ci,ci
2026-08-21T13:08:36.689Z,62.335,-148.569,43,1.5,ml,19,71,0.5,0.6,ak,aka2026qnnjqe,2026-08-21T20:33:36.421Z,"60 km N of Chickaloon, Alaska",earthquake,4,7.6367,0.1,14,reviewed,ak,ak
2026-08-21T13:08:33.100Z,36.061333333333,-117.83783333333,2.34,0.74,ml,7,134,0.0578,0.07,ci,ci10249142,2026-08-21T20:53:35.596Z,"10 km E of Coso Junction, CA",earthquake,0.18,0.28,0.19496952977679,3,reviewed,ci,ci
2026-08-21T13:08:29.460Z,36.063666666667,-117.8375,3.25,0.65,ml,12,105,0.05561,0.05,ci,ci41532016,2026-08-21T20:50:48.072Z,"10 km ENE of Coso Junction, CA",earthquake,0.15,0.29,0.12970286843483,5,reviewed,ci,ci
2026-08-21T13:06:40.031Z,-58.837,-26.5525,151.97,5.4,mb,72,29,7.136,0.65,us,us6000tmft,2026-08-29T20:32:18.896Z,South Sandwich Islands region,earthquake,10.41,3.982,0.053,135,reviewed,us,us
2026-08-21T13:00:07.260Z,39.567833333333,-111.3805,2.21,0.96,ml,14,160,0.1544,0.16,uu,uu80149676,2026-08-21T13:34:58.470Z,"6 km ENE of Mount Pleasant, Utah",earthquake,0.56,9.41,0.063467807065889,3,reviewed,uu,uu
2026-08-21T12:55:15.278Z,60.58,-139.965,12.1,1.7,ml,11,86,0.6,0.4,ak,aka2026qnmybe,2026-08-21T20:32:02.908Z,"115 km N of Yakutat, Alaska",earthquake,5.2,3.2841,0.2,9,reviewed,ak,ak
2026-08-21T12:55:06.890Z,33.316333333333,-115.45533333333,4.54,2.14,ml,35,53,0.11,0.21,ci,ci41532000,2026-08-21T17:23:38.172Z,"10 km NE of Niland, CA",earthquake,0.23,0.9,0.17532601523747,22,reviewed,ci,ci
2026-08-21T12:54:33.780Z,56.864833333333,-158.16566666667,-0.35,-0.1,ml,6,117,0.02165,0.32,av,av94396853,2026-08-22T04:08:36.690Z,"65 km NNE of Chignik, Alaska",earthquake,0.68,0.4,0.18837601957119,6,reviewed,av,av
2026-08-21T12:53:21.050Z,56.8635,-158.1805,0.75,-0.17,ml,4,191,0.02256,0.29,av,av94396848,2026-08-22T04:02:06.320Z,"64 km NNE of Chignik, Alaska",earthquake,0.89,0.35,0.32101189379025,4,reviewed,av,av
2026-08-21T12:51:54.690Z,35.524166666667,-117.44766666667,5.03,0.96,ml,23,66,0.06782,0.11,ci,ci41531992,2026-08-21T18:36:59.955Z,"23 km ESE of Ridgecrest, CA",earthquake,0.21,0.5,0.13961054722087,9,reviewed,ci,ci
2026-08-21T12:44:37.910Z,39.654166666667,-111.3245,1.14,1.23,md,7,219,0.09421,0.15,uu,uu80007878,2026-08-21T20:33:12.640Z,"10 km ENE of Fairview, Utah",earthquake,2.58,31.61,0.37471211734917,4,reviewed,uu,uu
2026-08-21T12:43:35.012Z,53.286,-165.793,16.8,2.7,ml,37,212,0.8,0.6,ak,aka2026qnmnxf,2026-08-21T20:30:55.229Z,"81 km SE of Unalaska, Alaska",earthquake,4.2,3.6404,0.2,28,reviewed,ak,ak
2026-08-21T12:40:06.491Z,59.481,-155.499,8,1.6,ml,16,62,0.2,0.6,ak,aka2026qnmkxu,2026-08-21T20:30:33.198Z,"28 km NE of Igiugig, Alaska",earthquake,3.8,3.7356,0.2,12,reviewed,ak,ak
2026-08-21T12:39:38.590Z,37.759666442871,-122.14099884033,4.539999961853,1.44,md,10,132,0.03554,0.04,nc,nc75422387,2026-08-21T15:52:22.153Z,"4 km NNE of San Leandro, CA",earthquake,0.34,0.670000017,0.09,8,automatic,nc,nc
2026-08-21T12:36:45.740Z,31.642,-104.431,7.3303,1.6,ml,31,73,0,0.3,tx,tx2026qkvoif,2026-08-21T14:50:36.987Z,"59 km S of Whites City, New Mexico",earthquake,1.1357224510292,0.86283420382599,0.1,19,reviewed,tx,tx
2026-08-21T12:35:07.691Z,31.642,-104.432,7.2662,2.1,ml,35,68,0,0.3,tx,tx2026qkvmsc,2026-08-21T14:30:40.907Z,"59 km S of Whites City, New Mexico",earthquake,0.60247638015677,0.54542345528297,0.1,24,reviewed,tx,tx
2026-08-21T12:32:50.793Z,-3.4075,131.0401,10,4.9,mb,56,69,1.301,0.68,us,us6000tmfl,2026-08-21T12:50:18.040Z,"149 km WSW of Fakfak, Indonesia",earthquake,6.61,1.835,0.059,90,reviewed,us,us
2026-08-21T12:32:46.840Z,61.275666666667,-152.24283333333,2.73,0.16,ml,12,108,0.04342,0.09,av,av94396833,2026-08-22T02:30:01.930Z,"63 km WNW of Tyonek, Alaska",earthquake,0.21,0.42,0.22767206889293,12,reviewed,av,av
2026-08-21T12:29:37.420Z,33.706166666667,-116.75483333333,15.87,0.9,ml,56,25,0.03426,0.15,ci,ci41531984,2026-08-21T18:51:13.640Z,"5 km SW of Idyllwild, CA",earthquake,0.13,0.27,0.17996133476257,27,reviewed,ci,ci
2026-08-21T12:22:43.180Z,31.721,-104.534,4.3951,2.1,ml,41,67,0,0.2,tx,tx2026qkvcfe,2026-08-21T14:41:04.886Z,"52 km SSW of Whites City, New Mexico",earthquake,0.6421054114744,0.35128269802712,0.1,24,reviewed,tx,tx
2026-08-21T12:19:02.927Z,-31.9377,-178.7122,69.842,4.9,mb,30,132,2.768,1.21,us,us6000tmfi,2026-08-21T12:35:41.040Z,Kermadec Islands region,earthquake,12.64,9.982,0.136,17,reviewed,us,us
2026-08-21T12:16:05.920Z,38.842998504639,-122.82499694824,2.1199998855591,1.08,md,23,74,0.0093,0.02,nc,nc75422382,2026-08-21T12:17:43.809Z,"9 km WNW of Cobb, CA",earthquake,0.21,0.419999987,0.16,23,automatic,nc,nc
2026-08-21T12:13:21.690Z,33.415,-116.63366666667,7.04,0.11,ml,21,94,0.08373,0.12,ci,ci41531968,2026-08-21T18:30:34.271Z,"15 km N of Warner Springs, CA",earthquake,0.22,0.74,0.10384433257649,10,reviewed,ci,ci
2026-08-21T12:07:02.220Z,36.066,-117.8405,2.85,0.82,ml,17,65,0.05277,0.12,ci,ci41531960,2026-08-21T16:06:51.344Z,"10 km ENE of Coso Junction, CA",earthquake,0.17,0.52,0.15761166702189,10,reviewed,ci,ci
2026-08-21T12:05:15.070Z,58.304833333333,-154.99366666667,3.38,0.14,ml,11,137,0.03805,0.19,av,av94396798,2026-08-22T00:58:57.530Z,"87 km NNW of Karluk, Alaska",earthquake,0.35,0.68,0.18808359252673,11,reviewed,av,av
2026-08-21T12:02:40.770Z,35.82,-117.6465,5.94,0.89,ml,23,56,0.04004,0.1,ci,ci41531952,2026-08-21T16:18:46.353Z,"22 km N of Ridgecrest, CA",earthquake,0.12,0.32,0.1510777863282,11,reviewed,ci,ci
2026-08-21T12:02:07.072Z,33.7171,140.3802,61.666,5.4,mww,114,49,3.125,0.96,us,us6000tmfe,2026-08-22T17:21:04.692Z,"148 km SSE of Tateyama, Japan",earthquake,7.91,5.844,0.068,21,reviewed,us,us
2026-08-21T12:00:52.370Z,38.820331573486,-122.8125,3.0699999332428,0.88,md,17,65,0.003598,0.02,nc,nc75422362,2026-08-21T12:02:29.005Z,"7 km NW of The Geysers, CA",earthquake,0.28,0.639999986,0.2,19,automatic,nc,nc
2026-08-21T11:55:28.424Z,-6.4826,129.8904,169.579,4.6,mb,27,98,1.947,0.63,us,us6000tmfc,2026-08-21T13:07:52.040Z,Banda Sea,earthquake,9.92,8.868,0.101,29,reviewed,us,us
2026-08-21T11:55:19.060Z,48.292833333333,-122.60116666667,23.96,1.05,ml,16,54,0.02168,0.09,uw,uw714082552,2026-08-21T18:39:24.830Z,"3 km E of Oak Harbor, Washington",earthquake,0.42,0.51,0.3257027424296,7,reviewed,uw,uw
2026-08-21T11:55:14.350Z,39.226501464844,-120.0813369751,5.6100001335144,1.42,md,7,99,0.03945,0.04,nc,nc75422357,2026-08-21T15:27:18.978Z,"3 km WSW of Tahoe Vista, CA",earthquake,0.43,0.839999974,0.22,5,automatic,nc,nc
2026-08-21T11:54:49.678Z,-8.3093,120.9404,10,4.6,mb,20,106,3.48,0.53,us,us6000tmfd,2026-08-21T13:50:11.040Z,"62 km ENE of Ruteng, Indonesia",earthquake,8.91,1.903,0.146,14,reviewed,us,us
2026-08-21T11:52:59.940Z,34.045,-117.12566666667,9.51,0.28,ml,19,112,0.01454,0.16,ci,ci41531944,2026-08-21T18:27:16.199Z,"3 km SSE of Mentone, CA",earthquake,0.3,0.64,0.049224142218638,6,reviewed,ci,ci
2026-08-21T11:45:08.757Z,59.498,-155.486,9.9,1.8,ml,19,112,0.2,0.7,ak,aka2026qnkpgp,2026-08-21T20:28:38.061Z,"29 km NE of Igiugig, Alaska",earthquake,3.2,2.7479,0.2,15,reviewed,ak,ak
2026-08-21T11:45:04.290Z,19.209499359131,-155.24800109863,42.619998931885,1.77,md,15,228,0.1352,0.0799999982,hv,hv75021877,2026-08-21T11:48:34.240Z,"24 km E of Pāhala, Hawaii",earthquake,1.63,0.730000019,0.16263688703877,15,automatic,hv,hv
2026-08-21T11:43:48.990Z,19.205833435059,-155.27233886719,44.319999694824,1.77,md,11,257,0.132,0.0799999982,hv,hv75021872,2026-08-21T11:47:33.930Z,"21 km E of Pāhala, Hawaii",earthquake,1.8,1.28999996,0.15801149717208,13,automatic,hv,hv
2026-08-21T11:42:42.520Z,36.571334838867,-121.19882965088,2.5899999141693,1.73,md,20,78,0.1012,0.13,nc,nc75422347,2026-08-21T14:32:21.642Z,"7 km NW of Pinnacles, CA",earthquake,0.33,11.1899996,0.12,19,automatic,nc,nc
2026-08-21T11:40:50.090Z,45.0075,-122.5325,19.07,0.58,ml,7,132,0.1128,0.22,uw,uw714082542,2026-08-21T18:24:41.710Z,"11 km ESE of Scotts Mills, Oregon",earthquake,1.11,1.58,0.10755235689748,5,reviewed,uw,uw
2026-08-21T11:38:49.380Z,37.724834442139,-122.26132965088,18.170000076294,2.33,md,71,26,,0.1,nc,nc75422342,2026-08-22T04:44:41.638Z,"5 km SSW of Alameda, CA",earthquake,0.19,0.300000012,0.13,69,automatic,nc,nc
2026-08-21T11:34:51.970Z,36.0665,-117.84033333333,3.57,0.46,ml,15,64,0.05231,0.09,ci,ci41531936,2026-08-21T18:23:13.436Z,"10 km ENE of Coso Junction, CA",earthquake,0.16,0.31,0.26413217947652,8,reviewed,ci,ci
2026-08-21T11:30:15.998Z,61.222,-150.263,45.4,2.2,ml,68,33,0.1,1,ak,aka2026qnkcit,2026-08-22T08:02:30.316Z,"19 km W of Anchorage, Alaska",earthquake,2.3,1.9191,0.1,50,reviewed,ak,ak
2026-08-21T11:22:36.073Z,51.3,179.707,22.3,3.1,ml,29,212,0.3,0.5,ak,aka2026qnjvsi,2026-08-21T20:25:16.601Z,"261 km WSW of Adak, Alaska",earthquake,5.8,4.0483,0.2,22,reviewed,ak,ak
2026-08-21T11:19:37.427Z,60.451,-152.295,99.4,1.6,ml,29,49,0.1,0.3,ak,aka2026qnjtdf,2026-08-21T20:24:38.914Z,"55 km W of Cohoe, Alaska",earthquake,5.2,3.3766,0.3,21,reviewed,ak,ak
2026-08-21T11:16:52.056Z,-8.1896,120.5325,10,4.5,mb,19,110,3.248,0.63,us,us6000tmf7,2026-08-21T11:56:23.040Z,"47 km N of Ruteng, Indonesia",earthquake,7.21,1.901,0.14,15,reviewed,us,us
2026-08-21T11:10:57.000Z,40.559665679932,-124.23283386231,13.289999961853,2.57,md,5,316,0.2081,0.13,nc,nc75422337,2026-08-21T13:47:26.328Z,"3 km SE of Ferndale, CA",earthquake,10.28,7.67000008,0.03,4,automatic,nc,nc
2026-08-21T11:07:45.370Z,35.746166666667,-120.27983333333,6,0.69,md,21,134,0.02556,0.05,nc,nc75422332,2026-08-29T19:49:19.649Z,"3 km NNE of Cholame, CA",earthquake,0.3,0.47,0.025,4,reviewed,nc,nc
2026-08-21T11:06:35.830Z,36.775333404541,-121.4948348999,3.960000038147,1.67,md,23,59,0.0357,0.16,nc,nc75422327,2026-08-21T13:32:21.210Z,"9 km SSE of San Juan Bautista, CA",earthquake,0.37,0.560000002,0.2,15,automatic,nc,nc
2026-08-21T11:03:03.763Z,-8.213,120.5403,9.98,4.6,mb,25,83,3.273,0.99,us,us6000tmf5,2026-08-21T11:32:53.040Z,"44 km N of Ruteng, Indonesia",earthquake,8.83,4.943,0.114,23,reviewed,us,us
2026-08-21T11:01:32.144Z,32.39,-101.776,9.3994,0.7,ml,9,76,0,0.1,tx,tx2026qksiys,2026-08-21T14:38:25.549Z,"16 km SSW of Ackerly, Texas",earthquake,0.87512692561252,1.6161037729276,0.2,6,reviewed,tx,tx
2026-08-21T10:40:54.501Z,57.77,-156.031,102.8,1.3,ml,8,175,0.2,0.2,ak,aka2026qnilok,2026-08-21T20:24:18.475Z,"86 km ENE of Ugashik, Alaska",earthquake,19.4,6.1291,0.2,6,reviewed,ak,ak
2026-08-21T10:39:05.450Z,33.900333333333,-116.16666666667,4.58,1.33,ml,59,40,0.02567,0.17,ci,ci41531928,2026-08-21T18:17:34.370Z,"20 km NNE of Indio, CA",earthquake,0.15,0.31,0.1604286922598,26,reviewed,ci,ci
2026-08-21T10:38:57.051Z,47.2192,146.7826,350.501,4.5,mb,129,92,4.27,0.7,us,us6000tmf2,2026-08-21T11:15:46.040Z,"237 km NNW of Kuril’sk, Russia",earthquake,10.51,7.931,0.025,476,reviewed,us,us
2026-08-21T10:33:58.890Z,35.083833333333,-118.3345,4.48,0.8,ml,19,66,0.0932,0.1,ci,ci41531920,2026-08-21T18:15:39.077Z,"12 km ESE of Tehachapi, CA",earthquake,0.21,0.45,0.10971335010579,8,reviewed,ci,ci
2026-08-21T10:30:47.672Z,31.916,-101.748,8.4229,1.1,ml,17,65,0.1,0.1,tx,tx2026qkrjso,2026-08-21T14:26:25.265Z,"23 km S of Stanton, Texas",earthquake,0.65214061051348,0.73981115427595,0.2,9,reviewed,tx,tx
2026-08-21T10:28:20.480Z,36.063166666667,-117.83783333333,2.66,0.92,ml,20,58,0.05602,0.16,ci,ci41531912,2026-08-21T16:03:45.614Z,"10 km ENE of Coso Junction, CA",earthquake,0.2,0.29,0.18201343256457,12,reviewed,ci,ci
2026-08-21T10:25:18.200Z,58.1675,-154.7825,9.86,0.06,ml,12,241,0.109,0.21,av,av94396678,2026-08-22T00:18:25.470Z,"69 km NNW of Karluk, Alaska",earthquake,0.92,1.11,0.28232459421318,12,reviewed,av,av
2026-08-21T10:22:11.920Z,57.512,-154.588,49.3,1.7,ml,16,111,0.1,0.3,ak,aka2026qnhvii,2026-08-21T20:20:05.962Z,"10 km SW of Karluk, Alaska",earthquake,7.3,4.8551,0.1,12,reviewed,ak,ak
2026-08-21T10:17:17.185Z,59.727,-151.975,67.8,1.6,ml,24,73,0.4,0.5,ak,aka2026qnhrbo,2026-08-21T20:18:47.995Z,"9 km SW of Anchor Point, Alaska",earthquake,4.3,4.2762,0.3,17,reviewed,ak,ak
2026-08-21T10:03:09.650Z,33.511,-116.50833333333,13.36,0.62,ml,38,45,0.0801,0.15,ci,ci41531904,2026-08-21T18:13:27.030Z,"16 km ESE of Anza, CA",earthquake,0.17,0.37,0.17388489992818,14,reviewed,ci,ci
2026-08-21T10:01:40.513Z,61.537,-146.686,28.4,1.5,ml,15,110,0.4,0.7,ak,aka2026qnhclx,2026-08-21T20:08:54.376Z,"48 km NNW of Valdez, Alaska",earthquake,3.9,2.6494,0.2,12,reviewed,ak,ak
2026-08-21T09:56:29.113Z,54.4254,-160.1073,35,3.5,mb,60,201,1.25,0.61,us,us6000tmmw,2026-08-24T09:19:20.040Z,"104 km SSE of Sand Point, Alaska",earthquake,3.48,1.965,0.284,3,reviewed,us,us
2026-08-21T09:54:44.820Z,34.1225,-117.7785,5.88,1.19,ml,48,40,0.03346,0.18,ci,ci41531896,2026-08-21T17:57:09.481Z,"3 km NNW of La Verne, CA",earthquake,0.17,0.36,0.24584477179022,23,reviewed,ci,ci
2026-08-21T09:51:59.530Z,38.79666519165,-122.80533599853,3.5699999332428,0.76,md,8,74,0.008513,0.02,nc,nc75422322,2026-08-21T10:12:19.843Z,"5 km WNW of The Geysers, CA",earthquake,0.58,1.32000005,0.05,8,automatic,nc,nc
2026-08-21T09:46:39.324Z,31.646,-104.434,6.4587,1.6,ml,21,72,0,0.3,tx,tx2026qkpxsy,2026-08-21T14:12:57.808Z,"58 km S of Whites City, New Mexico",earthquake,0.9342584937062,0.79072734859272,0.2,17,reviewed,tx,tx
2026-08-21T09:44:05.733Z,32.088,-101.787,6.8604,0.7,ml,16,62,0.1,0.1,tx,tx2026qkpvoi,2026-08-21T14:31:57.372Z,"4 km S of Stanton, Texas",earthquake,0.72938238169708,1.8429746967101,0.1,10,reviewed,tx,tx
2026-08-21T09:43:16.060Z,36.063833333333,-117.83933333333,2.63,0.88,ml,17,63,0.05509,0.14,ci,ci41531888,2026-08-21T16:02:43.636Z,"10 km ENE of Coso Junction, CA",earthquake,0.19,0.26,0.20821224643695,8,reviewed,ci,ci
2026-08-21T09:40:15.626Z,31.654,-104.435,6.7151,3.2,ml,51,67,0,0.3,tx,tx2026qkpsfm,2026-08-24T14:37:30.134Z,"58 km S of Whites City, New Mexico",earthquake,0.95362760597871,0.76413562953438,0.2,31,reviewed,tx,tx
2026-08-21T09:39:27.140Z,33.411,-116.6375,6.94,0.21,ml,25,63,0.08691,0.13,ci,ci41531880,2026-08-21T17:49:51.710Z,"14 km N of Warner Springs, CA",earthquake,0.18,0.59,0.064787742503435,11,reviewed,ci,ci
2026-08-21T09:35:52.240Z,32.9355,-116.3375,7.88,1.53,ml,65,40,0.07136,0.19,ci,ci41531872,2026-08-21T17:22:56.840Z,"22 km NE of Pine Valley, CA",earthquake,0.14,0.66,0.22558626422673,26,reviewed,ci,ci
2026-08-21T09:30:04.851Z,60.984,-150.167,48.3,1.7,ml,35,61,0.2,0.9,ak,aka2026qngcbv,2026-08-21T20:07:19.659Z,"29 km ENE of Point Possession, Alaska",earthquake,3.1,4.4603,0.1,24,reviewed,ak,ak
2026-08-21T09:28:31.550Z,38.820331573486,-122.84683227539,1.9299999475479,0.8,md,15,78,0.009629,0.02,nc,nc75422317,2026-08-21T09:52:20.710Z,"9 km WNW of The Geysers, CA",earthquake,0.27,0.439999998,0.2,16,automatic,nc,nc
2026-08-21T09:22:36.390Z,9.4833,125.5784,10,5.1,mb,84,74,2.398,1.08,us,us6000tmes,2026-08-21T11:36:50.030Z,"1 km N of Alegria, Philippines",earthquake,9.09,1.822,0.047,144,reviewed,us,us
2026-08-21T09:14:47.748Z,59.771,-151.483,61.6,1.6,ml,18,123,0.3,0.4,ak,aka2026qnfoxg,2026-08-21T20:03:49.285Z,"8 km ESE of Nikolaevsk, Alaska",earthquake,5.9,4.7641,0.3,13,reviewed,ak,ak
2026-08-21T09:12:20.890Z,9.3382,125.342,10,5.2,mb,87,59,2.266,1,us,us6000tmer,2026-08-21T10:11:07.215Z,"19 km W of Jabonga, Philippines",earthquake,7.29,1.829,0.043,179,reviewed,us,us
2026-08-21T08:54:58.666Z,-8.2802,120.5979,12.389,4.4,mb,15,110,3.352,0.82,us,us6000tmeq,2026-08-29T09:26:00.040Z,"39 km NNE of Ruteng, Indonesia",earthquake,9.29,4.987,0.139,15,reviewed,us,us
2026-08-21T08:53:22.650Z,36.038833333333,-117.7285,1.97,0.84,ml,18,77,0.03275,0.08,ci,ci41531864,2026-08-21T16:18:38.157Z,"20 km NE of Little Lake, CA",earthquake,0.13,0.15,0.21973604770049,13,reviewed,ci,ci
2026-08-21T08:47:30.160Z,36.43166667,-96.92933333,8.27,2.35,ml,97,36,0,0.22,ok,ok2026qioc,2026-08-21T12:14:05.325Z,"15 km NW of Pawnee, Oklahoma",earthquake,,0.8,0.22,44,reviewed,ok,ok
2026-08-21T08:45:39.334Z,60.025,-152.493,95.6,1.4,ml,12,95,0.1,0.3,ak,aka2026qnepqh,2026-08-21T20:01:53.402Z,"43 km W of Happy Valley, Alaska",earthquake,7.4,4.4014,0.6,7,reviewed,ak,ak
2026-08-21T08:43:49.800Z,36.064166666667,-117.83783333333,2.63,1.93,ml,28,50,0.05506,0.15,ci,ci41531856,2026-08-21T16:01:00.640Z,"10 km ENE of Coso Junction, CA",earthquake,0.16,0.23,0.238315343393,25,reviewed,ci,ci
2026-08-21T08:42:23.450Z,33.6305,-116.6725,13.02,0.21,ml,21,79,0.03832,0.08,ci,ci41531848,2026-08-21T17:21:13.005Z,"8 km N of Anza, CA",earthquake,0.16,0.36,0.11473456458164,10,reviewed,ci,ci
2026-08-21T08:42:19.415Z,57.887,-155.861,6.1,1.8,ml,29,114,0.2,0.6,ak,aka2026qnemsz,2026-08-21T19:39:40.704Z,"90 km WNW of Karluk, Alaska",earthquake,3.6,2.0095,0.3,22,reviewed,ak,ak
2026-08-21T08:41:11.369Z,36.43266667,-96.933,8.51,0.79,ml,43,60,0.03149381984,0.32,ok,ok2026qinx,2026-08-24T14:04:06.113Z,"15 km NW of Pawnee, Oklahoma",earthquake,,0.8,0.22,18,reviewed,ok,ok
2026-08-21T08:32:45.310Z,33.418666666667,-116.638,6.59,-0.04,ml,22,85,0.08152,0.11,ci,ci41531840,2026-08-21T17:17:55.457Z,"15 km N of Warner Springs, CA",earthquake,0.19,0.4,0.10053567436837,7,reviewed,ci,ci
2026-08-21T08:30:16.147Z,-8.184,120.4425,8.599,4.5,mb,19,83,3.223,0.75,us,us6000tmek,2026-08-29T09:14:55.040Z,"47 km N of Ruteng, Indonesia",earthquake,9.31,5.284,0.14,15,reviewed,us,us
2026-08-21T08:28:54.252Z,58.644,-154.151,87.6,1.5,ml,20,53,0.1,0.3,ak,aka2026qnebcx,2026-08-21T19:39:18.430Z,"95 km SSE of Kokhanok, Alaska",earthquake,4.8,3.7702,0.3,12,reviewed,ak,ak
2026-08-21T08:22:20.281Z,57.875,-155.87,15.9,1.1,ml,12,166,0.2,0.3,ak,aka2026qndvkr,2026-08-21T19:37:40.084Z,"90 km WNW of Karluk, Alaska",earthquake,6.6,4.9311,0.2,9,reviewed,ak,ak
2026-08-21T08:14:00.531Z,-7.8322,120.4643,35.067,4.9,mb,36,73,2.888,0.79,us,us6000tmej,2026-08-29T09:12:01.040Z,"86 km N of Ruteng, Indonesia",earthquake,8.12,6.474,0.096,34,reviewed,us,us
2026-08-21T08:12:33.842Z,-24.8208,-175.2565,10,5.1,mb,44,128,5.009,0.86,us,us6000tmei,2026-08-29T09:07:50.040Z,south of Tonga,earthquake,13.99,1.896,0.039,215,reviewed,us,us
2026-08-21T08:12:08.188Z,57.882,-155.86,17.1,1.6,ml,17,165,0.2,1.2,ak,aka2026qndmmh,2026-08-21T19:27:57.601Z,"90 km WNW of Karluk, Alaska",earthquake,6.2,3.3958,0.2,13,reviewed,ak,ak
2026-08-21T08:10:25.851Z,57.894,-155.854,4.3,2.3,ml,41,81,0.2,0.7,ak,aka2026qndlbq,2026-08-22T00:05:24.480Z,"90 km WNW of Karluk, Alaska",earthquake,3,1.7219,0.3,31,reviewed,ak,ak
2026-08-21T08:10:23.930Z,38.75016784668,-122.70483398438,2.0599999427795,0.96,md,11,134,0.0185,0.05,nc,nc75422297,2026-08-21T08:57:23.331Z,"3 km SSW of Anderson Springs, CA",earthquake,0.43,0.529999971,0.2,10,automatic,nc,nc
2026-08-21T08:07:53.290Z,38.810333251953,-122.80083465576,0.77999997138977,1.03,md,17,72,0.004925,0.03,nc,nc75422292,2026-08-21T10:32:19.978Z,"5 km NW of The Geysers, CA",earthquake,0.2,0.419999987,0.26,18,automatic,nc,nc
2026-08-21T08:07:35.550Z,38.842666625977,-122.82283020019,1.7999999523163,0.81,md,10,93,0.01069,0.02,nc,nc75422287,2026-08-21T10:07:20.806Z,"9 km WNW of Cobb, CA",earthquake,0.36,0.99000001,0.2,12,automatic,nc,nc
2026-08-21T08:07:20.756Z,28.71,-99.189,9.9283,1.6,ml,8,110,0.2,0.3,tx,tx2026qkmqdf,2026-08-21T13:37:42.068Z,"2 km NW of Hilltop, Texas",earthquake,3.1437703322112,2.2338391251857,0.1,7,reviewed,tx,tx
2026-08-21T08:06:48.920Z,51.863166666667,-177.90516666667,5.04,0.35,ml,4,185,0.06134,0.1,av,av93066119,2026-08-22T00:08:54.740Z,"87 km W of Adak, Alaska",earthquake,0.5,1.44,0.25679642775404,4,reviewed,av,av
2026-08-21T08:02:32.566Z,61.812,-149.786,27.4,1.7,ml,34,48,0.4,0.8,ak,aka2026qndeac,2026-08-21T19:23:34.653Z,"15 km ENE of Willow, Alaska",earthquake,2.6,1.923,0.1,23,reviewed,ak,ak
2026-08-21T08:02:08.430Z,36.062833333333,-117.8395,2.7,0.78,ml,17,64,0.05603,0.12,ci,ci41531832,2026-08-21T15:59:52.764Z,"10 km ENE of Coso Junction, CA",earthquake,0.17,0.65,0.17314029330769,11,reviewed,ci,ci
2026-08-21T07:55:55.920Z,54.731,-156.848,35.7,3.2,ml,49,225,1.3,0.5,ak,aka2026qncylv,2026-08-29T09:00:14.040Z,"196 km SE of Perryville, Alaska",earthquake,8.4,25.3463,0.2,37,reviewed,ak,ak
2026-08-21T07:55:15.240Z,38.848333333333,-122.84666666667,1.92,0.45,md,22,108,0.01307,0.02,nc,nc75422282,2026-08-29T19:46:18.981Z,"11 km WNW of Cobb, CA",earthquake,0.22,0.35,0.153,21,reviewed,nc,nc
2026-08-21T07:50:49.918Z,60.951,-150.698,42,1.5,ml,19,59,0.5,0.6,ak,aka2026qncubw,2026-08-21T16:30:14.402Z,"3 km N of Point Possession, Alaska",earthquake,3.1,6.8343,0.2,12,reviewed,ak,ak
2026-08-21T07:49:44.280Z,18.638833333333,-66.643166666667,7.72,2.4,md,14,214,0.3091,0.24,pr,pr71529203,2026-08-21T10:24:47.310Z,"19 km NNE of Arecibo, Puerto Rico",earthquake,0.68,1.15,0.28111301633799,12,reviewed,pr,pr
2026-08-21T07:36:56.530Z,34.811333333333,-119.01533333333,8.42,0.62,ml,15,98,0.05228,0.11,ci,ci41531824,2026-08-21T17:14:06.203Z,"7 km W of Frazier Park, CA",earthquake,0.32,0.53,0.089141177114524,5,reviewed,ci,ci
2026-08-21T07:32:09.740Z,32.562,-115.6485,8.69,1.4,ml,26,69,0.06152,0.22,ci,ci41531816,2026-08-21T16:41:23.847Z,"6 km WSW of Progreso, B.C., MX",earthquake,0.3,0.83,0.21668599334597,12,reviewed,ci,ci
2026-08-21T07:26:35.861Z,56.841,-154.711,14.1,1.8,ml,13,105,0.4,0.7,ak,aka2026qnbzbv,2026-08-21T16:28:10.986Z,"34 km WSW of Akhiok, Alaska",earthquake,6.3,4.157,0.1,10,reviewed,ak,ak
2026-08-21T07:26:32.060Z,39.608,-111.323,10.08,0.86,md,7,120,0.09749,0.1,uu,uu80007883,2026-08-21T20:34:49.810Z,"10 km ESE of Fairview, Utah",earthquake,0.51,1.52,0.39211021878012,6,reviewed,uu,uu
2026-08-21T07:26:15.230Z,39.583666666667,-111.25916666667,5.66,1.46,md,9,180,0.07079,0.05,uu,uu80007888,2026-08-21T20:37:22.700Z,"11 km SW of Clear Creek, Utah",earthquake,0.63,1.27,0.34971647456924,7,reviewed,uu,uu
2026-08-21T07:25:33.998Z,52.731,-168.054,35.1,2.1,ml,19,238,0.5,0.5,ak,aka2026qnbyhv,2026-08-21T16:26:34.361Z,"59 km ESE of Nikolski, Alaska",earthquake,9.6,8.4355,0.1,15,reviewed,ak,ak
2026-08-21T07:21:30.624Z,52.0444,176.3281,10,3.4,ml,17,188,1.353,0.54,us,us6000tmlc,2026-08-29T08:57:16.040Z,"231 km ESE of Attu Station, Alaska",earthquake,8.92,1.981,0.091,16,reviewed,us,us
2026-08-21T07:18:58.189Z,66.254,-157.324,10.6,1.6,ml,8,102,0.1,0.6,ak,aka2026qnbslz,2026-08-22T01:44:10.882Z,"71 km S of Shungnak, Alaska",earthquake,6.1,3.2943,0.3,7,reviewed,ak,ak
2026-08-21T07:16:56.749Z,58.91,-153.839,13.4,1.7,ml,27,69,0.1,0.5,ak,aka2026qnbqki,2026-08-21T23:56:53.980Z,"79 km SE of Kokhanok, Alaska",earthquake,4.3,2.3634,0.1,20,reviewed,ak,ak
2026-08-21T07:16:08.140Z,38.838333129883,-122.78566741943,1.5199999809265,0.69,md,9,85,0.008401,0.02,nc,nc75422272,2026-08-21T09:07:20.399Z,"6 km WNW of Cobb, CA",earthquake,0.35,0.910000026,0.28,9,automatic,nc,nc
2026-08-21T07:09:24.920Z,41.562,-109.8725,-2.84,3.12,ml,24,113,0.1118,0.26,uu,uu80149666,2026-08-29T08:59:39.817Z,"2 km NNW of Little America, Wyoming",earthquake,0.69,1.4,0.14359464142414,31,reviewed,uu,uu
2026-08-21T06:56:40.950Z,59.055,-152.496,69.4,2,ml,28,104,0.4,0.4,ak,aka2026qnazdn,2026-08-21T16:07:39.736Z,"46 km SW of Nanwalek, Alaska",earthquake,4,4.0946,0.2,21,reviewed,ak,ak
2026-08-21T06:53:17.260Z,52.824833333333,-169.74833333333,8.9,0.77,ml,6,144,0.0413,0.25,av,av93066114,2026-08-21T23:47:53.430Z,"61 km WSW of Nikolski, Alaska",earthquake,2.46,1.75,0.27267427734676,6,reviewed,av,av
2026-08-21T06:53:06.300Z,52.801833333333,-169.767,8.29,0.79,ml,4,185,0.03084,0.09,av,av94396443,2026-08-21T23:44:53.140Z,"62 km WSW of Nikolski, Alaska",earthquake,1.38,0.96,0.17463794373545,4,reviewed,av,av
2026-08-21T06:49:22.100Z,32.5375,-115.662,7.06,2.12,ml,40,71,0.068,0.23,ci,ci41531808,2026-08-21T17:14:58.395Z,"9 km WSW of Progreso, B.C., MX",earthquake,0.28,0.64,0.19768748178902,25,reviewed,ci,ci
2026-08-21T06:38:51.366Z,32.125,-102.023,8.374,0.8,ml,55,47,0,0.2,tx,tx2026qkjrwi,2026-08-21T12:05:49.762Z,"15 km NNE of Midland, Texas",earthquake,0.40162673719045,0.59030137236798,0.2,22,reviewed,tx,tx
2026-08-21T06:38:28.330Z,38.831001281738,-122.81716918945,1.75,0.27,md,12,61,0.009402,0.01,nc,nc75422262,2026-08-21T07:07:24.563Z,"8 km NW of The Geysers, CA",earthquake,0.27,0.589999974,0.16,11,automatic,nc,nc
2026-08-21T06:29:42.340Z,46.725666666667,-121.90716666667,10.07,0.41,md,30,67,0.01593,0.1,uw,uw714082502,2026-08-21T18:18:52.340Z,"10 km ESE of Ashford, Washington",earthquake,0.2,0.29,0.21071892581049,28,reviewed,uw,uw
2026-08-21T06:26:32.262Z,28.942,-98.184,5.2783,1.3,ml,13,86,0.1,0.3,tx,tx2026qkjhhx,2026-08-21T13:35:18.757Z,"16 km WSW of Falls City, Texas",earthquake,1.2464821540838,1.4432847789373,0.1,10,reviewed,tx,tx
2026-08-21T06:26:03.319Z,32.393,-102.058,8.8379,2,ml,89,44,0,0.2,tx,tx2026qkjgvy,2026-08-21T09:42:21.798Z,"35 km WSW of Ackerly, Texas",earthquake,0.30038948270451,0.71693690608458,0.2,43,reviewed,tx,tx
2026-08-21T06:25:51.424Z,53.907,-163.191,20.9,2.2,ml,15,247,0.8,0.5,ak,aka2026qmzyjk,2026-08-21T16:07:13.719Z,"106 km S of False Pass, Alaska",earthquake,13.5,8.3183,0.1,13,reviewed,ak,ak
2026-08-21T06:25:34.020Z,32.915,-116.25916666667,7.4,1.03,ml,42,45,0.05424,0.17,ci,ci41531800,2026-08-21T17:11:33.933Z,"27 km ENE of Pine Valley, CA",earthquake,0.19,0.43,0.16721747326323,20,reviewed,ci,ci
2026-08-21T06:24:34.194Z,62.145,-149.549,66.9,1.4,ml,17,73,0.4,0.4,ak,aka2026qmzxhq,2026-08-21T16:04:35.392Z,"15 km E of Susitna North, Alaska",earthquake,4.2,4.8873,0.1,12,reviewed,ak,ak
2026-08-21T06:19:00.917Z,-8.3137,121.2622,10,4.4,mb,29,81,3.025,1.13,us,us7000tcak,2026-08-28T06:18:14.040Z,"73 km NW of Ende, Indonesia",earthquake,7.63,1.917,0.149,13,reviewed,us,us
2026-08-21T06:17:53.169Z,67.439,-146.853,4.6,1.6,ml,13,76,0.8,1.1,ak,aka2026qmzrmy,2026-08-22T01:41:25.321Z,"50 km NNW of Venetie, Alaska",earthquake,6.2,4.2317,0.2,9,reviewed,ak,ak
2026-08-21T06:10:57.830Z,38.835666656494,-122.79000091553,1.8999999761581,1.26,md,21,110,0.002751,0.03,nc,nc75422252,2026-08-21T08:42:22.237Z,"6 km WNW of Cobb, CA",earthquake,0.24,0.409999996,0.2,23,automatic,nc,nc
2026-08-21T06:07:13.330Z,47.92,-122.528,17.25,0.87,ml,10,137,0.03059,0.17,uw,uw714082492,2026-08-21T18:08:53.230Z,"1 km E of Hansville, Washington",earthquake,1.09,0.79,0.035355622299037,3,reviewed,uw,uw
2026-08-21T05:59:34.759Z,35.01516667,-97.89,12.24,0.45,ml,15,190,0.07648499104,0.12,ok,ok2026qiio,2026-08-24T13:50:19.234Z,"5 km SE of Chickasha, Oklahoma",earthquake,,0.8,0.19,6,reviewed,ok,ok
2026-08-21T05:56:46.764Z,-53.142,23.5692,10,4.6,mb,33,68,20.846,0.49,us,us6000tme0,2026-08-21T06:33:40.040Z,south of Africa,earthquake,13.76,1.88,0.098,31,reviewed,us,us
2026-08-21T05:56:00.021Z,31.616,-104.098,6.2665,1.8,ml,39,60,0,0.2,tx,tx2026qkigyv,2026-08-21T07:11:17.618Z,"44 km NW of Toyah, Texas",earthquake,0.47199154168264,0.37135863826047,0.2,29,reviewed,tx,tx
2026-08-21T05:43:34.623Z,60.385,-147.793,14.4,1.6,ml,10,99,0.4,0.7,ak,aka2026qmyntn,2026-08-21T05:54:48.818Z,"37 km NNE of Chenega, Alaska",earthquake,4.1,3.0143,0.1,7,reviewed,ak,ak
2026-08-21T05:39:20.120Z,18.031333333333,-66.755,16.58,2.09,md,8,160,0.1308,0.08,pr,pr71529198,2026-08-21T10:37:15.300Z,"2 km NE of Magas Arriba, Puerto Rico",earthquake,0.39,1.14,0.31059257242077,8,reviewed,pr,pr
2026-08-21T05:36:46.300Z,47.8725,-121.65016666667,3.55,1.7,ml,34,46,0.1054,0.14,uw,uw714082482,2026-08-21T18:00:47.460Z,"2 km NNE of May Creek, Washington",earthquake,0.22,1.68,0.19337866022523,12,reviewed,uw,uw
2026-08-21T05:26:22.460Z,36.463333333333,-121.0605,6.87,0.89,md,13,64,0.00829,0.18,nc,nc75422227,2026-08-29T21:37:24.029Z,"11 km SE of Pinnacles, CA",earthquake,0.42,0.89,0.16,9,reviewed,nc,nc
2026-08-21T05:25:12.870Z,61.338166666667,-152.25283333333,2.84,-0.32,ml,7,159,0.08678,0.17,av,av94396373,2026-08-21T23:39:52.760Z,"66 km WNW of Beluga, Alaska",earthquake,0.79,1.93,0.168816671079,7,reviewed,av,av
2026-08-21T05:23:22.301Z,52.359,-168.259,4.2,2.6,ml,17,265,0.7,0.5,ak,aka2026qmxwhm,2026-08-21T05:53:07.702Z,"76 km SSE of Nikolski, Alaska",earthquake,10.5,5.3896,0.1,13,reviewed,ak,ak
2026-08-21T05:22:05.102Z,53.8814,-163.2628,10,2.8,ml,22,236,0.815,0.53,us,us6000tmdx,2026-08-21T06:59:12.040Z,"108 km S of False Pass, Alaska",earthquake,3.52,1.746,0.128,8,reviewed,us,us
2026-08-21T05:18:05.459Z,59.04,-153.089,80,1.8,ml,14,81,0.3,0.5,ak,aka2026qmxrro,2026-08-21T05:52:15.242Z,"75 km WSW of Nanwalek, Alaska",earthquake,5.8,4.5685,0.2,8,reviewed,ak,ak
2026-08-21T05:13:03.306Z,53.939,-163.154,22.5,2.4,ml,19,240,0.8,0.8,ak,aka2026qmxnfg,2026-08-21T05:50:00.409Z,"103 km S of False Pass, Alaska",earthquake,7.8,4.4672,0.1,15,reviewed,ak,ak
2026-08-21T04:51:42.350Z,33.4125,-116.64183333333,6.9,0.54,ml,40,36,0.08842,0.13,ci,ci41531784,2026-08-21T16:19:14.930Z,"15 km N of Warner Springs, CA",earthquake,0.13,0.47,0.16427832328326,13,reviewed,ci,ci
2026-08-21T04:50:10.800Z,32.953833333333,-117.82933333333,-0.38,1.38,ml,18,207,0.542,0.22,ci,ci41531776,2026-08-21T16:45:43.508Z,"50 km WSW of Carlsbad, CA",earthquake,0.77,1.5,0.15577469589923,12,reviewed,ci,ci
2026-08-21T04:48:27.780Z,32.979333333333,-117.81766666667,9.78,1.79,ml,32,163,0.4272,0.2,ci,ci41531768,2026-08-21T16:44:49.923Z,"48 km WSW of Carlsbad, CA",earthquake,0.44,31.61,0.1708707043512,18,reviewed,ci,ci
2026-08-21T04:40:58.220Z,35.470333333333,-118.42866666667,2.53,1.14,ml,26,71,0.1787,0.16,ci,ci41531760,2026-08-21T16:34:50.344Z,"14 km SSE of Bodfish, CA",earthquake,0.25,0.9,0.19404421044792,12,reviewed,ci,ci
2026-08-21T04:34:56.707Z,60.408,-153.452,183.7,2,ml,40,124,0.3,0.6,ak,aka2026qmwggt,2026-08-21T05:47:30.620Z,"52 km ENE of Port Alsworth, Alaska",earthquake,5.7,2.8883,0.6,29,reviewed,ak,ak
2026-08-21T04:20:28.635Z,67.862,-156.127,11.4,1.5,ml,8,93,1.2,0.3,ak,aka2026qmvtsc,2026-08-22T01:37:39.259Z,"111 km NNE of Kobuk, Alaska",earthquake,5.1,9.239,0.1,7,reviewed,ak,ak
2026-08-21T04:19:32.780Z,38.513668060303,-122.42700195312,6.1999998092651,1.81,md,29,51,0.05189,0.16,nc,nc75422217,2026-08-21T07:22:21.671Z,"4 km ENE of Saint Helena, CA",earthquake,0.29,0.939999998,0.12,29,automatic,nc,nc
2026-08-21T04:18:17.980Z,19.401166915894,-155.28033447266,6.8099999427795,1.73,ml,20,52,0.01381,0.140000001,hv,hv75021707,2026-08-21T04:21:51.830Z,"6 km SW of Volcano, Hawaii",earthquake,0.35,0.529999971,0.24,9,automatic,hv,hv
2026-08-21T04:09:27.590Z,38.770000457764,-122.936668396,6.5300002098083,1.71,md,45,60,0.06114,0.06,nc,nc75422207,2026-08-21T06:52:23.456Z,"8 km ESE of Cloverdale, CA",earthquake,0.21,0.540000021,0.15,37,automatic,nc,nc
2026-08-21T03:59:13.729Z,53.234,-168.202,90.1,1.4,ml,13,181,0.1,0.4,ak,aka2026qmvbhe,2026-08-21T05:43:28.691Z,"55 km NE of Nikolski, Alaska",earthquake,49.1,5.0142,0.4,11,reviewed,ak,ak
2026-08-21T03:57:14.840Z,19.334833333333,-155.20766666667,5.93,1.59,ml,44,74,0.03945,0.12,hv,hv75021702,2026-08-27T20:20:28.820Z,"12 km SSE of Volcano, Hawaii",earthquake,0.32,0.57,0.16434646347024,26,reviewed,hv,hv
2026-08-21T03:51:43.181Z,32.264,-101.898,6.7627,0.6,ml,24,44,0,0.2,tx,tx2026qkedth,2026-08-21T07:34:14.531Z,"18 km NW of Stanton, Texas",earthquake,0.58600226890578,0.98712865089562,0.1,8,reviewed,tx,tx
2026-08-21T03:47:33.090Z,58.165833333333,-155.37166666667,2.1,0.27,ml,11,73,0.05012,0.07,av,av93066109,2026-08-21T23:26:22.070Z,"85 km NW of Karluk, Alaska",earthquake,0.16,0.37,0.17038494660679,12,reviewed,av,av
2026-08-21T03:42:46.840Z,33.288333333333,-116.83233333333,15.54,0.26,ml,22,48,0.06988,0.15,ci,ci41531752,2026-08-21T16:31:02.708Z,"8 km SSE of Palomar Observatory, CA",earthquake,0.27,0.58,0.12306324421572,8,reviewed,ci,ci
2026-08-21T03:37:49.703Z,61.086,-151.903,90.5,1.3,ml,24,73,0.1,0.6,ak,aka2026qmuiso,2026-08-21T05:42:03.988Z,"41 km W of Tyonek, Alaska",earthquake,5.6,3.2845,0.4,18,reviewed,ak,ak
2026-08-21T03:27:30.176Z,60.77,-148.617,17.1,2,ml,34,71,0.3,0.9,ak,aka2026qmtztc,2026-08-21T07:02:52.352Z,"3 km E of Whittier, Alaska",earthquake,2.7,1.8836,0.2,24,reviewed,ak,ak
2026-08-21T03:14:24.017Z,53.9496,-163.3413,30.859,4.2,mb,32,154,0.91,0.64,us,us6000tmd6,2026-08-27T21:23:03.132Z,"100 km S of False Pass, Alaska",earthquake,4.63,8.176,0.098,29,reviewed,us,us
2026-08-21T03:11:02.040Z,33.374833333333,-116.69166666667,12.27,0.21,ml,28,41,0.1114,0.13,ci,ci41531744,2026-08-21T16:28:00.149Z,"12 km NNW of Warner Springs, CA",earthquake,0.17,0.5,0.082912765633541,4,reviewed,ci,ci
2026-08-21T03:03:35.020Z,18.503166666667,-66.346333333333,17.74,2.29,md,13,211,0.1841,0.27,pr,pr71529193,2026-08-21T11:29:34.780Z,"4 km N of Brenas, Puerto Rico",earthquake,0.96,0.7,0.11177310371761,6,reviewed,pr,pr
2026-08-21T02:57:26.860Z,33.415666666667,-116.63733333333,7.17,0.22,ml,21,85,0.08412,0.12,ci,ci41531736,2026-08-21T16:25:08.041Z,"15 km N of Warner Springs, CA",earthquake,0.24,0.68,0.16178321855329,8,reviewed,ci,ci
2026-08-21T02:52:12.770Z,36.064166666667,-117.8375,3.12,1.08,ml,21,57,0.05513,0.1,ci,ci41531728,2026-08-21T16:19:33.853Z,"10 km ENE of Coso Junction, CA",earthquake,0.14,0.31,0.21716511062836,16,reviewed,ci,ci
2026-08-21T02:47:49.070Z,19.173999786377,-155.50332641602,31.319999694824,1.77,md,32,104,0.04312,0.180000007,hv,hv75021652,2026-08-21T02:51:23.020Z,"4 km SW of Pāhala, Hawaii",earthquake,0.68,1,0.20573970825266,13,automatic,hv,hv
2026-08-21T02:41:18.750Z,19.275166666667,-64.814333333333,72.97,3.4,md,11,269,0.8701,0.3,pr,pr71529188,2026-08-21T23:43:16.040Z,"104 km N of Charlotte Amalie, U.S. Virgin Islands",earthquake,4.53,7.37,0.05799153745022,6,reviewed,pr,pr
2026-08-21T02:40:51.170Z,39.317665100098,-123.27166748047,6.9899997711182,1.59,md,13,81,0.1141,0.05,nc,nc75422187,2026-08-21T06:27:20.294Z,"8 km NW of Redwood Valley, CA",earthquake,0.26,1.25999999,0.11,9,automatic,nc,nc
2026-08-21T02:36:49.390Z,19.4205,-64.8648,18,3.73,md,18,267,1.0352,0.35,pr,pr2026233000,2026-08-21T10:37:56.286Z,"119 km N of Charlotte Amalie, U.S. Virgin Islands",earthquake,3.49,6.86,0.16,12,reviewed,pr,pr
2026-08-21T02:33:07.261Z,-8.3786,120.5112,10,4.6,mb,16,83,3.426,1.31,us,us6000tmd2,2026-08-21T03:40:41.040Z,"26 km NNE of Ruteng, Indonesia",earthquake,6.73,1.728,0.141,15,reviewed,us,us
2026-08-21T02:32:26.800Z,19.161500930786,-155.48899841309,29.540000915527,1.71,md,31,207,0.08693,0.119999997,hv,hv75021622,2026-08-21T02:36:02.660Z,"4 km SSW of Pāhala, Hawaii",earthquake,0.74,0.949999988,0.089943673281416,15,automatic,hv,hv
2026-08-21T02:27:51.480Z,36.064166666667,-117.8375,2.73,0.66,ml,15,63,0.05513,0.08,ci,ci41531720,2026-08-21T15:54:16.433Z,"10 km ENE of Coso Junction, CA",earthquake,0.14,0.6,0.21259392753405,5,reviewed,ci,ci
2026-08-21T02:23:27.080Z,36.066333333333,-117.84083333333,3.64,0.47,ml,14,65,0.05239,0.1,ci,ci41531712,2026-08-21T16:16:31.294Z,"10 km ENE of Coso Junction, CA",earthquake,0.18,0.34,0.21678338313679,9,reviewed,ci,ci
2026-08-21T02:18:01.560Z,36.064,-117.83716666667,2.7,0.86,ml,18,62,0.05536,0.1,ci,ci41531704,2026-08-21T15:52:45.389Z,"10 km ENE of Coso Junction, CA",earthquake,0.15,0.59,0.10912876328695,12,reviewed,ci,ci
2026-08-21T02:17:21.555Z,-8.2543,120.4258,10,4.4,mb,10,141,3.288,0.6,us,us6000tmcv,2026-08-21T03:00:16.040Z,"39 km N of Ruteng, Indonesia",earthquake,8.25,1.94,0.179,9,reviewed,us,us
2026-08-21T02:12:20.356Z,52.797,-169.75,17.4,1.9,ml,11,146,0,0.5,ak,aka2026qmrmpx,2026-08-21T22:57:50.690Z,"61 km WSW of Nikolski, Alaska",earthquake,17.5,3.4462,0.3,9,reviewed,ak,ak
2026-08-21T02:06:18.768Z,41.0198,33.5713,10,4.3,mb,26,54,1.294,0.86,us,us6000tmct,2026-08-21T02:18:53.040Z,"11 km NNW of Ilgaz, Turkey",earthquake,5.62,1.889,0.188,8,reviewed,us,us
2026-08-21T02:01:53.760Z,33.215833333333,-116.08566666667,8.95,1.53,ml,65,33,0.09986,0.2,ci,ci41531696,2026-08-21T15:51:44.710Z,"9 km NNE of Ocotillo Wells, CA",earthquake,0.14,0.55,0.11888733824829,27,reviewed,ci,ci
2026-08-21T01:58:16.340Z,34.087833333333,-118.34316666667,6.16,1.24,ml,34,88,0.03407,0.15,ci,ci41531688,2026-08-21T16:13:27.377Z,"2 km E of West Hollywood, CA",earthquake,0.27,0.4,0.19974523714259,28,reviewed,ci,ci
2026-08-21T01:56:52.650Z,33.025666666667,-116.5235,14.11,0.74,ml,36,52,0.08171,0.16,ci,ci41531680,2026-08-21T16:05:02.180Z,"9 km SE of Julian, CA",earthquake,0.2,0.38,0.19173142938138,12,reviewed,ci,ci
2026-08-21T01:50:57.709Z,67.874,-156.182,3.7,2.5,ml,22,48,1.2,0.6,ak,aka2026qmqubn,2026-08-22T01:34:38.606Z,"111 km NNE of Kobuk, Alaska",earthquake,4.3,5.1699,0.1,16,reviewed,ak,ak
2026-08-21T01:49:29.708Z,52.0089,176.3593,32.36,3.4,ml,15,190,1.332,0.7,us,us6000tmds,2026-08-21T23:46:05.040Z,"235 km ESE of Attu Station, Alaska",earthquake,7.01,6.644,0.105,12,reviewed,us,us
2026-08-21T01:45:51.160Z,35.8955,-117.71933333333,8.16,0.2,ml,12,80,0.07659,0.06,ci,ci41531672,2026-08-21T16:01:56.755Z,"17 km ESE of Little Lake, CA",earthquake,0.18,0.49,0.10766308646644,5,reviewed,ci,ci
2026-08-21T01:42:22.072Z,53.382,-165.344,11.7,2.1,ml,10,318,0.8,0.3,ak,aka2026qmqmkf,2026-08-21T05:35:54.903Z,"88 km SSE of Akutan, Alaska",earthquake,18.6,16.5788,0.1,8,reviewed,ak,ak
2026-08-21T01:41:22.380Z,19.392,-154.983,7.95,1.25,ml,12,165,0.02363,0.13,hv,hv75021597,2026-08-27T20:30:01.530Z,"10 km SW of Leilani Estates, Hawaii",earthquake,0.67,0.77,0.29455597355282,6,reviewed,hv,hv
2026-08-21T01:41:00.470Z,38.835998535156,-122.78199768066,1.6599999666214,0.96,md,9,137,0.007912,0.02,nc,nc75422167,2026-08-21T01:42:38.137Z,"5 km WNW of Cobb, CA",earthquake,0.38,0.819999993,0.27,10,automatic,nc,nc
2026-08-21T01:38:42.430Z,-8.2838,121.2731,10,4.6,mb,19,80,3.299,1.03,us,us6000tmcn,2026-08-21T02:09:06.040Z,"75 km NW of Ende, Indonesia",earthquake,8.47,1.897,0.141,15,reviewed,us,us
2026-08-21T01:32:26.865Z,59.172,-153.567,102.6,1.9,ml,40,60,0.2,0.6,ak,aka2026qmqead,2026-08-21T05:35:04.372Z,"67 km SE of Pope-Vannoy Landing, Alaska",earthquake,5.2,2.478,0.2,30,reviewed,ak,ak
2026-08-21T01:28:24.480Z,53.417,-165.243,4.4,2.5,ml,36,212,0.7,0.8,ak,aka2026qmqaka,2026-08-21T05:34:44.706Z,"87 km SSE of Akutan, Alaska",earthquake,5.6,2.67,0.1,27,reviewed,ak,ak
2026-08-21T01:18:05.726Z,-8.2183,120.5956,10,4.6,mb,21,110,3.292,0.98,us,us6000tmcj,2026-08-21T01:37:11.040Z,"45 km NNE of Ruteng, Indonesia",earthquake,7.82,1.895,0.129,18,reviewed,us,us
2026-08-21T01:13:26.436Z,52.0558,176.3544,12.139,3,ml,10,187,1.338,0.58,us,us6000tmdp,2026-08-21T23:53:25.040Z,"232 km ESE of Attu Station, Alaska",earthquake,8.97,4.339,0.115,10,reviewed,us,us
2026-08-21T01:12:06.940Z,49.000666666667,-122.38733333333,12.73,1.15,ml,15,200,0.04564,0.19,uw,uw714082432,2026-08-21T17:47:19.650Z,"7 km NE of Lynden, Washington",earthquake,0.68,0.91,0.089061596621246,7,reviewed,uw,uw
2026-08-21T01:11:50.896Z,53.524,-165.3313,35,4.3,mwr,36,159,0.677,1.25,us,us6000tmcf,2026-08-27T21:30:31.479Z,"73 km SSE of Akutan, Alaska",earthquake,4.66,1.968,0.073,18,reviewed,us,us
2026-08-21T01:08:12.247Z,51.2868,-176.2539,6.43,3.4,ml,26,220,0.584,0.81,us,us6000tmdn,2026-08-21T23:56:40.040Z,"70 km SSE of Adak, Alaska",earthquake,2.78,8.369,0.081,20,reviewed,us,us
2026-08-21T01:07:30.530Z,33.414833333333,-116.6415,6.48,0.26,ml,17,90,0.08617,0.12,ci,ci41531656,2026-08-21T15:38:21.077Z,"15 km N of Warner Springs, CA",earthquake,0.25,0.59,0.11602256201951,6,reviewed,ci,ci
2026-08-21T01:04:41.821Z,31.655,-104.223,6.5485,2.5,ml,52,64,0,0.2,tx,tx2026qjynzf,2026-08-21T15:40:45.890Z,"55 km NW of Toyah, Texas",earthquake,0.45936829748658,0.47130269739362,0.1,35,reviewed,tx,tx
2026-08-21T00:54:32.964Z,52.78,-169.725,15.4,1.7,ml,9,207,0,0.5,ak,aka2026qmoxdr,2026-08-21T22:32:48.270Z,"60 km WSW of Nikolski, Alaska",earthquake,20.6,3.2442,0.3,7,reviewed,ak,ak
2026-08-21T00:51:48.500Z,31.658,-104.221,7.356,2,ml,39,64,0,0.2,tx,tx2026qjyevn,2026-08-21T06:58:02.833Z,"55 km NW of Toyah, Texas",earthquake,0.55934200896593,0.66943255808155,0.1,27,reviewed,tx,tx
2026-08-21T00:51:46.766Z,60.868,-151.14,73.7,1.5,ml,19,99,0.5,0.6,ak,aka2026qmoutq,2026-08-21T05:29:03.858Z,"21 km NNE of Nikiski, Alaska",earthquake,4.5,5.3132,0.2,12,reviewed,ak,ak
2026-08-21T00:45:38.930Z,36.064,-117.83983333333,3.31,0.61,ml,14,64,0.05484,0.08,ci,ci41531640,2026-08-21T01:13:00.044Z,"10 km ENE of Coso Junction, CA",earthquake,0.14,0.31,0.32061754268687,9,reviewed,ci,ci
2026-08-21T00:43:52.890Z,18.047833333333,-65.756333333333,6.92,2.07,md,6,197,0.1651,0.12,pr,pr71529168,2026-08-21T01:08:24.440Z,"10 km E of El Negro, Puerto Rico",earthquake,0.84,0.94,0.096600273279511,2,reviewed,pr,pr
2026-08-21T00:41:28.950Z,38.520833333333,-112.891,3.02,0.48,md,8,116,0.01192,0.04,uu,uu80149661,2026-08-21T14:05:24.650Z,"17 km NE of Milford, Utah",earthquake,0.3,0.68,0.59903638039174,4,reviewed,uu,uu
2026-08-21T00:40:54.569Z,64.278,-151.178,1.1,2.3,ml,24,42,0.2,0.9,ak,aka2026qmolil,2026-08-21T05:26:51.421Z,"70 km NE of Lake Minchumina, Alaska",earthquake,2.9,2.3865,0.1,16,reviewed,ak,ak
2026-08-21T00:36:36.420Z,19.164333333333,-155.48783333333,31.34,1.72,ml,25,113,0.02588,0.11,hv,hv75021572,2026-08-21T23:42:05.750Z,"4 km SSW of Pāhala, Hawaii",earthquake,0.62,0.56,0.19284351259083,10,reviewed,hv,hv
2026-08-21T00:32:45.350Z,33.528666666667,-116.7275,6.37,0.6,ml,21,40,0.03752,0.11,ci,ci41531632,2026-08-21T01:09:41.887Z,"6 km WSW of Anza, CA",earthquake,0.16,0.41,0.097991020737919,11,reviewed,ci,ci
2026-08-21T00:25:51.486Z,54.196,-162.349,3.8,2.2,ml,13,267,0.9,0.7,ak,aka2026qmnygc,2026-08-21T05:26:10.613Z,"96 km S of King Cove, Alaska",earthquake,10.5,9.1278,0.1,11,reviewed,ak,ak
2026-08-21T00:24:36.551Z,54.181,-162.294,5.3,2.3,ml,17,250,0.9,0.6,ak,aka2026qmnxfb,2026-08-21T05:24:36.743Z,"97 km S of King Cove, Alaska",earthquake,8.7,3.6119,0.1,12,reviewed,ak,ak
2026-08-21T00:22:26.410Z,35.524,-117.44983333333,4.66,0.9,ml,20,66,0.06959,0.11,ci,ci41531624,2026-08-21T01:07:26.649Z,"23 km ESE of Ridgecrest, CA",earthquake,0.21,0.61,0.10293033999741,10,reviewed,ci,ci
2026-08-21T00:14:42.606Z,57.642,-155.803,89.2,1.5,ml,18,98,0.3,0.2,ak,aka2026qmnooq,2026-08-21T05:17:22.037Z,"80 km W of Karluk, Alaska",earthquake,8,4.0878,0.3,14,reviewed,ak,ak
2026-08-21T00:09:42.656Z,61.166,-149.644,28.9,1.9,ml,48,61,0.1,1,ak,aka2026qmnkgl,2026-08-21T05:15:31.657Z,"10 km S of Elmendorf Air Force Base, Alaska",earthquake,2.5,1.0834,0.2,35,reviewed,ak,ak
2026-08-21T00:06:59.446Z,52.0698,176.4013,10,3.2,ml,10,186,1.31,0.47,us,us6000tmdi,2026-08-21T22:24:57.040Z,"234 km ESE of Attu Station, Alaska",earthquake,7.81,1.985,0.115,10,reviewed,us,us
2026-08-21T00:01:20.430Z,26.4848,127.7859,44.11,4.7,mb,41,81,3.16,1.02,us,us6000tmc4,2026-08-21T09:21:42.496Z,"6 km W of Onna, Japan",earthquake,8.14,8.632,0.077,51,reviewed,us,us
2026-08-20T23:55:48.800Z,19.032333374023,-155.42416381836,34.349998474121,1.76,md,22,212,0.1276,0.200000003,hv,hv75021547,2026-08-20T23:59:29.490Z,"16 km ESE of Naalehu, Hawaii",earthquake,1.02,1.48000002,0.11570054398446,14,automatic,hv,hv
2026-08-20T23:39:27.019Z,52.2028,176.3942,10,3.2,ml,12,178,1.331,0.68,us,us6000tmpp,2026-08-23T23:37:55.040Z,"229 km ESE of Attu Station, Alaska",earthquake,8.39,1.953,0.097,14,reviewed,us,us
2026-08-20T23:36:41.054Z,-56.5921,-141.4541,10,5,mb,22,88,32.633,1.11,us,us6000tmbw,2026-08-20T23:58:06.040Z,Pacific-Antarctic Ridge,earthquake,16.75,1.873,0.141,16,reviewed,us,us
2026-08-20T23:21:25.648Z,59.735,-152.941,98.7,1.8,ml,43,63,0.1,0.6,ak,aka2026qmlukn,2026-08-21T23:54:15.580Z,"62 km W of Anchor Point, Alaska",earthquake,3.6,2.0256,0.3,28,reviewed,ak,ak
2026-08-20T23:19:03.420Z,36.063,-117.84116666667,2.67,1.16,ml,21,45,0.05558,0.12,ci,ci41531584,2026-08-21T00:16:23.302Z,"10 km ENE of Coso Junction, CA",earthquake,0.19,0.64,0.19490793210835,16,reviewed,ci,ci
2026-08-20T23:17:36.230Z,36.065666666667,-117.83966666667,3.91,0.63,ml,13,64,0.05325,0.08,ci,ci41531576,2026-08-21T00:51:15.944Z,"10 km ENE of Coso Junction, CA",earthquake,0.17,0.28,0.32166447493535,9,reviewed,ci,ci
2026-08-20T23:17:17.990Z,36.066166666667,-117.84733333333,4.65,0.11,ml,9,129,0.05167,0.05,ci,ci10249094,2026-08-21T00:54:03.283Z,"9 km ENE of Coso Junction, CA",earthquake,0.16,0.26,0.39024644757061,4,reviewed,ci,ci
2026-08-20T23:04:56.200Z,52.821666666667,-169.72866666667,7.51,1.03,ml,5,152,0.0353,0.08,av,av94395958,2026-08-21T01:37:19.420Z,"59 km WSW of Nikolski, Alaska",earthquake,1.32,1,0.23552793895745,8,reviewed,av,av
2026-08-20T23:02:43.526Z,63.526,-150.712,11.7,1.8,ml,26,34,0.1,0.6,ak,aka2026qmleew,2026-08-23T18:56:58.355Z,"50 km E of Denali National Park, Alaska",earthquake,2.7,1.7863,0.1,18,reviewed,ak,ak
2026-08-20T23:01:39.759Z,53.384,-165.582,16.1,2.3,ml,27,221,0.7,0.4,ak,aka2026qmldim,2026-08-21T23:50:55.283Z,"83 km SE of Unalaska, Alaska",earthquake,4.4,4.2714,0.1,19,reviewed,ak,ak
2026-08-20T23:01:37.175Z,-8.0474,120.0081,10,4.4,mb,19,111,3.024,1.32,us,us6000tmbl,2026-08-21T00:36:32.040Z,"51 km NNE of Labuan Bajo, Indonesia",earthquake,8.9,1.918,0.149,13,reviewed,us,us
2026-08-20T22:52:50.078Z,53.368,-165.579,16.6,2.2,ml,20,231,0.7,0.3,ak,aka2026qmkvqj,2026-08-21T23:47:57.522Z,"84 km SE of Unalaska, Alaska",earthquake,5.4,5.9307,0.1,15,reviewed,ak,ak
2026-08-20T22:52:15.860Z,36.065,-117.8415,2.96,0.94,ml,16,54,0.05358,0.1,ci,ci41531536,2026-08-21T00:03:51.813Z,"10 km ENE of Coso Junction, CA",earthquake,0.16,0.42,0.20737246330982,15,reviewed,ci,ci
2026-08-20T22:49:31.020Z,19.176833333333,-155.49366666667,33,2,ml,47,95,0.03666,0.12,hv,hv75021527,2026-08-21T03:30:19.350Z,"3 km SSW of Pāhala, Hawaii",earthquake,0.46,0.57,0.21293619254581,17,reviewed,hv,hv
2026-08-20T22:44:05.894Z,31.639,-104.36,6.0999,1.9,ml,32,72,0.1,0.2,tx,tx2026qjtwhf,2026-08-21T10:46:58.569Z,"59 km S of Whites City, New Mexico",earthquake,0.87001696327879,0.79543400843868,0.2,15,reviewed,tx,tx
2026-08-20T22:39:32.224Z,51.703,-175.588,58.8,2.2,ml,20,214,0.4,0.2,ak,aka2026qmkkch,2026-08-21T23:44:02.938Z,"74 km ESE of Adak, Alaska",earthquake,23.8,9.014,0.1,15,reviewed,ak,ak
2026-08-20T22:29:52.780Z,58.902,-154.425,118.3,1.8,ml,33,72,0.4,0.5,ak,aka2026qmkbsr,2026-08-21T23:41:39.800Z,"63 km SSE of Kokhanok, Alaska",earthquake,4.9,2.6828,0.2,24,reviewed,ak,ak
2026-08-20T22:29:33.480Z,38.776165008545,-122.93333435059,5.1300001144409,1.56,md,31,59,0.06107,0.06,nc,nc75422067,2026-08-21T01:22:23.341Z,"8 km ESE of Cloverdale, CA",earthquake,0.24,0.689999998,0.12,30,automatic,nc,nc
2026-08-20T22:28:20.960Z,60.458166666667,-152.75883333333,8.23,-0.67,ml,4,113,0.008123,0.27,av,av94395893,2026-08-21T01:28:48.790Z,"75 km NW of Ninilchik, Alaska",earthquake,1.61,2.1,0.40306760571072,4,reviewed,av,av
2026-08-20T22:26:55.820Z,38.508333333333,-112.888,2.66,0.82,md,9,105,0.006828,0.06,uu,uu80149636,2026-08-20T22:57:27.700Z,"16 km NE of Milford, Utah",earthquake,0.26,0.49,0.1579406001459,4,reviewed,uu,uu
2026-08-20T22:22:17.569Z,51.171,-176.362,17.3,2.2,ml,23,233,0.7,0.4,ak,aka2026qmjvao,2026-08-21T23:35:06.788Z,"80 km SSE of Adak, Alaska",earthquake,5.1,4.4867,0.2,18,reviewed,ak,ak
2026-08-20T22:19:50.450Z,33.820333333333,-117.4815,-0.53,1.63,ml,50,41,0.03052,0.25,ci,ci41531520,2026-08-21T00:48:44.056Z,"7 km SSE of Home Gardens, CA",quarry blast,0.32,31.61,0.18526970743775,60,reviewed,ci,ci
2026-08-20T22:18:33.650Z,38.508833333333,-112.88633333333,2.63,1.12,md,10,103,0.009192,0.05,uu,uu80149631,2026-08-20T22:55:14.200Z,"16 km NE of Milford, Utah",earthquake,0.29,0.41,0.58618836989028,5,reviewed,uu,uu
2026-08-20T22:17:39.866Z,60.403,-151.746,77.4,2.4,ml,72,39,0.5,0.7,ak,aka2026qmjqel,2026-08-21T23:33:33.931Z,"24 km W of Cohoe, Alaska",earthquake,2.3,2.066,0.1,55,reviewed,ak,ak
2026-08-20T22:14:25.200Z,52.8745,-169.72266666667,0.68,1.33,ml,6,166,0.08805,0.32,av,av94395873,2026-08-21T01:39:20.630Z,"58 km W of Nikolski, Alaska",earthquake,0.78,0.71,0.20848847666211,8,reviewed,av,av
2026-08-20T22:09:59.430Z,38.509833333333,-112.88883333333,2.89,1.25,md,10,106,0.008419,0.05,uu,uu80149626,2026-08-20T22:52:53.430Z,"16 km NE of Milford, Utah",earthquake,0.25,0.48,0.81516967438307,6,reviewed,uu,uu
2026-08-20T22:06:51.640Z,52.0203,176.3369,10,3,ml,13,190,1.347,0.65,us,us6000tmpg,2026-08-24T00:33:19.040Z,"233 km ESE of Attu Station, Alaska",earthquake,6.26,1.802,0.091,16,reviewed,us,us
2026-08-20T22:05:24.500Z,54.0087,-163.5843,35,2.8,ml,20,205,0.644,0.79,us,us6000tmph,2026-08-24T00:28:58.040Z,"94 km S of False Pass, Alaska",earthquake,3.08,2.013,0.091,16,reviewed,us,us
2026-08-20T22:05:06.286Z,54.1096,-163.8315,35,2.6,ml,27,204,0.539,0.78,us,us6000tmpf,2026-08-24T00:24:05.040Z,"87 km SSW of False Pass, Alaska",earthquake,4.06,2.011,0.105,16,reviewed,us,us
2026-08-20T22:03:54.890Z,52.838833333333,-169.72166666667,5.46,1.19,ml,4,269,0.05232,0.07,av,av94395838,2026-08-21T01:52:21.510Z,"58 km W of Nikolski, Alaska",earthquake,1.37,2.5,0.17550566672883,4,reviewed,av,av
2026-08-20T22:00:25.490Z,36.065,-117.8415,2.72,1.27,ml,22,50,0.05358,0.15,ci,ci41531504,2026-08-21T00:04:08.495Z,"10 km ENE of Coso Junction, CA",earthquake,0.2,0.66,0.29609016071206,18,reviewed,ci,ci
2026-08-20T21:57:40.312Z,15.9742,145.6176,213.529,4.5,mb,78,108,0.755,0.69,us,us6000tmb4,2026-08-21T01:49:08.040Z,"85 km N of Saipan, Northern Mariana Islands",earthquake,12.13,6.53,0.051,111,reviewed,us,us
2026-08-20T21:54:38.620Z,38.829166412354,-122.81400299072,2.0699999332428,0.79,md,16,45,0.006529,0.01,nc,nc75422047,2026-08-20T23:07:21.476Z,"8 km NW of The Geysers, CA",earthquake,0.25,0.670000017,0.17,16,automatic,nc,nc
2026-08-20T21:53:13.466Z,31.666,-104.335,7.356,1.5,ml,26,68,0.1,0.2,tx,tx2026qjsgyq,2026-08-21T12:19:39.443Z,"56 km S of Whites City, New Mexico",earthquake,0.78518239879523,0.93122488099492,0.1,18,reviewed,tx,tx
2026-08-20T21:50:18.806Z,52.0115,176.3338,10,3.1,ml,10,190,1.348,0.47,us,us6000tmpe,2026-08-23T23:56:15.040Z,"233 km ESE of Attu Station, Alaska",earthquake,5.78,1.988,0.128,8,reviewed,us,us
2026-08-20T21:50:12.150Z,33.416666666667,-116.6405,6.37,0.71,ml,36,35,0.08416,0.14,ci,ci41531488,2026-08-21T00:05:27.640Z,"15 km N of Warner Springs, CA",earthquake,0.16,0.42,0.13118091589752,16,reviewed,ci,ci
2026-08-20T21:48:14.520Z,58.257333333333,-155.566,7.12,-0.19,ml,9,91,0.06953,0.06,av,av94395818,2026-08-21T01:45:20.980Z,"79 km SE of King Salmon, Alaska",earthquake,0.21,0.7,0.19364877393352,9,reviewed,av,av
2026-08-20T21:42:13.611Z,51.9308,176.3122,10,3,ml,14,196,1.361,0.3,us,us6000tmpd,2026-08-23T23:48:03.040Z,"235 km ESE of Attu Station, Alaska",earthquake,5.37,1.989,0.097,14,reviewed,us,us
2026-08-20T21:40:04.769Z,34.71983333,-98.43833333,0,1.08,ml,10,183,0.2825445551,0.36,ok,ok2026qhsc,2026-08-21T14:44:22.819Z,"5 km E of Medicine Park, Oklahoma",quarry blast,,0.6,0.2,4,reviewed,ok,ok
2026-08-20T21:38:36.407Z,60.381,-151.668,71.9,1.7,ml,27,65,0.5,0.4,ak,aka2026qmijgm,2026-08-21T23:20:49.417Z,"19 km W of Cohoe, Alaska",earthquake,3.8,4.2665,0.1,19,reviewed,ak,ak
2026-08-20T21:38:33.260Z,53.454,-167.038,14.2,2,ml,22,197,0.4,0.3,ak,aka2026qmijfi,2026-08-21T23:17:29.443Z,"57 km SW of Unalaska, Alaska",earthquake,10.9,4.7957,0.3,17,reviewed,ak,ak
2026-08-20T21:30:31.187Z,-14.9534,-73.9735,86.026,4.4,mb,18,167,4.059,1.12,us,us6000tmau,2026-08-21T00:55:11.040Z,"17 km SSW of Tambo, Peru",earthquake,13.04,11.867,0.178,9,reviewed,us,us
2026-08-20T21:20:34.530Z,33.029666666667,-116.52066666667,12.93,0.81,ml,40,40,0.08239,0.2,ci,ci41531480,2026-08-21T00:05:23.260Z,"9 km SE of Julian, CA",earthquake,0.24,0.52,0.16671617419688,15,reviewed,ci,ci
2026-08-20T21:17:42.991Z,53.453,-167.033,13.1,1.9,ml,25,197,0.4,0.5,ak,aka2026qmhrdr,2026-08-21T23:15:26.804Z,"57 km SW of Unalaska, Alaska",earthquake,9.7,3.7838,0.3,18,reviewed,ak,ak
2026-08-20T21:17:25.160Z,35.12883333,-97.73266667,7.68,0.79,ml,14,101,0.04859046489,0.12,ok,ok2026qhrj,2026-08-21T14:49:56.441Z,"6 km W of Blanchard, Oklahoma",earthquake,,0.4,0.21,5,reviewed,ok,ok
2026-08-20T21:13:14.610Z,60.053,-153.0905,3.88,-0.92,ml,4,147,0.01418,0.32,av,av94395773,2026-08-21T01:21:48.370Z,"64 km ENE of Pedro Bay, Alaska",earthquake,2.79,2.45,0.2482289104828,4,reviewed,av,av
2026-08-20T21:08:52.640Z,33.531833333333,-116.7265,4.25,0.13,ml,10,146,0.06922,0.06,ci,ci41531472,2026-08-20T23:56:02.157Z,"6 km WSW of Anza, CA",earthquake,0.22,0.38,0.1200282209279,7,reviewed,ci,ci
2026-08-20T21:01:45.540Z,36.068,-117.8405,4.17,0.7,ml,9,121,0.05083,0.07,ci,ci41531464,2026-08-21T00:38:38.914Z,"10 km ENE of Coso Junction, CA",earthquake,0.2,0.29,0.24512567717767,5,reviewed,ci,ci
2026-08-20T20:49:53.350Z,34.644,-117.11316666667,-1.31,1.31,ml,14,66,0.2239,0.16,ci,ci41531448,2026-08-21T00:43:41.947Z,"17 km NNE of Apple Valley, CA",quarry blast,0.46,31.61,0.14399733741489,39,reviewed,ci,ci
2026-08-20T20:48:27.500Z,38.514166666667,-112.88616666667,2.4,1.24,md,9,108,0.01257,0.05,uu,uu80149621,2026-08-20T21:33:17.790Z,"16 km NE of Milford, Utah",earthquake,0.3,0.55,0.29144719365991,4,reviewed,uu,uu
2026-08-20T20:48:12.710Z,33.0305,-116.51716666667,15.04,0.59,ml,14,89,0.08421,0.16,ci,ci41531440,2026-08-21T00:32:49.123Z,"10 km SE of Julian, CA",earthquake,0.39,0.71,0.17836306091095,9,reviewed,ci,ci
2026-08-20T20:47:11.510Z,33.031166666667,-116.511,13.76,0.64,ml,8,98,0.08804,0.16,ci,ci10249086,2026-08-20T23:47:12.239Z,"10 km ESE of Julian, CA",earthquake,0.48,0.94,0.066288757791942,5,reviewed,ci,ci
2026-08-20T20:46:39.530Z,33.027333333333,-116.513,15.09,0.65,ml,13,91,0.08018,0.13,ci,ci41531432,2026-08-20T23:42:25.115Z,"10 km SE of Julian, CA",earthquake,0.36,0.59,0.067970493477826,7,reviewed,ci,ci
2026-08-20T20:46:15.008Z,32.359,-102.049,7.3486,0.3,ml,18,62,0,0.2,tx,tx2026qjqbbc,2026-08-21T14:31:11.570Z,"35 km NW of Stanton, Texas",earthquake,0.63642423200183,0.91242778812726,0.2,14,reviewed,tx,tx
2026-08-20T20:45:17.940Z,33.0235,-116.527,13.03,1.89,ml,66,26,0.07826,0.2,ci,ci41531424,2026-08-21T01:02:54.450Z,"9 km SE of Julian, CA",earthquake,0.17,0.41,0.19492883940658,25,reviewed,ci,ci
2026-08-20T20:44:56.460Z,38.807334899902,-122.77816772461,2.2799999713898,0.76,md,13,70,0.006234,0.01,nc,nc75422017,2026-08-20T20:46:33.818Z,"4 km NNW of The Geysers, CA",earthquake,0.36,0.720000029,0.12,14,automatic,nc,nc
2026-08-20T20:42:33.389Z,51.236,-176.426,22.3,2,ml,19,246,0.6,0.3,ak,aka2026qmgmrc,2026-08-21T23:12:12.538Z,"72 km SSE of Adak, Alaska",earthquake,8,5.0062,0.2,14,reviewed,ak,ak
2026-08-20T20:41:45.240Z,33.028333333333,-116.52333333333,13.38,0.85,ml,24,63,0.08149,0.17,ci,ci41531416,2026-08-21T01:00:07.312Z,"9 km SE of Julian, CA",earthquake,0.26,0.61,0.13962170716276,13,reviewed,ci,ci
2026-08-20T20:40:47.790Z,51.796833333333,-178.7925,9.69,-0.06,ml,5,97,0.02269,0.27,av,av94395748,2026-08-21T01:14:48.900Z,"149 km W of Adak, Alaska",earthquake,1.44,1.05,0.11079423329333,5,reviewed,av,av
2026-08-20T20:36:58.640Z,38.81916809082,-122.80683135986,2.6400001049042,1.08,md,18,71,0.004922,0.02,nc,nc75422007,2026-08-20T20:38:32.727Z,"6 km NW of The Geysers, CA",earthquake,0.27,0.419999987,0.26,18,automatic,nc,nc
2026-08-20T20:32:05.340Z,38.829334259033,-122.81816864014,2.2000000476837,0.75,md,7,75,0.008669,0.01,nc,nc75422002,2026-08-20T21:37:22.887Z,"8 km NW of The Geysers, CA",earthquake,0.46,1.70000005,0.18,8,automatic,nc,nc
2026-08-20T20:31:31.395Z,39.3458,-119.0215,6.3444,1.79,ml,14,81,0.063,0.1147,nn,nn00923595,2026-08-21T02:06:04.519Z,"19 km ESE of Silver Springs, Nevada",earthquake,,1.7894,0.22,11,reviewed,nn,nn
2026-08-20T20:27:31.447Z,57.894,-155.866,18.7,0.8,ml,11,164,0.2,0.2,ak,aka2026qmfzqh,2026-08-21T01:12:18.650Z,"91 km WNW of Karluk, Alaska",earthquake,12.9,10.9093,0.1,4,automatic,ak,ak
2026-08-20T20:26:44.070Z,38.792999267578,-122.76149749756,3.5199999809265,0.62,md,11,73,0.007741,0.02,nc,nc75421987,2026-08-20T21:12:19.726Z,"2 km NNW of The Geysers, CA",earthquake,0.36,1.33000004,0.35,10,automatic,nc,nc
2026-08-20T20:24:13.160Z,38.509,-112.88433333333,2.38,1.15,md,11,103,0.01073,0.06,uu,uu80149616,2026-08-20T21:35:40.770Z,"16 km NE of Milford, Utah",earthquake,0.26,0.4,0.29149071218565,5,reviewed,uu,uu
2026-08-20T20:23:33.354Z,51.895,176.27,5,3.4,ml,18,199,1.4,0.4,ak,aka2026qmfwlo,2026-08-21T22:57:39.167Z,"235 km ESE of Attu Station, Alaska",earthquake,22.7,0,0.1,13,reviewed,ak,ak
2026-08-20T20:17:36.970Z,57.885,-155.835,6.8,1.8,ml,26,115,0.2,0.7,ak,aka2026qmfram,2026-08-21T22:55:30.163Z,"89 km WNW of Karluk, Alaska",earthquake,3.6,2.0813,0.2,20,reviewed,ak,ak
2026-08-20T20:16:46.380Z,38.828834533691,-122.81700134277,1.789999961853,0.99,md,16,75,0.007667,0.01,nc,nc75421977,2026-08-20T20:47:24.549Z,"8 km NW of The Geysers, CA",earthquake,0.32,0.460000008,0.26,16,automatic,nc,nc
2026-08-20T20:12:11.390Z,34.532333333333,-120.48533333333,6.35,1.7,ml,23,159,0.02467,0.31,ci,ci41531376,2026-08-21T00:30:18.623Z,"12 km SSW of Lompoc, CA",earthquake,0.64,1.07,0.13668160362564,20,reviewed,ci,ci
2026-08-20T20:09:17.650Z,39.304164886475,-122.76999664307,7.8099999427795,1.63,md,8,160,0.1072,0.16,nc,nc75421967,2026-08-20T22:47:25.343Z,"20 km NE of Upper Lake, CA",earthquake,0.88,2.69000006,0.25,4,automatic,nc,nc
2026-08-20T19:53:51.824Z,-8.214,121.3299,10,5,mb,41,88,3.281,0.56,us,us6000tm9h,2026-08-20T20:37:45.040Z,"78 km NNW of Ende, Indonesia",earthquake,9.84,1.892,0.098,33,reviewed,us,us
2026-08-20T19:49:56.320Z,33.982666666667,-117.15333333333,10.02,0.92,ml,28,57,0.06269,0.14,ci,ci41531368,2026-08-21T00:57:35.001Z,"9 km SSE of Redlands, CA",earthquake,0.16,0.53,0.11360431312928,9,reviewed,ci,ci
2026-08-20T19:45:52.270Z,33.7185,-117.33233333333,-0.5,1.27,ml,26,60,0.04378,0.23,ci,ci41531360,2026-08-21T00:26:14.091Z,"6 km N of Lake Elsinore, CA",quarry blast,0.43,31.61,0.20722911298479,25,reviewed,ci,ci
2026-08-20T19:39:24.730Z,42.945166666667,-123.43833333333,-0.81,1.64,ml,6,113,0.08919,0.2,uw,uw714082332,2026-08-20T20:03:02.230Z,"6 km W of Riddle, Oregon",explosion,0.84,31.61,0.079701494568742,2,reviewed,uw,uw
2026-08-20T19:37:47.342Z,60.937,-150.878,1.9,2.3,ml,51,46,0.2,0.8,ak,aka2026qmeind,2026-08-21T22:54:32.856Z,"10 km W of Point Possession, Alaska",earthquake,2,1.8334,0.1,38,reviewed,ak,ak
2026-08-20T19:37:38.160Z,34.172833333333,-117.396,8.95,0.52,ml,20,86,0.09271,0.15,ci,ci41531352,2026-08-20T19:49:25.978Z,"5 km WNW of Muscoy, CA",earthquake,0.31,0.65,0.10017086931299,6,reviewed,ci,ci
2026-08-20T19:36:57.990Z,38.519833333333,-112.8905,2.83,1.18,md,11,115,0.01005,0.07,uu,uu80149606,2026-08-24T19:41:16.010Z,"17 km NE of Milford, Utah",earthquake,0.32,0.44,0.51100590800189,3,reviewed,uu,uu
2026-08-20T19:36:18.380Z,46.195333333333,-122.16016666667,4.4,0.45,md,12,97,0.006487,0.13,uw,uw714082322,2026-08-20T20:00:25.600Z,"38 km NE of Amboy, Washington",earthquake,0.41,0.37,0.47628002498924,10,reviewed,uw,uw
2026-08-20T19:33:11.560Z,29.016,-97.907,8.5637,2,ml,32,60,0,0.3,tx,tx2026qjnqhh,2026-08-21T10:05:27.716Z,"11 km ENE of Falls City, Texas",earthquake,0.67675536661115,1.0257583507725,0.1,12,reviewed,tx,tx
2026-08-20T19:32:57.590Z,38.828998565674,-122.81733703613,1.8799999952316,0.89,md,10,75,0.007968,0.02,nc,nc75421947,2026-08-20T19:57:22.220Z,"8 km NW of The Geysers, CA",earthquake,0.39,0.920000017,0.25,12,automatic,nc,nc
2026-08-20T19:27:01.897Z,60.54,-140.027,4.5,2.1,ml,19,85,0.5,0.7,ak,aka2026qmdzeo,2026-08-21T22:49:53.801Z,"111 km N of Yakutat, Alaska",earthquake,3.8,3.0738,0.2,17,reviewed,ak,ak
2026-08-20T19:24:03.495Z,-8.423,121.2709,10,5,mb,52,76,3.242,1,us,us6000tm93,2026-08-20T19:40:26.040Z,"63 km NW of Ende, Indonesia",earthquake,7.83,1.68,0.085,44,reviewed,us,us
2026-08-20T19:18:39.120Z,37.821,-113.09666666667,6.67,1.65,ml,18,56,0.1088,0.23,uu,uu80149601,2026-08-20T20:08:19.090Z,"8 km NW of Enoch, Utah",earthquake,0.55,1.97,0.18037762298604,9,reviewed,uu,uu
2026-08-20T19:17:03.343Z,32.444,-102.106,5.7861,0.3,ml,17,95,0,0.1,tx,tx2026qjncdd,2026-08-21T14:52:53.350Z,"35 km SSW of Los Ybanez, Texas",earthquake,0.83262427437912,0.86270468351623,0.1,12,reviewed,tx,tx
2026-08-20T19:15:35.350Z,45.047666666667,-117.93766666667,9.03,1.99,ml,4,184,0.4892,0.24,uw,uw714082292,2026-08-20T19:55:13.350Z,"2 km NNW of North Powder, Oregon",earthquake,1.29,31.61,0.068933833243056,3,reviewed,uw,uw
2026-08-20T19:07:54.025Z,60.525,-139.803,5.4,1.9,ml,21,50,0.5,0.7,ak,aka2026qmdioh,2026-08-21T22:43:57.897Z,"109 km N of Yakutat, Alaska",earthquake,3.5,2.4614,0.1,16,reviewed,ak,ak
2026-08-20T19:07:01.260Z,51.873,176.281,3.6,3.1,ml,12,200,1.4,0.4,ak,aka2026qmdhuk,2026-08-21T22:30:00.650Z,"237 km ESE of Attu Station, Alaska",earthquake,23.6,11.4811,0.1,8,reviewed,ak,ak
2026-08-20T19:03:56.600Z,38.507833333333,-112.88633333333,2.97,0.42,md,11,114,0.006249,0.06,uu,uu80149596,2026-08-20T19:27:38.680Z,"16 km NE of Milford, Utah",earthquake,0.3,0.38,0.38763217776499,4,reviewed,uu,uu
2026-08-20T19:00:49.140Z,34.992166666667,-118.19183333333,-0.82,1.18,ml,16,63,0.117,0.17,ci,ci41531336,2026-08-21T00:22:25.747Z,"7 km SSW of Mojave, CA",quarry blast,0.35,31.61,0.17837757801146,18,reviewed,ci,ci
2026-08-20T18:55:40.650Z,38.506,-112.88516666667,2.81,0.67,md,12,87,0.004563,0.06,uu,uu80149591,2026-08-20T19:22:38.500Z,"16 km NE of Milford, Utah",earthquake,0.26,0.33,0.26026731566684,5,reviewed,uu,uu
2026-08-20T18:43:37.360Z,36.036833333333,-117.7745,1.97,1.31,ml,20,70,0.01381,0.11,ci,ci41531304,2026-08-20T19:40:35.276Z,"16 km E of Coso Junction, CA",earthquake,0.15,0.17,0.21744616465086,13,reviewed,ci,ci
2026-08-20T18:40:47.781Z,61.549,-140.608,0.4,1.7,ml,12,85,0.2,0.5,ak,aka2026qmclca,2026-08-21T22:23:46.196Z,"123 km E of McCarthy, Alaska",earthquake,3.8,4.3969,0.1,9,reviewed,ak,ak
2026-08-20T18:40:18.661Z,32.44,-102.104,6.3232,0.6,ml,18,77,0,0.2,tx,tx2026qjlwsd,2026-08-21T14:37:16.931Z,"35 km SSW of Los Ybanez, Texas",earthquake,0.72188457131967,0.87927867294585,0.2,15,reviewed,tx,tx
2026-08-20T18:36:45.338Z,70.073,-143.317,5.1,2.1,ml,10,261,0.5,0.8,ak,aka2026qmchoy,2026-08-23T18:50:28.839Z,"13 km ESE of Kaktovik, Alaska",earthquake,11.1,4.4971,0.4,7,reviewed,ak,ak
2026-08-20T18:35:57.468Z,59.866,-153.27,138.5,2.3,ml,73,63,0.1,0.6,ak,aka2026qmchbw,2026-08-21T22:08:33.153Z,"47 km E of Pedro Bay, Alaska",earthquake,3.9,1.7129,0.3,53,reviewed,ak,ak
2026-08-20T18:34:53.532Z,51.979,176.298,5,2.8,ml,10,193,1.4,0.4,ak,aka2026qmcgdw,2026-08-21T22:06:48.526Z,"232 km ESE of Attu Station, Alaska",earthquake,24.4,0,0.1,7,reviewed,ak,ak
2026-08-20T18:25:19.502Z,-5.3709,153.5631,35,5.1,mb,41,121,1.822,0.77,us,us6000tm8j,2026-08-20T18:51:00.040Z,"183 km SE of Kokopo, Papua New Guinea",earthquake,6.43,1.935,0.083,47,reviewed,us,us
2026-08-20T18:24:54.580Z,38.452835083008,-122.52433013916,1.25,1.31,md,9,147,0.09184,0.06,nc,nc75421912,2026-08-20T21:07:20.771Z,"5 km NNE of Kenwood, CA",earthquake,0.42,3.98000002,0.22,8,automatic,nc,nc
2026-08-20T18:12:51.721Z,-8.2877,121.3981,10,5.6,mb,54,45,3.187,0.88,us,us6000tm8h,2026-08-21T18:21:30.990Z,"67 km NNW of Ende, Indonesia",earthquake,3.97,1.82,0.077,59,reviewed,us,us
2026-08-20T18:12:34.630Z,34.38183333,-96.84716667,0,1.58,ml,16,111,0.1943618596,0.17,ok,ok2026qhlg,2026-08-21T14:55:18.738Z,"3 km SW of Mill Creek, Oklahoma",quarry blast,,0.4,0.29,8,reviewed,ok,ok
2026-08-20T18:11:54.494Z,60.049,-152.883,118.5,1.9,ml,58,63,0.1,0.5,ak,aka2026qmbman,2026-08-21T22:03:48.628Z,"65 km W of Happy Valley, Alaska",earthquake,4.1,1.9519,0.4,40,reviewed,ak,ak
2026-08-20T18:07:40.350Z,19.181833333333,-155.49533333333,29.95,1.98,ml,46,90,0.04095,0.12,hv,hv75021407,2026-08-21T03:06:10.920Z,"2 km SW of Pāhala, Hawaii",earthquake,0.46,0.54,0.21282727935358,26,reviewed,hv,hv
2026-08-20T18:06:28.640Z,47.326333333333,-123.71816666667,12.11,0.94,ml,9,113,0.1083,0.17,uw,uw714082262,2026-08-20T19:49:33.290Z,"15 km SE of Neilton, Washington",earthquake,0.55,1.2,0.076826182699571,3,reviewed,uw,uw
2026-08-20T18:03:40.590Z,32.919666666667,-116.33866666667,8.95,0.66,ml,16,87,0.04576,0.13,ci,ci41531288,2026-08-20T18:25:55.603Z,"21 km ENE of Pine Valley, CA",earthquake,0.26,0.54,0.079702642752376,7,reviewed,ci,ci
2026-08-20T18:02:02.960Z,60.0245,-153.09833333333,5.54,-0.46,ml,5,121,0.03729,0.29,av,av94395558,2026-08-21T00:58:46.760Z,"62 km ENE of Pedro Bay, Alaska",earthquake,1.45,2.17,0.32898570851504,5,reviewed,av,av
2026-08-20T18:00:18.626Z,-14.6414,-73.5236,99,6.7,mww,113,34,4.17,0.94,us,us6000tm81,2026-08-21T18:10:00.399Z,"31 km NW of Aniso, Peru",earthquake,8.27,1.936,0.039,62,reviewed,us,us
2026-08-20T17:58:27.739Z,61.566,-148.103,12.4,3.5,ml,190,20,0.2,1.1,ak,aka2026qmbais,2026-08-20T20:06:38.737Z,"31 km SE of Chickaloon, Alaska",earthquake,1.2,1.0165,0.2,132,reviewed,ak,ak
2026-08-20T17:58:14.450Z,38.787666320801,-122.74900054932,0.77999997138977,0.86,md,9,94,0.01056,0.03,nc,nc75421887,2026-08-20T18:52:22.809Z,"1 km NNE of The Geysers, CA",earthquake,0.3,0.579999983,0.17,8,automatic,nc,nc
2026-08-20T17:56:17.180Z,45.805166666667,-123.27833333333,-0.44,1.55,ml,10,172,0.05256,0.56,uw,uw714082252,2026-08-20T19:47:27.950Z,"8 km SW of Vernonia, Oregon",earthquake,1.14,1.87,0.25108546604515,2,reviewed,uw,uw
2026-08-20T17:50:31.180Z,56.156166666667,-159.356,12.78,0.11,ml,7,86,0.08459,0.36,av,av93066099,2026-08-21T01:54:50.730Z,"29 km NNE of Ivanof Bay, Alaska",earthquake,0.94,1.95,0.14705260280335,7,reviewed,av,av
2026-08-20T17:50:31.170Z,56.1245,-159.34733333333,14.52,0.13,ml,6,100,0.06335,0.08,av,av94395543,2026-08-21T00:49:46.100Z,"26 km NNE of Ivanof Bay, Alaska",earthquake,0.45,0.64,0.24163218306154,6,reviewed,av,av
2026-08-20T17:43:44.308Z,51.946,176.315,5,3.2,ml,15,195,1.4,0.9,ak,aka2026qmanuu,2026-08-22T00:02:52.567Z,"235 km ESE of Attu Station, Alaska",earthquake,22.6,0,0.1,12,reviewed,ak,ak
2026-08-20T17:43:26.400Z,38.849998474121,-122.8493347168,1.7000000476837,0.31,md,10,113,0.01807,0.01,nc,nc75421882,2026-08-20T18:42:20.744Z,"11 km WNW of Cobb, CA",earthquake,0.36,0.579999983,0.11,9,automatic,nc,nc
2026-08-20T17:21:19.300Z,53.388333333333,-168.18116666667,-0.25,-0.5,ml,6,213,0.02653,0.23,av,av94395523,2026-08-21T00:43:15.700Z,"67 km NE of Nikolski, Alaska",earthquake,1.32,0.75,0.22615236350012,6,reviewed,av,av
2026-08-20T17:10:03.020Z,53.261166666667,-168.189,6.72,0.24,ml,6,329,0.09691,0.29,av,av93066094,2026-08-21T00:36:45.280Z,"57 km NE of Nikolski, Alaska",earthquake,2.38,4.33,0.24923121842065,5,reviewed,av,av
2026-08-20T17:10:02.311Z,56.782,-149.088,5,2.7,ml,20,278,2.1,0.9,ak,aka2026qlzknm,2026-08-22T00:00:28.358Z,"213 km ESE of Chiniak, Alaska",earthquake,8.6,0,0.2,16,reviewed,ak,ak
2026-08-20T17:09:40.500Z,36.088833333333,-117.884,2.66,0.75,ml,15,118,0.03715,0.12,ci,ci41531264,2026-08-20T17:40:18.636Z,"8 km NE of Coso Junction, CA",earthquake,0.21,0.33,0.26971560462376,8,reviewed,ci,ci
2026-08-20T17:08:22.199Z,34.68866667,-96.6475,0,1.42,ml,24,71,0.07108605049,0.29,ok,ok2026qhjd,2026-08-21T15:01:45.951Z,"9 km SSE of Ada, Oklahoma",quarry blast,,0.5,0.16,11,reviewed,ok,ok
2026-08-20T16:50:12.550Z,59.999166666667,-153.0895,1.67,-0.62,ml,4,132,0.03109,0.05,av,av94395493,2026-08-21T00:00:43.080Z,"61 km ENE of Pedro Bay, Alaska",earthquake,0.34,1.34,0.12067608393602,4,reviewed,av,av
2026-08-20T16:47:40.630Z,18.794666290283,-155.17233276367,7.9499998092651,1.7,md,18,282,0.4516,0.129999995,hv,hv75021377,2026-08-20T16:52:07.670Z,"52 km SE of Naalehu, Hawaii",earthquake,0.77,0.790000021,0.19125605489866,10,automatic,hv,hv
2026-08-20T16:42:08.230Z,19.421167373657,-155.59083557129,44.569999694824,1.81,md,20,76,0.03924,0.25999999,hv,hv75021372,2026-08-20T16:45:51.920Z,"26 km NNW of Pāhala, Hawaii",earthquake,1.02,1.77999997,0.15132506596199,8,automatic,hv,hv
2026-08-20T16:37:43.889Z,-8.5698,119.9212,10,4.4,mb,13,152,3.536,0.59,us,us7000tc6y,2026-08-29T20:15:52.040Z,"8 km SSE of Labuan Bajo, Indonesia",earthquake,9.94,1.937,0.189,9,reviewed,us,us
2026-08-20T16:34:18.980Z,34.163,-117.5395,9.26,0.48,ml,7,158,0.09201,0.09,ci,ci41531232,2026-08-20T18:06:13.775Z,"6 km NE of Rancho Cucamonga, CA",earthquake,0.32,0.99,0.17260713424442,2,reviewed,ci,ci
2026-08-20T16:33:47.004Z,51.7614,-166.1821,10,2.5,ml,17,293,1.96,0.31,us,us6000tmnq,2026-08-22T13:11:27.040Z,"224 km SE of Nikolski, Alaska",earthquake,4.85,2.026,0.115,10,reviewed,us,us
2026-08-20T16:22:59.920Z,53.376666666667,-168.14366666667,4.71,-0.43,ml,8,126,0.01852,0.26,av,av93066089,2026-08-21T00:23:45.380Z,"68 km NE of Nikolski, Alaska",earthquake,0.92,1.06,0.26565103980559,8,reviewed,av,av
2026-08-20T16:22:16.391Z,60.458,-140.039,7.7,1.9,ml,16,99,0.6,0.6,ak,aka2026qlxuyt,2026-08-21T21:02:18.972Z,"102 km N of Yakutat, Alaska",earthquake,3.9,2.7516,0.1,12,reviewed,ak,ak
2026-08-20T16:18:53.340Z,53.362166666667,-168.216,8.48,-0.18,ml,6,284,0.03296,0.23,av,av93066084,2026-08-21T00:17:44.000Z,"63 km NE of Nikolski, Alaska",earthquake,1.86,1.07,0.32834613372836,5,reviewed,av,av
2026-08-20T16:14:40.736Z,59.024,-136.37,2,3.1,ml,15,99,0.4,0.5,ak,aka2026qlxomk,2026-08-21T20:58:24.764Z,"48 km SSW of Covenant Life, Alaska",earthquake,4.3,2.818,0.2,13,reviewed,ak,ak
2026-08-20T16:03:11.904Z,-3.7909,141.0635,35,4.3,mb,17,105,1.318,1.29,us,us7000tc6w,2026-08-29T20:04:13.040Z,"125 km SSW of Vanimo, Papua New Guinea",earthquake,6.44,1.944,0.177,10,reviewed,us,us
2026-08-20T15:44:06.966Z,63.213,-151.288,5,1.5,ml,15,68,0.4,0.5,ak,aka2026qlwnxa,2026-08-23T19:02:14.759Z,"42 km SSE of Denali National Park, Alaska",earthquake,2.9,0,0.2,12,reviewed,ak,ak
2026-08-20T15:30:25.239Z,31.651,-104.366,6.0999,1.6,ml,32,70,0.1,0.2,tx,tx2026qjfmty,2026-08-20T15:59:02.733Z,"58 km S of Whites City, New Mexico",earthquake,1.0429429457129,0.86167676022649,0.1,35,reviewed,tx,tx
2026-08-20T15:15:03.614Z,32.353,-102.097,8.252,1.1,ml,35,39,0,0.1,tx,tx2026qjfbuk,2026-08-20T15:48:24.014Z,"38 km NW of Stanton, Texas",earthquake,0.40517113568691,0.43083220348113,0.2,22,reviewed,tx,tx
2026-08-20T15:14:27.612Z,60.396,-147.78,23.2,1.5,ml,16,90,0.4,0.3,ak,aka2026qlvoej,2026-08-21T20:56:02.291Z,"38 km NNE of Chenega, Alaska",earthquake,3.1,3.551,0.1,8,reviewed,ak,ak
2026-08-20T15:10:46.200Z,47.820833333333,-120.113,6.48,1.67,ml,19,62,0.04997,0.17,uw,uw714082082,2026-08-20T19:42:11.730Z,"7 km WSW of Chelan, Washington",earthquake,0.26,0.67,0.31501388292018,15,reviewed,uw,uw
2026-08-20T15:02:37.005Z,59.03,-136.396,5,2.8,ml,15,99,0.4,0.8,ak,aka2026qlvebe,2026-08-21T20:51:52.591Z,"48 km SSW of Covenant Life, Alaska",earthquake,4.2,0,0.2,13,reviewed,ak,ak
2026-08-20T14:51:57.129Z,21.9582,143.0202,207.389,4.2,mb,37,116,5.171,0.65,us,us7000tc6v,2026-08-29T19:55:10.040Z,Mariana Islands region,earthquake,14.29,8.314,0.096,30,reviewed,us,us
2026-08-20T14:46:39.024Z,55.2887,-160.5879,10,3.7,ml,23,192,0.819,0.84,us,us6000tm46,2026-08-20T18:43:00.379Z,"7 km SW of Sand Point, Alaska",earthquake,2.72,1.992,0.069,28,reviewed,us,us
2026-08-20T14:38:57.640Z,38.826499938965,-122.89817047119,4.1599998474121,0.79,md,11,153,0.01641,0.03,nc,nc75421817,2026-08-20T15:32:22.441Z,"11 km ENE of Cloverdale, CA",earthquake,0.5,1.12,0.17,12,automatic,nc,nc
2026-08-20T14:35:02.980Z,36.063166666667,-117.83916666667,3.75,0.7,ml,15,63,0.05577,0.1,ci,ci41531176,2026-08-20T18:00:56.020Z,"10 km ENE of Coso Junction, CA",earthquake,0.18,0.32,0.10025162676738,6,reviewed,ci,ci
2026-08-20T14:31:36.280Z,38.787666320801,-122.74433135986,1.8999999761581,0.73,md,8,86,0.00741,0.02,nc,nc75421807,2026-08-20T16:52:22.011Z,"2 km NE of The Geysers, CA",earthquake,0.39,0.75999999,0.25,10,automatic,nc,nc
2026-08-20T14:31:33.928Z,-8.0866,107.881,53.437,4.4,mb,24,105,0.661,1.29,us,us6000tm44,2026-08-29T19:42:38.040Z,"85 km SSW of Singaparna, Indonesia",earthquake,7.38,7.571,0.139,16,reviewed,us,us
2026-08-20T14:30:31.033Z,51.344,-176.498,31.7,1.8,ml,11,258,0.5,0.2,ak,aka2026qlucdg,2026-08-21T20:42:04.957Z,"59 km S of Adak, Alaska",earthquake,13.4,9.4608,0.5,8,reviewed,ak,ak
2026-08-20T14:13:13.460Z,58.293166666667,-154.98316666667,2.75,0.17,ml,17,130,0.04276,0.16,av,av94395343,2026-08-20T23:57:12.750Z,"86 km NNW of Karluk, Alaska",earthquake,0.31,0.48,0.29807860766258,17,reviewed,av,av
2026-08-20T14:04:44.735Z,51.9768,176.2894,10,2.8,ml,12,193,1.375,0.73,us,us6000tmnd,2026-08-22T13:00:56.040Z,"232 km ESE of Attu Station, Alaska",earthquake,7.08,1.985,0.105,12,reviewed,us,us
2026-08-20T14:04:22.230Z,46.619666666667,-121.81816666667,6.47,1.29,ml,34,71,0.1139,0.11,uw,uw714082052,2026-08-20T19:35:51.610Z,"11 km W of Packwood, Washington",earthquake,0.21,0.41,0.037615417109159,3,reviewed,uw,uw
2026-08-20T13:55:00.046Z,-1.143,148.5466,10,5,mb,66,78,1.48,0.7,us,us6000tm42,2026-08-29T19:32:21.040Z,"172 km NE of Lorengau, Papua New Guinea",earthquake,8.57,1.86,0.056,121,reviewed,us,us
2026-08-20T13:51:04.700Z,38.839832305908,-122.83833312988,1.2400000095367,0.25,md,12,117,0.002546,0.01,nc,nc75421787,2026-08-20T14:42:23.097Z,"10 km NW of The Geysers, CA",earthquake,0.26,0.529999971,0.16,14,automatic,nc,nc
2026-08-20T13:48:21.250Z,38.823165893555,-122.84283447266,1.7300000190735,1.12,md,12,102,0.006097,0.02,nc,nc75421782,2026-08-20T15:57:24.630Z,"9 km NW of The Geysers, CA",earthquake,0.3,0.49000001,0.24,13,automatic,nc,nc
2026-08-20T13:40:29.077Z,60.646,-151.39,72.2,1.6,ml,38,48,0.6,0.6,ak,aka2026qlsksf,2026-08-21T20:34:25.948Z,"5 km NW of Salamatof, Alaska",earthquake,2.8,3.7024,0.2,25,reviewed,ak,ak
2026-08-20T13:36:46.937Z,34.8227,-108.5852,10,2.9,ml,13,89,0.99,0.42,us,us6000tm40,2026-08-29T19:26:54.040Z,"20 km NNE of Fence Lake, New Mexico",earthquake,2.43,2.013,0.057,40,reviewed,us,us
2026-08-20T13:36:27.360Z,38.505333333333,-112.8875,2.28,1.53,ml,18,45,0.003809,0.09,uu,uu80149566,2026-08-20T13:55:15.660Z,"16 km NE of Milford, Utah",earthquake,0.23,0.38,0.13175469232802,4,reviewed,uu,uu
2026-08-20T13:32:28.050Z,32.206666666667,-115.25133333333,8.28,2.69,ml,26,83,0.07673,0.32,ci,ci41531152,2026-08-29T19:24:21.040Z,"8 km WSW of Alberto Oviedo Mota, B.C., MX",earthquake,0.46,1.2,0.15412750673245,60,reviewed,ci,ci
2026-08-20T13:29:19.240Z,38.837665557861,-122.81083679199,1.6499999761581,0.2,md,7,117,0.01426,0.01,nc,nc75421777,2026-08-20T14:17:23.913Z,"8 km WNW of Cobb, CA",earthquake,0.5,1.71000004,0.07,8,automatic,nc,nc
2026-08-20T13:20:20.680Z,52.807333333333,-169.73966666667,9.02,0.9,ml,6,138,0.02314,0.24,av,av94395298,2026-08-20T23:47:42.200Z,"60 km WSW of Nikolski, Alaska",earthquake,2.74,1.35,0.30103149328663,6,reviewed,av,av
2026-08-20T13:17:17.580Z,38.83716583252,-122.80950164795,1.7400000095367,1.13,md,23,50,0.01376,0.03,nc,nc75421772,2026-08-20T15:32:21.441Z,"8 km WNW of Cobb, CA",earthquake,0.19,0.379999995,0.2,25,automatic,nc,nc
2026-08-20T13:14:32.647Z,-22.4158,171.4173,120.922,4.4,mb,17,244,3.677,0.63,us,us7000tc6t,2026-08-29T19:10:31.040Z,southeast of the Loyalty Islands,earthquake,14.75,10.907,0.155,12,reviewed,us,us
2026-08-20T13:11:15.033Z,59.978,-153.347,143.4,2.6,ml,111,48,0.1,0.7,ak,aka2026qlrlhg,2026-08-21T20:28:28.038Z,"47 km ENE of Pedro Bay, Alaska",earthquake,3.1,1.6142,0.3,82,reviewed,ak,ak
2026-08-20T12:55:32.160Z,60.466333333333,-152.7635,-2.98,-0.55,ml,7,111,0.01564,0.22,av,av94395273,2026-08-20T23:35:11.240Z,"76 km NW of Ninilchik, Alaska",earthquake,0.51,0.81,0.19000392362665,6,reviewed,av,av
2026-08-20T12:48:14.290Z,38.837833404541,-122.79716491699,2.1600000858307,1,md,12,83,0.005358,0.01,nc,nc75421767,2026-08-20T12:49:51.289Z,"7 km WNW of Cobb, CA",earthquake,0.35,0.550000012,0.31,14,automatic,nc,nc
2026-08-20T12:43:38.940Z,33.414333333333,-116.642,6.63,0.8,ml,41,45,0.08679,0.17,ci,ci41531136,2026-08-20T17:40:43.420Z,"15 km N of Warner Springs, CA",earthquake,0.18,0.46,0.10665660394842,18,reviewed,ci,ci
2026-08-20T12:41:49.820Z,38.768665313721,-122.7294998169,0.0099999997764826,0.65,md,8,61,0.007939,0.01,nc,nc75421762,2026-08-20T13:52:20.764Z,"3 km ESE of The Geysers, CA",earthquake,0.43,0.899999976,0.15,6,automatic,nc,nc
2026-08-20T12:41:10.511Z,60.448,-151.832,85.7,1.5,ml,26,65,0.4,0.6,ak,aka2026qlqlgv,2026-08-21T20:22:18.401Z,"30 km W of Kalifornsky, Alaska",earthquake,3.8,3.5036,0.2,18,reviewed,ak,ak
2026-08-20T12:39:57.504Z,62.329,-148.415,6.1,1.7,ml,31,39,0.5,0.9,ak,aka2026qlqkfm,2026-08-21T20:13:40.897Z,"59 km N of Chickaloon, Alaska",earthquake,2.5,1.8005,0.1,25,reviewed,ak,ak
2026-08-20T12:38:30.860Z,35.430166666667,-118.02733333333,0,0,mun,,,,,ci,ci41531128,2026-08-20T15:12:35.689Z,"31 km SW of Inyokern, CA",earthquake,,,,0,reviewed,ci,ci
2026-08-20T12:37:47.080Z,38.838333129883,-122.81150054932,1.789999961853,0.83,md,14,58,0.01496,0.02,nc,nc75421752,2026-08-20T13:37:23.658Z,"8 km WNW of Cobb, CA",earthquake,0.27,0.569999993,0.26,13,automatic,nc,nc
2026-08-20T12:27:46.030Z,33.704666666667,-116.72533333333,17.25,0.24,ml,17,74,0.01134,0.12,ci,ci10248966,2026-08-20T15:48:06.042Z,"4 km S of Idyllwild, CA",earthquake,0.27,0.57,0.13377987357146,12,reviewed,ci,ci
2026-08-20T12:27:36.440Z,-17.7971,-178.6517,564.28,4.8,mb,72,125,2.302,0.65,us,us6000tm3t,2026-08-20T12:46:54.040Z,"217 km E of Levuka, Fiji",earthquake,14.21,8.621,0.026,461,reviewed,us,us
2026-08-20T12:27:31.450Z,33.417,-116.63316666667,8.05,0.27,ml,26,87,0.0817,0.11,ci,ci41531112,2026-08-20T15:41:46.651Z,"15 km N of Warner Springs, CA",earthquake,0.17,0.47,0.06018757772073,3,reviewed,ci,ci
2026-08-20T12:19:16.060Z,58.297666666667,-154.97983333333,2.85,-0.11,ml,12,144,0.04441,0.13,av,av94395223,2026-08-20T23:39:11.650Z,"86 km NNW of Karluk, Alaska",earthquake,0.3,0.67,0.26862069862601,13,reviewed,av,av
2026-08-20T12:11:20.376Z,57.904,-153.605,53.9,1.8,ml,29,64,0.6,0.3,ak,aka2026qlpljy,2026-08-21T20:08:10.786Z,"43 km W of Port Lions, Alaska",earthquake,3.9,5.1516,0.2,19,reviewed,ak,ak
2026-08-20T12:07:45.210Z,38.80899810791,-122.75166320801,0.66000002622604,1.05,md,12,113,0.02307,0.01,nc,nc75421742,2026-08-20T13:12:20.485Z,"3 km WSW of Cobb, CA",earthquake,0.26,0.620000005,0.13,12,automatic,nc,nc
2026-08-20T12:06:19.125Z,61.936,-147.809,32.9,1.8,ml,37,36,0.1,1,ak,aka2026qlphak,2026-08-21T19:59:10.348Z,"16 km NNW of Glacier View, Alaska",earthquake,2.3,1.9356,0.2,31,reviewed,ak,ak
2026-08-20T12:00:36.272Z,51.594,178.372,28.4,1.9,ml,12,263,0.4,0.3,ak,aka2026qlpcda,2026-08-21T19:49:28.496Z,"Rat Islands, Aleutian Islands, Alaska",earthquake,9.3,4.2168,0.3,8,reviewed,ak,ak
2026-08-20T11:55:14.520Z,38.5075,-112.88783333333,2.64,0.67,md,13,116,0.005985,0.07,uu,uu80149561,2026-08-20T16:38:48.370Z,"16 km NE of Milford, Utah",earthquake,0.28,0.34,0.36985329202483,4,reviewed,uu,uu
2026-08-20T11:53:43.980Z,38.812831878662,-122.78800201416,2.829999923706,1.18,md,26,47,0.005732,0.02,nc,nc75421727,2026-08-20T15:07:22.266Z,"5 km NW of The Geysers, CA",earthquake,0.25,0.409999996,0.22,27,automatic,nc,nc
2026-08-20T11:51:21.770Z,36.62483215332,-121.27700042725,4,1.83,md,33,48,0.03336,0.19,nc,nc75421722,2026-08-20T14:37:20.062Z,"16 km NW of Pinnacles, CA",earthquake,0.32,1.30999994,0.2,27,automatic,nc,nc
2026-08-20T11:43:16.254Z,62.242,-148.42,22.1,1.8,ml,43,35,0.4,0.9,ak,aka2026qlomya,2026-08-21T19:40:53.378Z,"49 km N of Chickaloon, Alaska",earthquake,2.1,2.0323,0.1,31,reviewed,ak,ak
2026-08-20T11:38:45.980Z,46.237,-120.66433333333,5.75,1.53,ml,18,52,0.1631,0.3,uw,uw714081982,2026-08-20T19:01:12.270Z,"17 km SSE of White Swan, Washington",earthquake,0.4,0.72,0.13289844553855,12,reviewed,uw,uw
2026-08-20T11:38:34.870Z,33.634833333333,-116.6905,14.51,0.39,ml,32,50,0.03672,0.09,ci,ci41531104,2026-08-20T14:16:15.222Z,"9 km N of Anza, CA",earthquake,0.14,0.27,0.10605273780095,6,reviewed,ci,ci
2026-08-20T11:38:31.959Z,59.978,-141.136,10.1,1.8,ml,23,160,0.3,0.9,ak,aka2026qloiyu,2026-08-21T19:34:00.897Z,"92 km WNW of Yakutat, Alaska",earthquake,4.8,2.1708,0.1,18,reviewed,ak,ak
2026-08-20T11:37:29.300Z,34.367166666667,-117.65566666667,8.63,1.43,ml,53,37,0.02383,0.14,ci,ci41531096,2026-08-20T14:17:18.270Z,"2 km WNW of Wrightwood, CA",earthquake,0.12,0.28,0.21688515890486,29,reviewed,ci,ci
2026-08-20T11:34:55.010Z,51.850166666667,-178.74516666667,10.29,0.47,ml,5,311,0.03849,0.11,av,av94395183,2026-08-20T23:21:10.190Z,"145 km W of Adak, Alaska",earthquake,1.57,0.78,0.17413486083681,5,reviewed,av,av
2026-08-20T11:33:49.560Z,32.365,-102.044,7.9834,0.4,ml,12,86,0,0.1,tx,tx2026qixtdq,2026-08-20T13:48:28.092Z,"35 km NW of Stanton, Texas",earthquake,0.77554525370707,0.78822355762668,0.2,8,reviewed,tx,tx
2026-08-20T11:32:14.570Z,55.938166666667,-159.73316666667,20.86,0.55,ml,7,318,0.165,0.2,av,av94395178,2026-08-20T23:24:10.460Z,"16 km WNW of Ivanof Bay, Alaska",earthquake,1.36,1.35,0.14362091723414,7,reviewed,av,av
2026-08-20T11:31:05.620Z,56.082166666667,-159.72616666667,22.49,0.27,ml,4,339,0.09349,0.13,av,av93066069,2026-08-20T23:29:10.840Z,"25 km NW of Ivanof Bay, Alaska",earthquake,3.2,2.04,0.23655150677669,4,reviewed,av,av
2026-08-20T11:24:10.200Z,34.020166666667,-117.116,17.31,0.62,ml,30,96,0.08734,0.2,ci,ci41531088,2026-08-20T13:49:36.888Z,"6 km SSE of Mentone, CA",earthquake,0.3,0.89,0.28816522175818,12,reviewed,ci,ci
2026-08-20T11:23:13.895Z,61.185,-149.217,28.5,3,ml,80,44,0.2,1,ak,aka2026qlnvqp,2026-08-23T22:17:52.185Z,"23 km ESE of Elmendorf Air Force Base, Alaska",earthquake,2.5,1.0817,0.1,57,reviewed,ak,ak
2026-08-20T11:23:00.610Z,35.8285,-117.67383333333,7.37,1.2,ml,23,55,0.06332,0.16,ci,ci41531080,2026-08-20T13:49:54.618Z,"23 km N of Ridgecrest, CA",earthquake,0.21,0.58,0.19953985297459,18,reviewed,ci,ci
2026-08-20T11:22:06.059Z,60.033,-152.862,120.4,2.9,ml,152,49,0.1,0.9,ak,aka2026qlnush,2026-08-21T19:25:59.548Z,"63 km W of Happy Valley, Alaska",earthquake,2.4,1.1815,0.4,110,reviewed,ak,ak
2026-08-20T11:15:55.010Z,38.4915,-112.90116666667,3.94,1.47,ml,18,43,0.0152,0.09,uu,uu80149556,2026-08-20T13:31:42.340Z,"14 km NE of Milford, Utah",earthquake,0.3,0.45,0.11686856562242,5,reviewed,uu,uu
2026-08-20T11:13:05.070Z,33.657,-116.71883333333,15.35,0.44,ml,25,49,0.05417,0.12,ci,ci41531072,2026-08-20T13:49:58.664Z,"9 km S of Idyllwild, CA",earthquake,0.2,0.32,0.22432637842686,7,reviewed,ci,ci
2026-08-20T11:02:35.090Z,38.814834594727,-122.80916595459,2.2400000095367,1.34,md,27,44,0.008577,0.03,nc,nc75421717,2026-08-20T13:12:21.484Z,"6 km NW of The Geysers, CA",earthquake,0.22,0.360000014,0.12,30,automatic,nc,nc
2026-08-20T11:02:13.104Z,50.3276,-174.9334,35.203,2.6,ml,16,235,1.775,0.4,us,us6000tmmf,2026-08-27T07:19:12.040Z,"209 km SE of Adak, Alaska",earthquake,2.77,10.136,0.091,16,reviewed,us,us
2026-08-20T11:01:14.770Z,34.102166666667,-116.64366666667,2.02,0.52,ml,27,79,0.06359,0.17,ci,ci41531064,2026-08-20T13:50:13.333Z,"8 km NW of Morongo Valley, CA",earthquake,0.2,0.36,0.13730853207824,11,reviewed,ci,ci
2026-08-20T11:01:03.387Z,32.185,-101.401,7.2998,1.4,ml,30,70,0.1,0.2,tx,tx2026qiwqyx,2026-08-21T11:05:24.241Z,"8 km NNW of Forsan, Texas",earthquake,0.40625010793278,0.691794841387,0.1,13,reviewed,tx,tx
2026-08-20T10:59:18.366Z,52.467,-166.794,5.2,2.3,ml,15,266,1.2,0.3,ak,aka2026qlnaxp,2026-08-21T18:46:41.646Z,"149 km ESE of Nikolski, Alaska",earthquake,7.7,5.0054,0.2,11,reviewed,ak,ak
2026-08-20T10:58:55.073Z,63.193,-150.73,130.1,1.7,ml,33,44,0.7,0.7,ak,aka2026qlnaod,2026-08-21T18:43:25.514Z,"63 km SE of Denali National Park, Alaska",earthquake,3.8,3.2287,0.2,24,reviewed,ak,ak
2026-08-20T10:53:57.265Z,51.9652,176.3029,8.748,3.7,ml,18,194,1.367,0.68,us,us6000tmmc,2026-08-27T05:59:45.040Z,"233 km ESE of Attu Station, Alaska",earthquake,6.91,8.866,0.081,20,reviewed,us,us
2026-08-20T10:47:41.530Z,58.1785,-155.33433333333,1.92,-0.27,ml,5,112,0.03209,0.08,av,av94395098,2026-08-20T23:14:38.670Z,"85 km NW of Karluk, Alaska",earthquake,0.25,0.65,0.26362681832256,5,reviewed,av,av
2026-08-20T10:41:39.780Z,63.095,-151.418,5,1.9,ml,29,56,0.4,0.9,ak,aka2026qlmltb,2026-08-21T02:50:33.207Z,"51 km SSE of Denali National Park, Alaska",earthquake,2.4,0,0.1,22,reviewed,ak,ak
2026-08-20T10:39:16.687Z,63.548,-147.365,4.7,1.6,ml,29,38,0.5,0.8,ak,aka2026qlmjpa,2026-08-21T02:47:58.991Z,"79 km ESE of Denali Park, Alaska",earthquake,2.2,1.9586,0.2,22,reviewed,ak,ak
2026-08-20T10:30:50.815Z,60.926,-147.433,0.8,2.3,ml,44,48,0.2,0.6,ak,aka2026qlmcgj,2026-08-21T02:46:24.052Z,"41 km W of Tatitlek, Alaska",earthquake,2.4,1.8989,0.2,34,reviewed,ak,ak
2026-08-20T10:30:06.000Z,46.736666666667,-121.12883333333,5.89,1.27,ml,27,133,0.1981,0.18,uw,uw714081952,2026-08-20T18:54:10.690Z,"17 km WSW of Nile, Washington",earthquake,0.36,0.43,0.12653702114439,8,reviewed,uw,uw
2026-08-20T10:08:26.207Z,-7.9402,120.8686,10,4.6,mb,19,96,3.111,0.34,us,us6000tm31,2026-08-20T13:21:07.040Z,"86 km NNE of Ruteng, Indonesia",earthquake,9.27,1.937,0.158,12,reviewed,us,us
2026-08-20T10:04:44.570Z,33.421833333333,-116.61883333333,7.7,0.3,ml,39,27,0.07399,0.21,ci,ci41531048,2026-08-20T13:50:29.078Z,"16 km N of Warner Springs, CA",earthquake,0.22,0.56,0.15343588094371,8,reviewed,ci,ci
2026-08-20T10:03:26.820Z,38.512333333333,-112.88766666667,2.23,0.86,md,12,107,0.01077,0.09,uu,uu80149551,2026-08-20T13:41:24.540Z,"16 km NE of Milford, Utah",earthquake,0.27,0.46,0.46894028885666,7,reviewed,uu,uu
2026-08-20T10:02:21.882Z,53.907,-163.715,30.9,2.3,ml,27,228,0.7,0.5,ak,aka2026qlldoe,2026-08-21T02:43:57.868Z,"107 km S of False Pass, Alaska",earthquake,5.8,7.1023,0.1,19,reviewed,ak,ak
2026-08-20T10:01:15.560Z,38.788833618164,-122.74933624268,4.0599999427795,0.76,md,9,84,0.01133,0.01,nc,nc75421712,2026-08-20T10:02:51.089Z,"1 km NNE of The Geysers, CA",earthquake,0.43,1.16999996,0.18,11,automatic,nc,nc
2026-08-20T10:01:00.020Z,56.831,-155.719,76.7,2.1,ml,36,143,0.9,0.5,ak,aka2026qllcju,2026-08-21T02:41:27.535Z,"95 km W of Akhiok, Alaska",earthquake,4.3,4.81,0.2,25,reviewed,ak,ak
2026-08-20T09:52:40.170Z,38.518666666667,-112.87683333333,6.44,1.44,ml,14,104,0.01858,0.17,uu,uu80149546,2026-08-20T13:46:44.080Z,"17 km NE of Milford, Utah",earthquake,0.49,0.41,0.066329779479483,5,reviewed,uu,uu
2026-08-20T09:49:47.975Z,37.8058,95.4454,10,5.2,mb,100,35,6.865,0.86,us,us6000tm2y,2026-08-22T17:50:04.877Z,"270 km SSE of Dunhuang, China",earthquake,8.58,1.854,0.039,216,reviewed,us,us
2026-08-20T09:44:25.880Z,51.819,-178.8405,8.65,0.74,ml,5,255,0.02154,0.27,av,av94394983,2026-08-20T22:58:07.800Z,"152 km W of Adak, Alaska",earthquake,2.23,1.53,0.3172711356111,5,reviewed,av,av
2026-08-20T09:41:08.320Z,33.410833333333,-116.65016666667,4.38,1.16,ml,72,20,0.09276,0.21,ci,ci41531040,2026-08-20T13:51:00.660Z,"14 km N of Warner Springs, CA",earthquake,0.14,0.47,0.12258860454079,25,reviewed,ci,ci
2026-08-20T09:37:41.060Z,38.5055,-112.8865,2.67,1.51,ml,22,37,0.003917,0.09,uu,uu80149536,2026-08-20T16:28:06.400Z,"16 km NE of Milford, Utah",earthquake,0.23,0.28,0.14108091170928,4,reviewed,uu,uu
2026-08-20T09:36:49.760Z,38.508166666667,-112.89016666667,2.5,1.66,ml,33,43,0.006413,0.12,uu,uu80149531,2026-08-20T16:17:18.540Z,"16 km NE of Milford, Utah",earthquake,0.22,0.27,0.078522423247241,6,reviewed,uu,uu
2026-08-20T09:33:04.830Z,38.779834747315,-122.72116851807,1.8200000524521,1.55,md,23,77,0.01262,0.05,nc,nc75421697,2026-08-20T11:52:23.929Z,"3 km WNW of Anderson Springs, CA",earthquake,0.24,0.360000014,0.15,25,automatic,nc,nc
2026-08-20T09:33:00.320Z,36.062000274658,-120.62767028809,3.7200000286102,1.28,md,18,136,0.0264,0.09,nc,nc75421702,2026-08-20T12:17:23.099Z,"25 km NW of Parkfield, CA",earthquake,0.51,0.720000029,0.25,10,automatic,nc,nc
2026-08-20T09:30:52.720Z,-8.2215,120.6701,10,5.3,mb,60,49,3.314,0.99,us,us6000tm2v,2026-08-20T09:48:42.292Z,"48 km NNE of Ruteng, Indonesia",earthquake,8.55,1.872,0.067,74,reviewed,us,us
2026-08-20T09:28:24.330Z,46.7295,-121.125,7.66,1.14,ml,21,116,0.1962,0.12,uw,uw714081932,2026-08-20T18:33:01.150Z,"17 km SW of Nile, Washington",earthquake,0.4,0.46,0.087431181653296,4,reviewed,uw,uw
2026-08-20T09:24:33.430Z,38.509,-112.88633333333,2.91,0.86,md,13,104,0.00623,0.07,uu,uu80149526,2026-08-20T16:08:12.650Z,"16 km NE of Milford, Utah",earthquake,0.27,0.33,0.31262227165432,4,reviewed,uu,uu
2026-08-20T09:19:15.251Z,50.969,-178.546,6.3,2.2,ml,25,231,0.6,0.6,ak,aka2026qljsem,2026-08-21T02:38:43.521Z,"166 km SW of Adak, Alaska",earthquake,6,2.6001,0.1,18,reviewed,ak,ak
2026-08-20T09:13:39.780Z,35.00583333,-97.38866667,5.34,0.8,ml,26,104,0.1340736902,0.27,ok,ok2026qgtm,2026-08-21T13:15:55.858Z,"2 km WSW of Purcell, Oklahoma",earthquake,,2,0.21,14,reviewed,ok,ok
2026-08-20T09:09:06.950Z,33.675,-116.73966666667,13.42,0.14,ml,18,96,0.04187,0.1,ci,ci41531032,2026-08-20T13:50:48.870Z,"7 km SSW of Idyllwild, CA",earthquake,0.24,0.52,0.13730235218509,3,reviewed,ci,ci
2026-08-20T09:01:49.240Z,36.686500549316,-121.436668396,4.210000038147,1.33,md,11,95,0.06452,0.05,nc,nc75421692,2026-08-20T09:37:22.064Z,"15 km NNE of Chualar, CA",earthquake,0.34,1.38,0.23,6,automatic,nc,nc
2026-08-20T08:56:09.899Z,54.699,-161.571,74.3,2.1,ml,22,218,0.5,0.5,ak,aka2026qliydd,2026-08-21T02:36:05.004Z,"62 km SE of King Cove, Alaska",earthquake,16.8,8.226,0.2,12,reviewed,ak,ak
2026-08-20T08:55:47.610Z,45.341333333333,-112.53816666667,7.91,1.31,ml,7,121,0.09276,0.09,mb,mb90205683,2026-08-21T15:46:19.510Z,"15 km NNE of Dillon, Montana",earthquake,0.79,2.28,0.18750497867526,16,reviewed,mb,mb
2026-08-20T08:53:58.163Z,-8.0089,120.6397,30.903,4.8,mb,35,87,3.103,0.91,us,us6000tm2t,2026-08-29T08:38:33.040Z,"69 km NNE of Ruteng, Indonesia",earthquake,8.75,5.917,0.105,28,reviewed,us,us
2026-08-20T08:53:54.972Z,53.4332,-163.473,35,2.6,ml,18,241,1.232,0.58,us,us6000tmcx,2026-08-29T08:33:06.040Z,"158 km S of False Pass, Alaska",earthquake,3.22,2.022,0.105,12,reviewed,us,us
2026-08-20T08:51:52.871Z,32.407,-102.13,7.0557,0.6,ml,21,59,0,0.2,tx,tx2026qisjql,2026-08-20T13:30:47.551Z,"39 km ENE of McKinney Acres, Texas",earthquake,0.70443656881111,0.51825561052916,0.2,11,reviewed,tx,tx
2026-08-20T08:49:05.997Z,50.982,-178.501,7.5,2.2,ml,21,230,0.6,0.5,ak,aka2026qlisbc,2026-08-21T02:31:59.153Z,"163 km SW of Adak, Alaska",earthquake,6.8,2.9607,0.1,17,reviewed,ak,ak
2026-08-20T08:46:52.970Z,60.37,-139.592,2.9,1.7,ml,15,90,0.7,0.6,ak,aka2026qliqde,2026-08-21T02:29:36.916Z,"92 km N of Yakutat, Alaska",earthquake,3.7,2.8401,0.2,14,reviewed,ak,ak
2026-08-20T08:35:32.140Z,56.899,-158.1305,3.48,0.01,ml,6,163,0.02782,0.31,av,av94394893,2026-08-20T22:54:37.510Z,"69 km NNE of Chignik, Alaska",earthquake,0.91,2.2,0.31067191185292,6,reviewed,av,av
2026-08-20T08:34:05.382Z,62.438,-151.409,92.9,1.5,ml,19,112,0.3,0.6,ak,aka2026qlifat,2026-08-21T02:20:42.192Z,"33 km WSW of Petersville, Alaska",earthquake,4.4,4.2543,0.1,14,reviewed,ak,ak
2026-08-20T08:32:09.410Z,18.775333333333,-65.017333333333,26.19,3.01,md,14,216,0.4246,0.27,pr,pr71529103,2026-08-29T08:27:01.040Z,"48 km N of Charlotte Amalie, U.S. Virgin Islands",earthquake,2.37,10.17,0.097353056697867,9,reviewed,pr,pr
2026-08-20T08:29:36.035Z,57.827,-154.088,43.1,2.4,ml,42,52,0.3,0.7,ak,aka2026qlibdf,2026-08-21T02:18:40.242Z,"32 km NNW of Larsen Bay, Alaska",earthquake,3,4.8329,0.2,31,reviewed,ak,ak
2026-08-20T08:27:02.155Z,38.442,-116.5065,6.2916,2.58,ml,10,150,0.215,0.1365,nn,nn00923566,2026-08-29T08:16:24.040Z,"75 km ENE of Tonopah, Nevada",earthquake,,4.1061,0.36,4,reviewed,nn,nn
2026-08-20T08:25:50.773Z,60.5726,-139.8902,5,2.5,ml,30,85,0.603,1.03,us,us6000tm2l,2026-08-29T06:48:59.040Z,"114 km N of Yakutat, Alaska",earthquake,1.89,1.998,0.045,64,reviewed,us,us
2026-08-20T08:25:04.330Z,33.517666666667,-116.738,4.61,0.06,ml,21,44,0.04758,0.08,ci,ci41531024,2026-08-20T15:36:27.992Z,"7 km SW of Anza, CA",earthquake,0.14,0.21,0.096558454640821,10,reviewed,ci,ci
2026-08-20T08:24:43.560Z,33.197,-116.0415,8.11,1.01,ml,26,55,0.05838,0.19,ci,ci41531016,2026-08-20T14:16:38.109Z,"10 km NE of Ocotillo Wells, CA",earthquake,0.27,0.66,0.30881543557291,20,reviewed,ci,ci
2026-08-20T08:20:29.310Z,33.416,-116.64166666667,6.68,0.51,ml,38,63,0.08514,0.16,ci,ci41531008,2026-08-20T13:53:09.180Z,"15 km N of Warner Springs, CA",earthquake,0.18,0.45,0.095358639692645,11,reviewed,ci,ci
2026-08-20T08:19:45.943Z,61.602,-148.287,23.1,1.8,ml,32,60,0.2,0.9,ak,aka2026qlhspj,2026-08-21T02:12:21.119Z,"23 km SSE of Chickaloon, Alaska",earthquake,2.7,1.8551,0.2,27,reviewed,ak,ak
2026-08-20T08:12:26.189Z,-8.0045,120.2804,7.089,4.3,mb,16,116,3.017,0.62,us,us7000tc6f,2026-08-29T06:46:53.040Z,"69 km NE of Labuan Bajo, Indonesia",earthquake,9.03,4.283,0.148,13,reviewed,us,us
2026-08-20T08:11:03.960Z,52.811166666667,-169.73366666667,7.89,0.86,ml,6,139,0.02546,0.18,av,av94394848,2026-08-20T22:51:07.130Z,"60 km WSW of Nikolski, Alaska",earthquake,3.25,1.79,0.25499815599707,6,reviewed,av,av
2026-08-20T08:07:00.250Z,46.846333333333,-121.76616666667,0.47,0.3,ml,15,124,0.01893,0.05,uw,uw714081922,2026-08-20T18:24:45.450Z,"22 km ENE of Ashford, Washington",earthquake,0.22,0.41,0.33115785999783,3,reviewed,uw,uw
2026-08-20T08:02:30.620Z,52.079,-176.125,-1.78,0.01,ml,6,134,0.02615,0.33,av,av94394828,2026-08-20T22:45:35.810Z,"41 km ENE of Adak, Alaska",earthquake,0.86,1.88,0.16451488475731,6,reviewed,av,av
2026-08-20T08:01:33.960Z,-8.2074,120.4906,35,5,mb,44,67,3.256,1.35,us,us6000tm2k,2026-08-29T06:26:44.040Z,"44 km N of Ruteng, Indonesia",earthquake,7.99,1.772,0.084,45,reviewed,us,us
2026-08-20T07:58:26.702Z,-8.0268,120.5156,10,4.5,mb,15,118,3.088,1.13,us,us7000tc6d,2026-08-29T06:12:41.040Z,"64 km N of Ruteng, Indonesia",earthquake,7.29,1.924,0.18,9,reviewed,us,us
2026-08-20T07:57:00.002Z,32.008,-103.239,6.1511,1.6,ml,11,103,0.1,0.1,tx,tx2026qiqoid,2026-08-20T13:18:37.034Z,"12 km SSW of Jal, New Mexico",earthquake,0.7562863292629,1.6447723549412,0.2,10,reviewed,tx,tx
2026-08-20T07:55:03.944Z,-8.2667,120.3323,15.891,5,mb,29,104,3.282,1.04,us,us6000tm2j,2026-08-29T06:06:12.040Z,"40 km NNW of Ruteng, Indonesia",earthquake,9.24,5.141,0.106,28,reviewed,us,us
2026-08-20T07:50:33.124Z,-8.2387,120.608,32.7,4.5,mb,15,117,3.314,0.39,us,us7000tc6c,2026-08-29T06:01:48.040Z,"44 km NNE of Ruteng, Indonesia",earthquake,9.88,6.346,0.156,12,reviewed,us,us
2026-08-20T07:48:15.352Z,-21.2697,-68.8556,124.994,4.2,mb,15,82,0.636,0.84,us,us6000tm2i,2026-08-29T05:58:05.040Z,"62 km W of Ollagüe, Chile",earthquake,6.71,3.788,0.186,8,reviewed,us,us
2026-08-20T07:40:02.120Z,33.415166666667,-116.64566666667,5.49,0.69,ml,47,35,0.08725,0.19,ci,ci41531000,2026-08-20T13:55:14.730Z,"15 km N of Warner Springs, CA",earthquake,0.17,0.7,0.15247997485623,15,reviewed,ci,ci
2026-08-20T07:36:42.070Z,52.8275,-169.74183333333,7.36,1.37,ml,6,145,0.04255,0.08,av,av94394808,2026-08-20T22:40:06.370Z,"60 km WSW of Nikolski, Alaska",earthquake,1.11,1,0.28599902765261,7,reviewed,av,av
2026-08-20T07:36:03.715Z,51.1193,159.5735,10,4.3,mb,14,227,1.99,1.1,us,us7000tc6b,2026-08-29T05:48:45.040Z,"216 km SSE of Vilyuchinsk, Russia",earthquake,11.55,1.994,0.168,10,reviewed,us,us
2026-08-20T07:28:42.130Z,36.064666666667,-117.83983333333,2.69,0.74,ml,16,65,0.05419,0.13,ci,ci41530992,2026-08-20T13:54:26.239Z,"10 km ENE of Coso Junction, CA",earthquake,0.18,0.77,0.10887112768341,10,reviewed,ci,ci
2026-08-20T07:27:57.940Z,46.228666666667,-122.06783333333,13.15,0.98,ml,29,68,0.05093,0.1,uw,uw714081912,2026-08-20T18:15:41.460Z,"39 km SSE of Morton, Washington",earthquake,0.21,0.49,0.21676222216338,3,reviewed,uw,uw
2026-08-20T07:12:45.770Z,35.918666666667,-117.7315,8.5,0.47,ml,18,67,0.07201,0.09,ci,ci41530976,2026-08-20T17:46:04.622Z,"16 km E of Little Lake, CA",earthquake,0.15,0.39,0.13572121360143,7,reviewed,ci,ci
2026-08-20T07:08:51.939Z,32.442,-102.109,6.1279,0.6,ml,19,76,0,0.1,tx,tx2026qioyvp,2026-08-20T13:35:55.039Z,"35 km SSW of Los Ybanez, Texas",earthquake,0.69534106951832,0.74791900943635,0.1,7,reviewed,tx,tx
2026-08-20T07:06:57.120Z,36.111666666667,-117.77116666667,7.36,0.88,ml,23,46,0.06802,0.16,ci,ci41530968,2026-08-20T14:00:28.673Z,"18 km ENE of Coso Junction, CA",earthquake,0.24,0.54,0.27679271562745,12,reviewed,ci,ci
2026-08-20T07:04:37.376Z,28.695,-99.164,6.6894,1.7,ml,20,49,0,0.3,tx,tx2026qiovgf,2026-08-20T12:31:43.238Z,"1 km E of Hilltop, Texas",earthquake,1.9224576434767,0.6357309556493,0.2,11,reviewed,tx,tx
2026-08-20T07:03:24.830Z,35.680666666667,-117.48733333333,4.35,0.85,ml,20,54,0.05408,0.15,ci,ci41530960,2026-08-20T14:00:35.782Z,"12 km SW of Searles Valley, CA",earthquake,0.26,0.55,0.22310372002337,8,reviewed,ci,ci
2026-08-20T07:03:13.505Z,51.402,-175.636,19.3,2,ml,15,243,0.6,0.3,ak,aka2026qlfefw,2026-08-21T02:07:10.766Z,"86 km SE of Adak, Alaska",earthquake,8.1,4.8972,0.2,11,reviewed,ak,ak
2026-08-20T07:00:38.330Z,35.7715,-117.58666666667,7.87,0.8,ml,20,66,0.04502,0.16,ci,ci41530952,2026-08-20T14:00:32.768Z,"16 km W of Searles Valley, CA",earthquake,0.26,0.52,0.099280861262613,7,reviewed,ci,ci
2026-08-20T06:56:35.365Z,56.985,-154.616,9.6,1.8,ml,16,116,0.5,0.7,ak,aka2026qleymc,2026-08-21T02:04:23.035Z,"27 km W of Akhiok, Alaska",earthquake,5.6,3.3975,0.3,12,reviewed,ak,ak
2026-08-20T06:55:46.780Z,51.4374,159.6591,10,4.6,mb,25,128,1.705,0.98,us,us7000tc69,2026-08-29T05:39:31.040Z,"187 km SSE of Vilyuchinsk, Russia",earthquake,7.75,1.888,0.132,17,reviewed,us,us
2026-08-20T06:53:05.730Z,33.643333333333,-116.70633333333,14.49,0.25,ml,23,54,0.03724,0.09,ci,ci41530944,2026-08-20T15:57:09.124Z,"10 km NNW of Anza, CA",earthquake,0.17,0.32,0.17040285409886,14,reviewed,ci,ci
2026-08-20T06:51:57.768Z,59.822,-141.58,13.7,1.5,ml,17,194,0.4,0.9,ak,aka2026qleujq,2026-08-21T01:49:08.290Z,"108 km WNW of Yakutat, Alaska",earthquake,5.7,2.6362,0.1,12,reviewed,ak,ak
2026-08-20T06:50:02.500Z,33.328833333333,-116.36533333333,10.52,1.58,ml,82,17,0.002588,0.19,ci,ci41530936,2026-08-20T14:01:20.740Z,"8 km N of Borrego Springs, CA",earthquake,0.13,0.27,0.13153992398238,26,reviewed,ci,ci
2026-08-20T06:41:24.315Z,52.368,-168.462,33.7,2.4,ml,15,263,0.7,0.2,ak,aka2026qleliq,2026-08-21T01:46:24.539Z,"69 km SSE of Nikolski, Alaska",earthquake,8.9,10.3543,0.1,13,reviewed,ak,ak
2026-08-20T06:20:57.120Z,52.832833333333,-169.73366666667,5.91,1.08,ml,6,148,0.04677,0.27,av,av94394738,2026-08-20T22:32:34.910Z,"59 km WSW of Nikolski, Alaska",earthquake,2.93,3.49,0.22373834731737,6,reviewed,av,av
2026-08-20T06:15:56.020Z,32.944333333333,-116.26833333333,11.87,0.75,ml,18,105,0.0312,0.11,ci,ci41530928,2026-08-20T14:16:34.018Z,"26 km SSW of Ocotillo Wells, CA",earthquake,0.2,0.29,0.4762110136684,7,reviewed,ci,ci
2026-08-20T06:12:20.050Z,35.79866667,-96.65183333,8.51,0.94,ml,68,57,0.1322740433,0.21,ok,ok2026qgnm,2026-08-21T13:02:41.212Z,"5 km N of Stroud, Oklahoma",earthquake,,2,0.22,34,reviewed,ok,ok
2026-08-20T06:11:36.740Z,36.560665130615,-121.172996521,1.9500000476837,1.3,md,8,89,0.01487,0.33,nc,nc75421687,2026-08-20T08:22:20.497Z,"4 km NW of Pinnacles, CA",earthquake,1.24,1.36000001,0.11,7,automatic,nc,nc
2026-08-20T05:53:59.450Z,52.850666666667,-169.71433333333,1.09,1.43,ml,6,156,0.06438,0.25,av,av94394713,2026-08-20T22:25:02.220Z,"58 km W of Nikolski, Alaska",earthquake,0.55,0.65,0.20457803070832,6,reviewed,av,av
2026-08-20T05:53:06.230Z,52.827833333333,-169.74633333333,8.09,1.63,ml,6,145,0.04369,0.23,av,av94394708,2026-08-20T22:27:02.470Z,"60 km WSW of Nikolski, Alaska",earthquake,2.04,1.73,0.19538828176043,9,reviewed,av,av
2026-08-20T05:52:52.864Z,38.2738,-116.8591,1.9678,1.69,ml,9,206,0.92,0.4351,nn,nn00923558,2026-08-20T05:56:56.704Z,"39 km NE of Tonopah, Nevada",earthquake,,2.9521,0.61,3,automatic,nn,nn
2026-08-20T05:51:25.190Z,52.8005,-169.74883333333,9.3,1.11,ml,6,136,0.02104,0.19,av,av94394703,2026-08-20T22:29:33.710Z,"61 km WSW of Nikolski, Alaska",earthquake,2.34,1.27,0.25428039515107,6,reviewed,av,av
2026-08-20T05:49:40.560Z,19.345167160034,-155.85766601562,16.680000305176,1.78,md,30,208,0.08212,0.140000001,hv,hv75021117,2026-08-20T05:53:35.580Z,"12 km S of Honaunau-Napoopoo, Hawaii",earthquake,0.48,1.42999995,0.18070231133728,11,automatic,hv,hv
2026-08-20T05:45:20.660Z,33.046166666667,-116.38416666667,13.5,0.33,ml,18,99,0.07742,0.17,ci,ci41530920,2026-08-20T14:01:39.219Z,"21 km E of Julian, CA",earthquake,0.31,0.7,0.14035898937373,4,reviewed,ci,ci
2026-08-20T05:40:12.860Z,35.035166666667,-118.36533333333,5.06,0.85,ml,26,61,0.04856,0.15,ci,ci41530912,2026-08-20T14:02:39.227Z,"13 km SE of Tehachapi, CA",earthquake,0.23,0.78,0.18241308042729,11,reviewed,ci,ci
2026-08-20T05:39:49.981Z,63.008,-150.949,125.2,3,ml,155,27,0.5,0.9,ak,aka2026qlcjyh,2026-08-29T05:28:16.040Z,"57 km N of Petersville, Alaska",earthquake,1.9,1.8671,0.2,110,reviewed,ak,ak
2026-08-20T05:37:25.830Z,36.712,-115.7455,7.2091,2.72,ml,46,136,0.146,0.1513,nn,nn00923551,2026-08-29T05:26:30.040Z,"17 km NNW of Indian Springs, Nevada",earthquake,,1.3757,0.44,18,reviewed,nn,nn
2026-08-20T05:34:55.410Z,33.574166666667,-116.7985,8.15,0.14,ml,16,72,0.0347,0.06,ci,ci41530904,2026-08-20T18:03:27.321Z,"12 km W of Anza, CA",earthquake,0.23,0.37,0.20691844019599,7,reviewed,ci,ci
2026-08-20T05:34:17.230Z,33.3525,-116.3445,11.25,0.62,ml,39,47,0.03082,0.18,ci,ci41530896,2026-08-20T14:02:55.006Z,"11 km NNE of Borrego Springs, CA",earthquake,0.2,0.35,0.16769365012882,10,reviewed,ci,ci
2026-08-20T05:32:00.790Z,47.918,-123.09833333333,4.73,0.19,md,5,303,0.1639,0.19,uw,uw714081902,2026-08-20T18:10:40.360Z,"13 km SSW of Blyn, Washington",earthquake,1.31,31.61,0.15692057041839,3,reviewed,uw,uw
2026-08-20T05:28:40.768Z,36.4519,140.7756,49.9,4.3,mb,37,201,2.07,0.59,us,us6000tm2a,2026-08-29T05:25:57.119Z,"18 km E of Funaishikawa, Japan",earthquake,11.51,10.6,0.101,28,reviewed,us,us
2026-08-20T05:28:26.110Z,47.799166666667,-122.81033333333,20.19,0.9,ml,11,127,0.04655,0.16,uw,uw714081892,2026-08-20T20:06:00.620Z,"5 km ESE of Quilcene, Washington",earthquake,0.58,0.66,0.033208185002356,4,reviewed,uw,uw
2026-08-20T05:28:24.640Z,35.320666666667,-117.81066666667,7.65,2.13,ml,56,32,0.06041,0.17,ci,ci41530888,2026-08-20T14:17:13.720Z,"17 km WSW of Johannesburg, CA",earthquake,0.13,0.39,0.21691111795224,25,reviewed,ci,ci
2026-08-20T05:20:39.850Z,38.820331573486,-122.75866699219,1.6599999666214,0.75,md,9,135,0.0134,0.02,nc,nc75421672,2026-08-20T05:47:22.425Z,"3 km W of Cobb, CA",earthquake,0.42,0.730000019,0.2,11,automatic,nc,nc
2026-08-20T05:17:53.658Z,31.715,-104.274,7.074,2.1,ml,41,58,0,0.2,tx,tx2026qilhgi,2026-08-20T07:17:14.794Z,"51 km S of Whites City, New Mexico",earthquake,0.5629500031557,0.71459055687328,0.1,29,reviewed,tx,tx
2026-08-20T05:14:26.250Z,35.08083333,-97.82816667,7.48,1.12,ml,68,90,0.07018622707,0.31,ok,ok2026qglp,2026-08-21T12:57:30.767Z,"9 km SSE of Amber, Oklahoma",earthquake,,0.4,0.21,32,reviewed,ok,ok
2026-08-20T05:12:14.854Z,52.715,-169.72,18,2,ml,11,239,0.1,0.2,ak,aka2026qlbmaj,2026-08-21T01:41:57.534Z,"63 km WSW of Nikolski, Alaska",earthquake,21.4,3.8564,0.3,9,reviewed,ak,ak
2026-08-20T05:11:23.281Z,58.673,-154.695,5,0.3,ml,6,211,0.2,0.1,ak,aka2026qlblhb,2026-08-20T22:21:31.950Z,"85 km S of Kokhanok, Alaska",earthquake,16.4,,0.2,5,automatic,ak,ak
2026-08-20T05:08:59.619Z,-7.8919,120.4649,9.879,4.6,mb,19,92,2.945,1.09,us,us7000tc66,2026-08-29T05:01:09.040Z,"79 km N of Ruteng, Indonesia",earthquake,9.43,4.884,0.147,14,reviewed,us,us
2026-08-20T05:07:36.620Z,60.426333333333,-152.8495,4.7,-0.63,ml,7,244,0.03796,0.05,av,av94394643,2026-08-20T22:18:01.510Z,"77 km WNW of Ninilchik, Alaska",earthquake,0.48,0.64,0.14287425455517,7,reviewed,av,av
2026-08-20T05:01:45.656Z,52.2019,176.4245,75.759,2.6,ml,8,177,1.311,0.5,us,us6000tmcl,2026-08-29T04:47:58.040Z,"231 km ESE of Attu Station, Alaska",earthquake,12.6,26.091,0.128,8,reviewed,us,us
2026-08-20T04:57:50.741Z,52.181,-168.048,1.4,2.5,ml,14,267,0.9,0.5,ak,aka2026qlazoq,2026-08-21T01:39:37.057Z,"100 km SSE of Nikolski, Alaska",earthquake,9.4,5.7488,0.2,10,reviewed,ak,ak
2026-08-20T04:57:07.100Z,38.82149887085,-122.8441696167,1.6799999475479,0.67,md,12,89,0.00732,0.01,nc,nc75421667,2026-08-20T05:32:21.335Z,"9 km WNW of The Geysers, CA",earthquake,0.29,0.720000029,0.37,12,automatic,nc,nc
2026-08-20T04:52:52.400Z,35.280833333333,-118.61483333333,5.55,1.01,ml,30,93,0.07828,0.16,ci,ci41530872,2026-08-20T14:04:12.885Z,"21 km ENE of Arvin, CA",earthquake,0.19,0.8,0.11851764374294,12,reviewed,ci,ci
2026-08-20T04:52:51.796Z,-24.4187,-70.4642,35.275,4.7,mwr,52,135,0.905,1.05,us,us6000tm25,2026-08-20T05:07:57.040Z,"85 km S of Antofagasta, Chile",earthquake,3.78,6.314,0.05,38,reviewed,us,us
2026-08-20T04:52:04.090Z,52.825833333333,-169.74433333333,8.08,1.55,ml,5,155,0.0414,0.08,av,av94394628,2026-08-20T22:15:01.280Z,"60 km WSW of Nikolski, Alaska",earthquake,1.31,0.96,0.26028003985307,9,reviewed,av,av
2026-08-20T04:49:45.583Z,51.9888,176.2852,6.546,3,ml,11,192,1.378,0.59,us,us6000tmbv,2026-08-21T22:57:15.040Z,"231 km ESE of Attu Station, Alaska",earthquake,7,10.874,0.115,10,reviewed,us,us
2026-08-20T04:48:47.400Z,60.992,-147.516,1.6,1.5,ml,14,83,0.2,0.4,ak,aka2026qlarrt,2026-08-20T23:25:41.244Z,"47 km WNW of Tatitlek, Alaska",earthquake,3.5,6.0751,0.1,11,reviewed,ak,ak
2026-08-20T04:45:06.000Z,52.835666666667,-169.73416666667,6.62,1.42,ml,5,161,0.04962,0.08,av,av94394613,2026-08-20T22:12:30.020Z,"59 km WSW of Nikolski, Alaska",earthquake,1.33,1.4,0.2494547461328,8,reviewed,av,av
2026-08-20T04:43:41.704Z,32.279,-101.723,6.7139,0.5,ml,15,54,0,0.1,tx,tx2026qikdtr,2026-08-20T10:38:30.608Z,"17 km NNE of Stanton, Texas",earthquake,0.52041963092149,1.2136557090848,0.2,8,reviewed,tx,tx
2026-08-20T04:37:31.649Z,32.405,-102.126,7.3975,0.5,ml,22,69,0,0.1,tx,tx2026qijyla,2026-08-20T08:14:20.565Z,"39 km ENE of McKinney Acres, Texas",earthquake,0.60383342626478,0.6091580100296,0.2,9,reviewed,tx,tx
2026-08-20T04:36:44.720Z,50.7664,-172.2564,35,2.8,ml,13,246,1.881,0.57,us,us6000tmbt,2026-08-21T22:59:30.040Z,"208 km SE of Atka, Alaska",earthquake,8.56,2.023,0.105,12,reviewed,us,us
2026-08-20T04:35:26.720Z,47.449333333333,-122.38116666667,4.78,0.98,ml,11,132,0.3067,0.19,uw,uw714081872,2026-08-20T17:26:04.050Z,"3 km WNW of Normandy Park, Washington",earthquake,0.93,31.61,0.12354302402079,2,reviewed,uw,uw
2026-08-20T04:35:16.530Z,37.056833333333,-88.779833333333,13.86,2.47,md,46,57,0.01284,0.13,nm,nm60627091,2026-08-21T22:26:05.351Z,"6 km NW of Massac, Kentucky",earthquake,0.22,0.35,0.063487724926785,35,reviewed,nm,nm
2026-08-20T04:34:14.270Z,46.7935,-112.5515,-0.45,1.47,ml,17,71,0.09236,0.3,mb,mb90205678,2026-08-25T13:38:02.750Z,"19 km WNW of Marysville, Montana",earthquake,0.64,1.21,0.19298165985067,13,reviewed,mb,mb
2026-08-20T04:33:23.405Z,-7.9704,120.3917,10,4.6,mb,15,126,3.005,0.83,us,us6000tm22,2026-08-20T05:18:39.040Z,"71 km N of Ruteng, Indonesia",earthquake,9.36,1.93,0.157,13,reviewed,us,us
2026-08-20T04:29:04.672Z,62.56,-151.2,7.1,1.8,ml,20,61,0.2,0.9,ak,aka2026qlaapt,2026-08-20T23:18:23.461Z,"23 km WNW of Petersville, Alaska",earthquake,2.6,2.0169,0.1,16,reviewed,ak,ak
2026-08-20T04:28:59.430Z,38.806499481201,-122.7988357544,3.4300000667572,0.76,md,10,84,0.003126,0.02,nc,nc75421657,2026-08-20T04:52:21.085Z,"5 km NW of The Geysers, CA",earthquake,0.46,0.839999974,0.15,11,automatic,nc,nc
2026-08-20T04:23:57.331Z,-8.386,120.3951,10,4.6,mb,21,120,3.41,1.11,us,us6000tm1y,2026-08-20T05:10:34.040Z,"26 km NNW of Ruteng, Indonesia",earthquake,8.56,1.918,0.137,16,reviewed,us,us
2026-08-20T04:17:49.511Z,32.149,-101.056,6.9092,1.7,ml,36,69,0.2,0.2,tx,tx2026qijhml,2026-08-20T07:38:04.313Z,"23 km S of Westbrook, Texas",earthquake,0.67675891627589,1.7885201958848,0.2,15,reviewed,tx,tx
2026-08-20T04:17:34.830Z,61.329,-152.2635,-0.49,-0.04,ml,11,129,0.08237,0.05,av,av94394573,2026-08-20T22:10:59.820Z,"66 km WNW of Beluga, Alaska",earthquake,0.2,3.18,0.22386437903461,13,reviewed,av,av
2026-08-20T04:14:25.650Z,52.821333333333,-169.73566666667,7.93,1.61,ml,6,143,0.03565,0.23,av,av94394568,2026-08-20T22:05:59.430Z,"60 km WSW of Nikolski, Alaska",earthquake,2.29,1.75,0.18810351281907,9,reviewed,av,av
2026-08-20T04:11:48.210Z,52.842333333333,-169.74166666667,7.28,1.32,ml,5,244,0.05698,0.07,av,av94394563,2026-08-20T22:02:58.230Z,"60 km W of Nikolski, Alaska",earthquake,1.02,1.86,0.33584467338635,5,reviewed,av,av
2026-08-20T04:06:36.760Z,38.794334411621,-122.76149749756,0.31999999284744,0.8,md,9,72,0.006434,0.03,nc,nc75421652,2026-08-20T04:27:21.919Z,"2 km NNW of The Geysers, CA",earthquake,0.33,0.620000005,0.11,11,automatic,nc,nc
2026-08-20T04:05:38.550Z,38.792835235596,-122.75949859619,0.89999997615814,2.27,md,63,87,,0.06,nc,nc75421647,2026-08-20T06:17:24.623Z,"2 km N of The Geysers, CA",earthquake,0.13,0.180000007,0.14,63,automatic,nc,nc
2026-08-20T04:03:38.530Z,36.065666666667,-117.83616666667,2.8,0.82,ml,19,61,0.05397,0.09,ci,ci41530856,2026-08-20T14:04:16.914Z,"10 km ENE of Coso Junction, CA",earthquake,0.13,0.41,0.17936653784305,12,reviewed,ci,ci
2026-08-20T04:00:45.423Z,36.7138,-115.758,3.4591,2.11,ml,38,139,0.152,0.1377,nn,nn00923544,2026-08-21T02:04:12.367Z,"17 km NNW of Indian Springs, Nevada",earthquake,,3.2021,0.31,14,reviewed,nn,nn
2026-08-20T03:57:05.120Z,18.743166666667,-67.600333333333,20.48,2.94,md,12,210,0.3749,0.22,pr,pr71529088,2026-08-20T10:46:08.130Z,"57 km NW of Rincón, Puerto Rico",earthquake,1.06,15.34,0.10572260520502,6,reviewed,pr,pr
2026-08-20T03:56:50.069Z,60.582,-140.003,11.3,2,ml,14,76,0.5,0.7,ak,aka2026qkyyqi,2026-08-20T23:15:49.368Z,"116 km N of Yakutat, Alaska",earthquake,3.6,2.7535,0.2,12,reviewed,ak,ak
2026-08-20T03:54:52.290Z,19.426666666667,-155.5905,41.25,1.73,ml,30,71,0.04069,0.21,hv,hv75021097,2026-08-21T01:23:52.830Z,"27 km NNW of Pāhala, Hawaii",earthquake,0.56,0.92,0.25525389482937,13,reviewed,hv,hv
2026-08-20T03:54:39.460Z,18.941833333333,-64.723,26.94,2.77,md,4,284,0.5279,0.21,pr,pr71529118,2026-08-20T10:24:26.400Z,"67 km N of Cruz Bay, U.S. Virgin Islands",earthquake,4.1,18.89,0.074658724378162,3,reviewed,pr,pr
2026-08-20T03:53:21.630Z,33.761666666667,-117.51716666667,5.93,0.99,ml,13,76,0.08189,0.07,ci,ci41530848,2026-08-20T14:16:42.153Z,"13 km NNE of Trabuco Canyon, CA",earthquake,0.18,0.43,0.56854770976437,14,reviewed,ci,ci
2026-08-20T03:52:00.740Z,46.497333333333,-122.39433333333,-0.7,1.38,ml,39,78,0.1333,0.44,uw,uw714081862,2026-08-20T17:01:33.960Z,"7 km ESE of Mossyrock, Washington",earthquake,0.46,1.37,0.15980303365875,6,reviewed,uw,uw
2026-08-20T03:45:47.490Z,51.809166666667,-178.66516666667,8.83,1.11,ml,5,317,0.05868,0.33,av,av94394533,2026-08-20T21:52:28.530Z,"140 km W of Adak, Alaska",earthquake,3.99,2.98,0.40770392092963,5,reviewed,av,av
2026-08-20T03:31:17.310Z,33.416333333333,-116.63983333333,6.58,0.76,ml,40,35,0.08425,0.12,ci,ci41530840,2026-08-20T14:17:05.520Z,"15 km N of Warner Springs, CA",earthquake,0.12,0.3,0.13568175377411,18,reviewed,ci,ci
2026-08-20T03:13:29.660Z,35.282166666667,-118.61166666667,3.37,1.46,ml,39,63,0.08113,0.18,ci,ci41530832,2026-08-20T14:06:34.840Z,"21 km ENE of Arvin, CA",earthquake,0.19,0.45,0.20319670792707,28,reviewed,ci,ci
2026-08-20T03:10:05.790Z,17.957333333333,-67.048333333333,15.5,2.32,md,13,227,0.01265,0.16,pr,pr71529078,2026-08-20T10:17:09.100Z,"1 km S of La Parguera, Puerto Rico",earthquake,0.7,0.58,0.17043974510621,7,reviewed,pr,pr
2026-08-20T03:09:06.998Z,-24.3365,-67.1154,166.707,4.7,mb,60,48,1.688,1.38,us,us6000tm1m,2026-08-20T03:24:10.040Z,"81 km W of San Antonio de los Cobres, Argentina",earthquake,7.08,6.931,0.04,191,reviewed,us,us
2026-08-20T03:07:04.610Z,35.01016667,-97.41383333,7.84,0.81,ml,22,69,0.1133777514,0.38,ok,ok2026qghj,2026-08-21T12:51:54.072Z,"4 km W of Purcell, Oklahoma",earthquake,,2.8,0.26,15,reviewed,ok,ok
2026-08-20T03:00:57.597Z,-8.2547,120.662,10,4.7,mb,16,122,3.344,0.94,us,us6000tm1l,2026-08-20T03:15:43.040Z,"45 km NNE of Ruteng, Indonesia",earthquake,8.41,1.907,0.159,12,reviewed,us,us
2026-08-20T02:58:56.527Z,62.994,-151.01,118.5,2.6,ml,96,32,0.5,0.8,ak,aka2026qkxamm,2026-08-21T23:05:28.040Z,"56 km NNW of Petersville, Alaska",earthquake,2.3,2.2002,0.2,68,reviewed,ak,ak
2026-08-20T02:52:02.580Z,38.817665100098,-122.82133483887,2.1900000572205,1.11,md,22,48,0.01071,0.02,nc,nc75421637,2026-08-20T04:47:22.051Z,"7 km NW of The Geysers, CA",earthquake,0.24,0.400000006,0.16,24,automatic,nc,nc
2026-08-20T02:46:59.072Z,-8.3582,120.6104,10,5.7,mww,71,50,3.43,1.07,us,us6000tm1j,2026-08-21T02:55:30.554Z,"32 km NNE of Ruteng, Indonesia",earthquake,7.33,1.855,0.093,11,reviewed,us,us
2026-08-20T02:45:05.026Z,50.9497,178.7648,35,4,mb,64,224,0.546,0.75,us,us6000tm1i,2026-08-21T23:18:01.040Z,"Rat Islands, Aleutian Islands, Alaska",earthquake,5.48,1.983,0.073,50,reviewed,us,us
2026-08-20T02:42:24.319Z,53.2986,-165.6306,35,2.5,ml,18,222,0.814,0.61,us,us6000tm1h,2026-08-21T23:23:07.040Z,"87 km SE of Unalaska, Alaska",earthquake,2.65,1.995,0.115,10,reviewed,us,us
2026-08-20T02:31:11.910Z,33.035166666667,-116.4075,9.23,0.62,ml,24,64,0.0493,0.16,ci,ci41530816,2026-08-20T14:05:54.097Z,"19 km ESE of Julian, CA",earthquake,0.21,0.5,0.089527260468909,8,reviewed,ci,ci
2026-08-20T02:24:48.024Z,-8.2293,120.6074,10,4.7,mb,20,96,3.305,0.75,us,us6000tm1e,2026-08-21T23:26:40.040Z,"45 km NNE of Ruteng, Indonesia",earthquake,8.7,1.821,0.134,17,reviewed,us,us
2026-08-20T02:16:19.990Z,38.828666687012,-122.81466674805,2.079999923706,0.83,md,16,60,0.00637,0.02,nc,nc75421617,2026-08-20T02:32:20.125Z,"8 km NW of The Geysers, CA",earthquake,0.25,0.49000001,0.25,18,automatic,nc,nc
2026-08-20T02:07:46.940Z,33.417,-116.63883333333,6.45,0.31,ml,28,36,0.08333,0.14,ci,ci41530808,2026-08-20T14:05:50.112Z,"15 km N of Warner Springs, CA",earthquake,0.18,0.44,0.11647703556181,8,reviewed,ci,ci
2026-08-20T02:01:37.490Z,32.919666666667,-116.2555,7.46,0.8,ml,32,61,0.05324,0.17,ci,ci41530800,2026-08-20T14:06:06.887Z,"27 km SSW of Ocotillo Wells, CA",earthquake,0.25,0.43,0.13236713904779,16,reviewed,ci,ci
2026-08-20T01:49:53.500Z,18.823,-64.409166666667,4.46,3.42,md,16,277,0.3311,0.31,pr,pr71529063,2026-08-21T23:32:54.040Z,"67 km NE of Cruz Bay, U.S. Virgin Islands",earthquake,1.43,1.9,0.10205201119099,14,reviewed,pr,pr
2026-08-20T01:49:35.260Z,60.829,-151.775,79.1,1.4,ml,26,75,0.4,0.7,ak,aka2026qkusgf,2026-08-20T02:40:54.634Z,"30 km WNW of Nikiski, Alaska",earthquake,5.4,3.5008,0.2,19,reviewed,ak,ak
2026-08-20T01:44:57.640Z,44.762333333333,-111.00083333333,8.39,0.56,ml,12,131,0.004839,0.14,uu,uu80149506,2026-08-20T13:25:57.520Z,"13 km NE of West Yellowstone, Montana",earthquake,0.42,0.73,0.063875706578153,5,reviewed,uu,uu
2026-08-20T01:41:33.015Z,31.747,-103.864,6.6125,0.7,ml,21,67,0,0.2,tx,tx2026qiecwg,2026-08-20T09:51:53.726Z,"25 km W of Mentone, Texas",earthquake,0.56817813928223,0.84656815549969,0.2,7,reviewed,tx,tx
2026-08-20T01:33:35.840Z,38.513666666667,-112.88566666667,2.29,1.06,md,13,107,0.003928,0.07,uu,uu80149501,2026-08-20T13:22:14.920Z,"16 km NE of Milford, Utah",earthquake,0.29,0.38,0.35478348679826,4,reviewed,uu,uu
2026-08-20T01:33:11.226Z,61.876,-149.649,14,2.2,ml,61,33,0.4,0.8,ak,aka2026qkueba,2026-08-20T02:38:50.649Z,"25 km NE of Willow, Alaska",earthquake,2,1.6712,0.1,44,reviewed,ak,ak
2026-08-20T01:31:15.052Z,52.0042,176.3211,1.252,3,ml,11,191,1.356,0.49,us,us6000tm1g,2026-08-21T23:35:47.040Z,"232 km ESE of Attu Station, Alaska",earthquake,4.58,9.235,0.105,12,reviewed,us,us
2026-08-20T01:28:27.326Z,60.072,-151.579,66.1,1.4,ml,20,72,0.5,0.4,ak,aka2026qktzzi,2026-08-20T02:36:31.450Z,"5 km ENE of Ninilchik, Alaska",earthquake,4.4,4.7485,0.1,15,reviewed,ak,ak
2026-08-20T01:27:32.400Z,38.507833333333,-112.88,2.13,1.17,md,15,75,0.00556,0.07,uu,uu80149496,2026-08-20T13:18:31.310Z,"16 km NE of Milford, Utah",earthquake,0.23,0.32,0.63647539694214,8,reviewed,uu,uu
2026-08-20T01:25:51.190Z,35.712666666667,-117.55516666667,8.93,0.54,ml,14,123,0.1085,0.11,ci,ci41530784,2026-08-20T14:06:10.904Z,"15 km NE of Ridgecrest, CA",earthquake,0.27,0.69,0.20604955474782,5,reviewed,ci,ci
2026-08-20T01:19:04.290Z,33.6355,-116.68433333333,12.9,0.21,ml,7,104,0.03445,0.06,ci,ci10249118,2026-08-21T19:17:38.995Z,"9 km N of Anza, CA",earthquake,0.32,0.52,0.12428784558057,5,reviewed,ci,ci
2026-08-20T01:18:53.810Z,33.628,-116.69433333333,13.33,0.79,ml,40,49,0.04424,0.18,ci,ci41530776,2026-08-21T18:49:08.900Z,"8 km NNW of Anza, CA",earthquake,0.18,0.34,0.17242665640249,31,reviewed,ci,ci
2026-08-20T01:15:37.010Z,34.040833333333,-118.09666666667,9.23,0.87,ml,16,171,0.01649,0.15,ci,ci41530768,2026-08-21T18:34:43.692Z,"3 km SE of Monterey Park, CA",earthquake,0.41,0.55,0.16258061832675,15,reviewed,ci,ci
2026-08-20T01:12:49.379Z,31.876,-103.999,6.7151,0.5,ml,10,80,0,0.2,tx,tx2026qidedc,2026-08-20T11:13:08.736Z,"39 km S of Malaga, New Mexico",earthquake,0.81231735851256,1.8537506290825,0.2,5,reviewed,tx,tx
2026-08-20T01:12:13.990Z,59.992833333333,-152.89416666667,6.55,-0.06,ml,5,301,0.06676,0.08,av,av94394333,2026-08-20T21:36:56.720Z,"64 km WNW of Anchor Point, Alaska",earthquake,0.73,1.24,0.13590531977125,5,reviewed,av,av
2026-08-20T01:09:36.750Z,36.099666666667,-117.88066666667,2.86,0.83,ml,20,74,0.0275,0.12,ci,ci41530760,2026-08-20T14:06:41.740Z,"9 km NE of Coso Junction, CA",earthquake,0.19,0.35,0.17883322828412,12,reviewed,ci,ci
2026-08-20T01:04:40.960Z,36.0985,-117.88166666667,2.58,0.96,ml,20,73,0.02887,0.14,ci,ci41530752,2026-08-20T14:06:45.750Z,"8 km NE of Coso Junction, CA",earthquake,0.19,0.31,0.196919923955,13,reviewed,ci,ci
2026-08-20T01:04:00.195Z,36.7076,-115.7579,7.4994,1.72,ml,30,81,0.146,0.1457,nn,nn00923541,2026-08-21T02:03:52.841Z,"17 km NNW of Indian Springs, Nevada",earthquake,,1.6889,0.31,14,reviewed,nn,nn
2026-08-20T01:02:53.042Z,32.108,-101.689,7.2754,0.9,ml,45,46,0,0.2,tx,tx2026qicvnx,2026-08-20T08:03:12.434Z,"9 km ESE of Stanton, Texas",earthquake,0.64880624927921,0.85030769974795,0.2,16,reviewed,tx,tx
2026-08-20T01:00:03.590Z,35.329333333333,-117.81366666667,6.42,0.87,ml,22,98,0.06714,0.13,ci,ci41530744,2026-08-20T14:17:03.589Z,"17 km WSW of Johannesburg, CA",earthquake,0.26,0.32,0.1312792243068,10,reviewed,ci,ci
2026-08-20T00:46:58.820Z,61.318333333333,-152.264,3.19,-0.55,ml,6,178,0.07457,0.06,av,av94394308,2026-08-20T21:34:54.540Z,"66 km WNW of Beluga, Alaska",earthquake,0.68,0.72,0.11049916334767,6,reviewed,av,av
2026-08-20T00:31:38.250Z,61.468666666667,-152.60233333333,2.24,0.1,ml,10,199,0.1133,0.14,av,av94394273,2026-08-20T21:33:24.350Z,"86 km SW of Skwentna, Alaska",earthquake,0.94,1.46,0.16871371037963,10,reviewed,av,av
2026-08-20T00:24:36.370Z,38.848667144775,-122.84666442871,1.2999999523163,0.73,md,16,109,0.01332,0.03,nc,nc75421577,2026-08-20T00:52:19.488Z,"11 km WNW of Cobb, CA",earthquake,0.27,0.449999988,0.22,15,automatic,nc,nc
2026-08-20T00:20:24.938Z,-20.324,169.1514,72.946,5,mb,46,71,2.776,1.22,us,us6000tm16,2026-08-20T00:42:16.040Z,"87 km S of Isangel, Vanuatu",earthquake,9.5,4.939,0.062,82,reviewed,us,us
2026-08-20T00:04:32.094Z,55.461,-156.669,25.1,2.1,ml,16,233,0.7,1,ak,aka2026qkrfis,2026-08-20T23:13:45.681Z,"142 km SE of Chignik, Alaska",earthquake,14.2,10.5617,0.1,12,reviewed,ak,ak
2026-08-20T00:03:13.199Z,32.293,-101.843,6.5186,0.6,ml,29,44,0,0.2,tx,tx2026qiawbm,2026-08-20T08:09:44.952Z,"18 km NNW of Stanton, Texas",earthquake,0.5678729075891,0.76487834298084,0.2,10,reviewed,tx,tx
2026-08-19T23:52:45.707Z,51.853,176.9783,10,2.7,ml,12,335,0.955,0.64,us,us6000tm1f,2026-08-20T03:07:40.040Z,"281 km ESE of Attu Station, Alaska",earthquake,6.33,1.993,0.105,12,reviewed,us,us
2026-08-19T23:49:50.750Z,19.347166666667,-155.243,28.3,1.78,ml,46,94,0.02636,0.12,hv,hv75021047,2026-08-20T03:09:15.330Z,"10 km S of Volcano, Hawaii",earthquake,0.47,0.41,0.25520244450985,8,reviewed,hv,hv
2026-08-19T23:47:49.140Z,32.937333333333,-116.33233333333,7.46,1.39,ml,47,40,0.02982,0.18,ci,ci41530720,2026-08-20T14:08:41.350Z,"22 km NE of Pine Valley, CA",earthquake,0.15,0.48,0.30681145743198,27,reviewed,ci,ci
2026-08-19T23:45:06.710Z,38.5065,-112.88083333333,1.9,0.67,md,12,74,0.006701,0.06,uu,uu80149486,2026-08-20T13:13:31.930Z,"16 km NE of Milford, Utah",earthquake,0.28,0.33,0.55028774163962,5,reviewed,uu,uu
2026-08-19T23:39:41.208Z,60.278,-152.527,110.1,2.1,ml,73,39,0.2,0.5,ak,aka2026qkqjbv,2026-08-20T02:33:12.399Z,"54 km WNW of Ninilchik, Alaska",earthquake,3.3,1.6211,0.2,54,reviewed,ak,ak
2026-08-19T23:39:08.280Z,46.201,-122.187,-1.81,0,mh,5,141,0.001314,0.12,uw,uw714081812,2026-08-20T17:22:11.070Z,"38 km NNE of Amboy, Washington",earthquake,0.46,2.63,,0,reviewed,uw,uw
2026-08-19T23:34:50.263Z,57.313,-153.646,29.5,1.8,ml,20,88,0.2,0.7,ak,aka2026qkqfkl,2026-08-20T02:32:03.460Z,"23 km WNW of Old Harbor, Alaska",earthquake,5.6,3.2565,0.1,16,reviewed,ak,ak
2026-08-19T23:20:37.158Z,60.54,-139.865,5.1,2,ml,20,64,0.5,0.8,ak,aka2026qkptdi,2026-08-20T02:31:17.378Z,"110 km N of Yakutat, Alaska",earthquake,3.2,2.4795,0.1,16,reviewed,ak,ak
2026-08-19T23:20:14.116Z,-8.2733,120.7214,10,4.5,mb,18,117,3.378,1.26,us,us6000tm10,2026-08-19T23:46:53.040Z,"46 km NE of Ruteng, Indonesia",earthquake,9.29,1.9,0.14,15,reviewed,us,us
2026-08-19T23:18:20.900Z,38.826000213623,-122.8561630249,2.0099999904633,1.02,md,18,114,0.001639,0.03,nc,nc75421547,2026-08-19T23:19:56.262Z,"10 km WNW of The Geysers, CA",earthquake,0.3,0.409999996,0.29,21,automatic,nc,nc
2026-08-19T23:05:52.624Z,50.309,179.518,2.3,2.9,ml,21,291,1.1,0.6,ak,aka2026qkpgrh,2026-08-20T02:27:47.989Z,"Rat Islands, Aleutian Islands, Alaska",earthquake,11.3,5.145,0.3,15,reviewed,ak,ak
2026-08-19T22:58:34.190Z,35.332,-117.812,6.87,2.23,ml,57,33,0.07012,0.22,ci,ci41530704,2026-08-20T14:09:53.030Z,"17 km WSW of Johannesburg, CA",earthquake,0.18,0.53,0.15214624769408,26,reviewed,ci,ci
2026-08-19T22:55:48.626Z,-8.5688,120.0558,12.575,4.5,mb,19,137,3.544,0.89,us,us7000tbs3,2026-08-29T22:52:25.040Z,"20 km ESE of Labuan Bajo, Indonesia",earthquake,10,1.932,0.15,13,reviewed,us,us
2026-08-19T22:53:45.550Z,45.9135,-122.41716666667,16.78,1.45,md,17,169,0.01906,0.08,uw,uw714081792,2026-08-20T18:04:54.100Z,"2 km E of Amboy, Washington",earthquake,0.44,0.33,0.27144624864412,15,reviewed,uw,uw
2026-08-19T22:48:17.420Z,58.305166666667,-154.98416666667,2.22,-0.09,ml,6,141,0.04302,0.08,av,av94394098,2026-08-20T18:37:42.050Z,"87 km NNW of Karluk, Alaska",earthquake,0.67,0.58,0.20767076322296,6,reviewed,av,av
2026-08-19T22:45:17.227Z,-8.3585,120.5389,10,5.8,mww,104,39,3.413,0.78,us,us6000tm0u,2026-08-29T22:46:32.895Z,"29 km NNE of Ruteng, Indonesia",earthquake,6.67,1.748,0.083,14,reviewed,us,us
2026-08-19T22:44:50.134Z,32.418,-102.128,8.374,0.4,ml,14,71,0,0.1,tx,tx2026qhygnz,2026-08-20T17:32:48.501Z,"38 km SSW of Los Ybanez, Texas",earthquake,1.0530333621509,0.71340179241599,0.2,7,reviewed,tx,tx
2026-08-19T22:44:11.065Z,-7.9976,120.4096,10,4.5,mb,20,82,3.035,0.56,us,us7000tbs2,2026-08-29T22:28:02.040Z,"68 km N of Ruteng, Indonesia",earthquake,5.54,1.856,0.163,11,reviewed,us,us
2026-08-19T22:37:55.234Z,-8.4837,119.744,10,4.1,mb,12,159,3.447,0.42,us,us7000tbs0,2026-08-29T22:18:44.040Z,"15 km W of Labuan Bajo, Indonesia",earthquake,8.02,1.932,0.213,7,reviewed,us,us
2026-08-19T22:36:43.969Z,38.4515,-116.5089,5.3606,1.7,ml,10,152,0.225,0.1301,nn,nn00923538,2026-08-19T23:14:32.974Z,"76 km NE of Tonopah, Nevada",earthquake,,5.6221,0.2,5,reviewed,nn,nn
2026-08-19T22:33:24.820Z,-8.2027,120.4869,10,4.5,mb,26,128,3.251,0.88,us,us7000tbs1,2026-08-29T22:13:26.040Z,"45 km N of Ruteng, Indonesia",earthquake,10.96,1.795,0.135,16,reviewed,us,us
2026-08-19T22:28:08.453Z,-8.3067,120.4487,10,5.2,mb,54,77,3.343,0.62,us,us6000tm0s,2026-08-29T21:55:35.040Z,"33 km N of Ruteng, Indonesia",earthquake,8.99,1.796,0.081,51,reviewed,us,us
2026-08-19T22:26:04.860Z,33.333333333333,-116.35316666667,10.27,0.96,ml,46,50,0.01343,0.17,ci,ci41530696,2026-08-20T14:09:57.890Z,"9 km NNE of Borrego Springs, CA",earthquake,0.18,0.34,0.12473297275892,22,reviewed,ci,ci
2026-08-19T22:26:01.320Z,46.1975,-122.187,-1.07,0.55,ml,17,67,0.002895,0.14,uw,uw714081772,2026-08-20T18:10:33.360Z,"37 km NNE of Amboy, Washington",earthquake,0.34,0.45,0.132908649953,2,reviewed,uw,uw
2026-08-19T22:20:33.180Z,33.357666666667,-116.335,11.41,0.72,ml,34,61,0.02177,0.15,ci,ci41530688,2026-08-20T14:16:59.695Z,"12 km NNE of Borrego Springs, CA",earthquake,0.18,0.23,0.12427736301553,13,reviewed,ci,ci
2026-08-19T22:11:17.360Z,44.603,-123.48316666667,-0.51,1.77,md,9,86,0.09798,0.29,uw,uw714081752,2026-08-20T19:25:36.140Z,"2 km ENE of Blodgett, Oregon",explosion,0.85,31.61,0.07326549741872,6,reviewed,uw,uw
2026-08-19T22:03:29.450Z,35.865,-117.68083333333,4.68,0.48,ml,13,87,0.08366,0.11,ci,ci41530680,2026-08-20T14:09:19.829Z,"22 km ESE of Little Lake, CA",earthquake,0.2,0.39,0.055594609136689,6,reviewed,ci,ci
2026-08-19T22:03:24.295Z,52.735,-169.691,12.8,2.2,ml,14,228,0.1,0.3,ak,aka2026qkneeo,2026-08-20T18:12:09.690Z,"60 km WSW of Nikolski, Alaska",earthquake,13.6,2.7521,0.2,12,reviewed,ak,ak
2026-08-19T22:01:54.350Z,52.799,-169.716,12.16,1.12,ml,5,264,0.01309,0.19,av,av93066039,2026-08-20T18:08:40.370Z,"59 km WSW of Nikolski, Alaska",earthquake,3.31,1.13,0.11141900147343,5,reviewed,av,av
2026-08-19T22:00:03.520Z,47.809666666667,-121.98783333333,-0.58,1.53,md,4,193,0.04022,0.01,uw,uw714081732,2026-08-20T19:12:05.640Z,"5 km SSW of Monroe, Washington",explosion,0.91,31.61,0.2061553191459,4,reviewed,uw,uw
2026-08-19T21:58:46.570Z,38.837501525879,-122.81016540527,2.2300000190735,0.75,md,16,56,0.01409,0.02,nc,nc75421522,2026-08-19T22:00:20.594Z,"8 km WNW of Cobb, CA",earthquake,0.27,0.670000017,0.12,17,automatic,nc,nc
2026-08-19T21:58:30.251Z,58.906,-153.834,13,2.1,ml,48,51,0.1,0.6,ak,aka2026qkmzvg,2026-08-20T07:15:08.980Z,"80 km SE of Kokhanok, Alaska",earthquake,3.3,1.3801,0.2,37,reviewed,ak,ak
2026-08-19T21:57:20.944Z,61.66,-147.331,23.5,1.2,ml,15,103,0.2,1,ak,aka2026qkmyxm,2026-08-19T22:17:38.024Z,"23 km SE of Glacier View, Alaska",earthquake,4.5,2.6992,0.2,12,reviewed,ak,ak
2026-08-19T21:57:13.160Z,38.838832855225,-122.8073348999,1.6699999570847,0.77,md,8,94,0.01328,0.03,nc,nc75421512,2026-08-19T21:58:50.458Z,"8 km WNW of Cobb, CA",earthquake,0.41,1.02999997,0.32,8,automatic,nc,nc
2026-08-19T21:55:53.840Z,38.838500976562,-122.80799865723,1.9400000572205,2.02,md,45,54,0.01517,0.06,nc,nc75421507,2026-08-19T21:59:49.230Z,"8 km WNW of Cobb, CA",earthquake,0.17,0.280000001,0.12,46,automatic,nc,nc
2026-08-19T21:55:50.950Z,36.00716667,-96.538,2.38,0.78,ml,51,62,0.1673671569,0.35,ok,ok2026qfxc,2026-08-20T12:09:11.664Z,"6 km ENE of Drumright, Oklahoma",earthquake,,1.3,0.2,28,reviewed,ok,ok
2026-08-19T21:55:40.051Z,32.407,-102.126,7.9346,1.4,ml,57,38,0,0.2,tx,tx2026qhwpmo,2026-08-20T13:07:35.494Z,"39 km ENE of McKinney Acres, Texas",earthquake,0.29525607082609,0.47980284173964,0.1,21,reviewed,tx,tx
2026-08-19T21:51:42.920Z,38.825500488281,-122.85649871826,2.3599998950958,0.75,md,14,97,0.002062,0.01,nc,nc75421502,2026-08-19T21:53:20.518Z,"10 km WNW of The Geysers, CA",earthquake,0.35,0.50999999,0.14,13,automatic,nc,nc
2026-08-19T21:47:04.040Z,51.131,-178.448,30.3,2,ml,14,277,0.5,0.3,ak,aka2026qkmqac,2026-08-19T22:16:19.457Z,"150 km SW of Adak, Alaska",earthquake,14.8,10.4508,0.1,9,reviewed,ak,ak
2026-08-19T21:45:33.710Z,38.825164794922,-122.85549926758,2.4300000667572,1.25,md,13,114,0.002608,0.02,nc,nc75421497,2026-08-19T23:07:19.788Z,"10 km WNW of The Geysers, CA",earthquake,0.31,0.529999971,0.12,13,automatic,nc,nc
2026-08-19T21:44:56.120Z,58.174,-155.36,-0.26,-0.18,ml,6,95,0.04006,0.07,av,av94394018,2026-08-20T07:10:07.600Z,"86 km NW of Karluk, Alaska",earthquake,0.22,3.12,0.10771097885747,6,reviewed,av,av
2026-08-19T21:44:43.586Z,57.183,-154.808,53.2,1.7,ml,13,148,0.4,0.7,ak,aka2026qkmnlj,2026-08-19T22:14:27.912Z,"46 km NW of Akhiok, Alaska",earthquake,7.3,7.5665,0.1,9,reviewed,ak,ak
2026-08-19T21:44:24.060Z,38.823833465576,-122.85516357422,2.1300001144409,2.02,md,43,43,0.003939,0.05,nc,nc75421492,2026-08-19T22:52:24.689Z,"10 km WNW of The Geysers, CA",earthquake,0.18,0.25999999,0.13,41,automatic,nc,nc
2026-08-19T21:43:37.870Z,33.4115,-116.64983333333,4.65,1.38,ml,72,22,0.09204,0.2,ci,ci41530672,2026-08-20T14:09:46.510Z,"14 km N of Warner Springs, CA",earthquake,0.13,0.46,0.16655911903963,28,reviewed,ci,ci
2026-08-19T21:43:37.370Z,-8.3506,119.887,10,4.1,mb,15,142,3.317,0.56,us,us7000tbry,2026-08-29T21:36:22.040Z,"16 km N of Labuan Bajo, Indonesia",earthquake,7.3,1.897,0.198,7,reviewed,us,us
2026-08-19T21:43:30.513Z,14.6505,56.0752,10,4.2,mb,18,116,10.242,0.91,us,us7000tbsc,2026-08-29T21:28:11.040Z,Owen Fracture Zone region,earthquake,14.6,1.945,0.146,13,reviewed,us,us
2026-08-19T21:36:32.660Z,38.823333740234,-122.81199645996,2.6400001049042,0.9,md,20,44,0.001503,0.01,nc,nc75421487,2026-08-19T21:38:11.646Z,"7 km NW of The Geysers, CA",earthquake,0.24,0.49000001,0.21,22,automatic,nc,nc
2026-08-19T21:36:29.340Z,33.7865,-115.96083333333,8.47,1.06,ml,39,69,0.1316,0.17,ci,ci41530664,2026-08-20T14:09:44.716Z,"23 km ENE of Coachella, CA",earthquake,0.21,0.76,0.17088616436113,22,reviewed,ci,ci
2026-08-19T21:35:52.412Z,55.622,-159.182,86.2,1.6,ml,12,229,0.4,0.5,ak,aka2026qkmgib,2026-08-19T22:14:03.767Z,"32 km S of Perryville, Alaska",earthquake,33.3,7.7393,0.3,9,reviewed,ak,ak
2026-08-19T21:35:34.040Z,-8.3081,120.161,10,4.3,mb,10,152,3.297,0.34,us,us7000tbrv,2026-08-29T21:22:41.040Z,"36 km NE of Labuan Bajo, Indonesia",earthquake,10.53,1.777,0.239,5,reviewed,us,us
2026-08-19T21:35:16.950Z,33.333833333333,-116.36133333333,9.77,0.88,ml,40,36,0.008594,0.19,ci,ci41530656,2026-08-20T14:09:40.713Z,"9 km N of Borrego Springs, CA",earthquake,0.21,0.41,0.097279251200468,18,reviewed,ci,ci
2026-08-19T21:32:14.674Z,-7.608,121.2913,10,4.4,mb,20,130,2.997,0.55,us,us7000tbrx,2026-08-29T21:18:10.040Z,"142 km NNW of Ende, Indonesia",earthquake,10.06,1.906,0.144,16,reviewed,us,us
2026-08-19T21:30:15.836Z,-8.308,120.1007,10,4.3,mb,16,141,3.29,0.74,us,us7000tbrw,2026-08-29T21:34:09.040Z,"31 km NE of Labuan Bajo, Indonesia",earthquake,7.18,1.9,0.178,9,reviewed,us,us
2026-08-19T21:17:23.950Z,42.5445,-111.44633333333,8.22,1.56,ml,7,122,0.3374,0.09,uu,uu80149471,2026-08-19T21:36:52.990Z,"9 km NW of Georgetown, Idaho",earthquake,0.72,1.69,0.0078152067761519,2,reviewed,uu,uu
2026-08-19T21:11:38.885Z,-28.1363,-179.7942,338.826,4.4,mb,19,112,1.976,0.42,us,us7000tbrt,2026-08-27T05:07:16.040Z,Kermadec Islands region,earthquake,13.25,7.308,0.117,21,reviewed,us,us
2026-08-19T21:09:31.790Z,38.826000213623,-122.8553314209,2.2799999713898,0.94,md,19,95,0.001957,0.02,nc,nc75421477,2026-08-19T21:11:06.149Z,"10 km WNW of The Geysers, CA",earthquake,0.28,0.409999996,0.15,19,automatic,nc,nc
2026-08-19T21:08:37.386Z,-8.2742,120.2832,9.78,4.3,mb,21,141,3.281,0.94,us,us7000tbrs,2026-08-27T02:17:45.040Z,"42 km NNW of Ruteng, Indonesia",earthquake,10.81,4.877,0.154,12,reviewed,us,us
2026-08-19T21:07:14.651Z,60.369,-152.109,75.2,1.6,ml,22,73,0.3,0.5,ak,aka2026qklhml,2026-08-19T22:12:21.281Z,"42 km WNW of Clam Gulch, Alaska",earthquake,5.4,3.5618,0.2,17,reviewed,ak,ak
2026-08-19T21:06:48.697Z,66.9521,13.0558,10,4.5,mb,67,77,5.304,0.49,us,us6000tm08,2026-08-27T00:58:49.650Z,"29 km WNW of Ørnes, Norway",earthquake,8.76,1.89,0.07,61,reviewed,us,us
2026-08-19T20:59:33.120Z,36.059,-118.90366666667,7.11,1.85,ml,32,54,0.0923,0.29,ci,ci41530608,2026-08-19T21:13:08.133Z,"10 km E of Porterville, CA",earthquake,0.41,1.22,0.18095747828879,20,reviewed,ci,ci
2026-08-19T20:57:37.461Z,36.7045,-115.7762,8.2356,1.57,ml,22,180,0.15,0.1495,nn,nn00923531,2026-08-19T21:48:55.180Z,"17 km NNW of Indian Springs, Nevada",earthquake,,2.6333,0.34,12,reviewed,nn,nn
2026-08-19T20:55:49.798Z,51.461,-179.459,59.4,2.4,ml,20,187,0.4,0.4,ak,aka2026qkkxpn,2026-08-19T22:11:44.719Z,"200 km WSW of Adak, Alaska",earthquake,12.3,5.4311,0.2,15,reviewed,ak,ak
2026-08-19T20:52:48.310Z,35.544666290283,-120.78116607666,5.7399997711182,1.25,md,8,134,0.1143,0.07,nc,nc75421457,2026-08-20T01:27:21.701Z,"7 km W of Templeton, CA",earthquake,0.47,1.08000004,0.1,6,automatic,nc,nc
2026-08-19T20:52:26.990Z,38.826332092285,-122.8561630249,2.0999999046326,0.98,md,18,96,0.001332,0.02,nc,nc75421452,2026-08-19T20:54:01.126Z,"10 km WNW of The Geysers, CA",earthquake,0.24,0.409999996,0.29,19,automatic,nc,nc
2026-08-19T20:52:10.190Z,35.312166666667,-117.8,7.33,1.06,ml,25,88,0.05829,0.15,ci,ci41530600,2026-08-19T21:06:44.164Z,"16 km WSW of Johannesburg, CA",earthquake,0.23,0.5,0.10070868400866,15,reviewed,ci,ci
2026-08-19T20:50:38.519Z,60.14,-141.362,0,1.7,ml,11,174,0.3,0.8,ak,aka2026qkktcn,2026-08-19T22:10:14.817Z,"112 km NW of Yakutat, Alaska",ice quake,8.7,0,0.4,8,reviewed,ak,ak
2026-08-19T20:50:35.640Z,34.022833333333,-117.22733333333,15.79,1.13,ml,47,43,0.08786,0.16,ci,ci41530592,2026-08-19T21:03:10.167Z,"4 km SE of Loma Linda, CA",earthquake,0.17,0.37,0.20568868361123,26,reviewed,ci,ci
2026-08-19T20:49:58.000Z,49.115833333333,-122.154,-0.96,1.46,ml,4,263,0.351,0.12,uw,uw714081682,2026-08-20T19:00:15.050Z,"9 km NE of Abbotsford, Canada",explosion,0.89,31.61,0.068462069117969,2,reviewed,uw,uw
2026-08-19T20:47:41.627Z,63.313,-151.634,1.5,2.2,ml,37,74,0.2,0.9,ak,aka2026qkkqrs,2026-08-19T22:07:40.709Z,"25 km S of Denali National Park, Alaska",earthquake,3,2.1791,0.1,28,reviewed,ak,ak
2026-08-19T20:44:33.990Z,58.915333333333,-153.82166666667,4.68,0.44,ml,9,140,0.09283,0.3,av,av94393938,2026-08-20T06:44:37.240Z,"79 km SE of Kokhanok, Alaska",earthquake,1.7,1.78,0.28239763182327,8,reviewed,av,av
2026-08-19T20:44:31.242Z,38.4375,-116.503,9.8672,1.82,ml,11,150,0.211,0.1891,nn,nn00923529,2026-08-19T22:30:10.204Z,"75 km ENE of Tonopah, Nevada",earthquake,,1.4269,0.13,5,reviewed,nn,nn
2026-08-19T20:35:35.920Z,35.047666666667,-118.322,-1.01,1.04,ml,23,62,0.05915,0.15,ci,ci41530584,2026-08-21T21:44:35.172Z,"13 km W of Mojave, CA",quarry blast,0.31,31.61,0.085755221432509,15,reviewed,ci,ci
2026-08-19T20:33:00.190Z,38.82149887085,-122.83950042725,1.7699999809265,1.77,md,33,47,0.003847,0.04,nc,nc75421447,2026-08-20T00:57:22.514Z,"9 km NW of The Geysers, CA",earthquake,0.17,0.270000011,0.17,35,automatic,nc,nc
2026-08-19T20:25:58.320Z,51.805666666667,-178.804,7.46,0.46,ml,5,126,0.0136,0.19,av,av94393933,2026-08-20T06:41:05.960Z,"149 km W of Adak, Alaska",earthquake,0.81,0.9,0.10793818349413,5,reviewed,av,av
2026-08-19T20:25:25.840Z,19.275,-155.381,28.73,1.59,ml,48,116,0.04043,0.12,hv,hv75020962,2026-08-20T00:22:05.400Z,"12 km NE of Pāhala, Hawaii",earthquake,0.39,0.51,0.083564524689349,10,reviewed,hv,hv
2026-08-19T20:23:11.100Z,56.192,-159.47766666667,19.73,0.22,ml,7,134,0.01029,0.15,av,av94393923,2026-08-20T06:39:35.750Z,"32 km N of Ivanof Bay, Alaska",earthquake,0.49,0.92,0.43716897598454,8,reviewed,av,av
2026-08-19T20:22:06.054Z,58.656,-153.941,88.6,1.5,ml,22,54,0.2,0.3,ak,aka2026qkjujc,2026-08-19T20:34:25.085Z,"89 km NW of Aleneva, Alaska",earthquake,5.8,4.2556,0.3,15,reviewed,ak,ak
2026-08-19T20:17:08.627Z,63.095,-150.409,102.1,2.1,ml,43,40,0.6,0.7,ak,aka2026qkjqeg,2026-08-19T20:33:01.161Z,"69 km NNE of Petersville, Alaska",earthquake,3.2,2.8685,0.2,30,reviewed,ak,ak
2026-08-19T20:07:36.110Z,51.8675,-177.91383333333,5.42,0.19,ml,5,184,0.05445,0.11,av,av94393898,2026-08-20T06:35:05.350Z,"88 km W of Adak, Alaska",earthquake,0.47,1.02,0.21390286856002,5,reviewed,av,av
2026-08-19T20:06:29.427Z,17.6051,-94.3016,178.278,4.6,mb,97,110,2.454,1.03,us,us6000tlzp,2026-08-19T21:52:01.040Z,"28 km NE of Niños Héroes, Mexico",earthquake,9.36,8.353,0.036,234,reviewed,us,us
2026-08-19T20:05:08.816Z,37.0482,-114.788,5.6797,2.59,ml,23,112,0.415,0.1559,nn,nn00923526,2026-08-19T22:04:50.140Z,"44 km NNW of Moapa Town, Nevada",earthquake,,4.657,0.3,12,reviewed,nn,nn
2026-08-19T20:00:42.410Z,38.823165893555,-122.84400177002,1.6000000238419,1.3,md,22,75,0.007008,0.03,nc,nc75421422,2026-08-19T21:57:21.319Z,"9 km NW of The Geysers, CA",earthquake,0.19,0.360000014,0.21,23,automatic,nc,nc
2026-08-19T19:56:49.065Z,53.165,-166.596,39.6,2.2,ml,18,256,0.7,0.3,ak,aka2026qkiykx,2026-08-19T20:32:30.453Z,"79 km S of Unalaska, Alaska",earthquake,8.3,7.9648,0.1,14,reviewed,ak,ak
2026-08-19T19:56:37.750Z,37.248001098633,-122.02883148193,5.6599998474121,1.55,md,12,127,0.03974,0.14,nc,nc75421417,2026-08-19T21:47:23.249Z,"2 km SSW of Saratoga, CA",earthquake,0.47,1.14999998,0.2,12,automatic,nc,nc
2026-08-19T19:55:33.080Z,33.417,-116.63633333333,7.4,0.23,ml,15,93,0.08258,0.11,ci,ci41530560,2026-08-19T20:37:26.308Z,"15 km N of Warner Springs, CA",earthquake,0.22,0.63,0.045005178775891,5,reviewed,ci,ci
2026-08-19T19:51:43.802Z,60.029,-152.531,108,3.7,ml,246,50,0.1,0.9,ak,aka2026qkiuau,2026-08-20T21:15:35.804Z,"45 km W of Happy Valley, Alaska",earthquake,2,0.9939,0.2,143,reviewed,ak,ak
2026-08-19T19:51:38.840Z,19.302333831787,-155.31216430664,30.889999389648,1.78,md,26,82,0.007493,0.0900000036,hv,hv75020937,2026-08-19T19:55:44.600Z,"17 km SSW of Volcano, Hawaii",earthquake,0.8,0.469999999,0.1328110014641,10,automatic,hv,hv
2026-08-19T19:43:18.140Z,38.806331634521,-122.81866455078,3.3499999046326,0.67,md,9,93,0.008596,0.01,nc,nc75421407,2026-08-19T19:44:55.660Z,"6 km WNW of The Geysers, CA",earthquake,0.54,1.21000004,0.21,9,automatic,nc,nc
2026-08-19T19:41:11.431Z,54.438,-162.32,9.2,2,ml,11,252,0.7,0.4,ak,aka2026qkikww,2026-08-19T20:30:52.013Z,"69 km S of King Cove, Alaska",earthquake,8.8,4.0484,0.2,9,reviewed,ak,ak
2026-08-19T19:38:32.550Z,37.60033416748,-122.46450042725,8.4099998474121,1.5,md,13,102,0.03298,0.02,nc,nc75421402,2026-08-19T23:37:21.985Z,"2 km SE of Pacifica, CA",earthquake,0.58,0.670000017,0.18,10,automatic,nc,nc
2026-08-19T19:31:02.231Z,52.1846,-171.0894,101.897,3.2,ml,35,206,0.936,0.47,us,us6000tlzv,2026-08-20T15:10:07.040Z,"172 km WSW of Nikolski, Alaska",earthquake,13.37,12.961,0.071,26,reviewed,us,us
2026-08-19T19:28:52.411Z,32.416,-102.126,7.8857,0.3,ml,15,68,0,0.1,tx,tx2026qhrtrf,2026-08-20T16:02:25.392Z,"38 km SSW of Los Ybanez, Texas",earthquake,1.0347028945859,0.82503066453831,0.2,7,reviewed,tx,tx
2026-08-19T19:26:36.320Z,33.501333333333,-116.4315,5.55,0.59,ml,23,77,0.1428,0.13,ci,ci41530528,2026-08-19T20:33:50.437Z,"21 km SSW of La Quinta, CA",earthquake,0.19,1.38,0.18273842911249,9,reviewed,ci,ci
2026-08-19T19:21:11.720Z,33.032833333333,-116.41033333333,9.79,1,ml,34,43,0.05014,0.19,ci,ci41530512,2026-08-19T20:31:02.384Z,"19 km ESE of Julian, CA",earthquake,0.21,0.45,0.24016842258417,18,reviewed,ci,ci
2026-08-19T19:15:44.540Z,52.840166666667,-169.71366666667,2.95,0.86,ml,5,263,0.05394,0.11,av,av93066019,2026-08-20T20:03:18.830Z,"58 km W of Nikolski, Alaska",earthquake,0.86,0.97,0.33587146737036,5,reviewed,av,av
2026-08-19T19:11:16.547Z,52.858,-169.715,1.3,2.4,ml,19,137,0.1,0.7,ak,aka2026qkhkye,2026-08-20T20:03:19.920Z,"58 km W of Nikolski, Alaska",earthquake,5.9,4.7831,0.1,16,reviewed,ak,ak
2026-08-19T19:06:44.220Z,52.773833333333,-169.78116666667,6.55,1.27,ml,5,213,0.03767,0.24,av,av93066014,2026-08-20T20:02:48.530Z,"64 km WSW of Nikolski, Alaska",earthquake,3.25,2.13,0.16586900765353,5,reviewed,av,av
2026-08-19T19:06:28.170Z,52.808166666667,-169.74033333333,9.03,1.44,ml,5,219,0.02406,0.16,av,av94393818,2026-08-20T20:02:49.560Z,"60 km WSW of Nikolski, Alaska",earthquake,2.18,1.03,0.17186872926683,5,reviewed,av,av
2026-08-19T19:05:19.830Z,52.8385,-169.74116666667,2.71,1.31,ml,5,242,0.05316,0.15,av,av94393813,2026-08-20T20:02:18.270Z,"60 km W of Nikolski, Alaska",earthquake,1.09,2.55,0.18894250013258,5,reviewed,av,av
2026-08-19T19:03:41.351Z,59.998,-152.978,117.3,0.9,ml,16,50,0,0.3,ak,aka2026qkheis,2026-08-19T20:24:32.929Z,"67 km ENE of Pedro Bay, Alaska",earthquake,8.5,3.9303,0.5,13,reviewed,ak,ak
2026-08-19T19:02:55.680Z,33.868166666667,-117.4975,-0.44,0.92,ml,32,46,0.05342,0.21,ci,ci41530480,2026-08-19T20:42:45.246Z,"2 km ESE of Home Gardens, CA",quarry blast,0.37,31.61,0.26195181761683,16,reviewed,ci,ci
2026-08-19T19:01:28.980Z,38.805999755859,-122.81983184815,3.0999999046326,1.04,md,17,67,0.007844,0.02,nc,nc75421377,2026-08-19T19:03:06.259Z,"6 km WNW of The Geysers, CA",earthquake,0.31,0.610000014,0.22,18,automatic,nc,nc
2026-08-19T19:00:46.560Z,52.7635,-169.79483333333,3.34,1,ml,5,229,0.04948,0.18,av,av93066009,2026-08-20T20:02:19.300Z,"65 km WSW of Nikolski, Alaska",earthquake,1.42,1.04,0.19722329740276,5,reviewed,av,av
2026-08-19T18:58:29.440Z,52.779166666667,-169.74466666667,9.52,1.26,ml,6,209,0.01521,0.21,av,av93066004,2026-08-20T20:01:48.120Z,"62 km WSW of Nikolski, Alaska",earthquake,2.21,1,0.18171412994292,8,reviewed,av,av
2026-08-19T18:57:34.190Z,56.1745,-159.42733333333,22.1,0.04,ml,6,91,0.04154,0.26,av,av93065994,2026-08-20T05:56:32.240Z,"30 km N of Ivanof Bay, Alaska",earthquake,1.12,1.8,0.27738719528867,6,reviewed,av,av
2026-08-19T18:52:37.040Z,52.835,-169.70766666667,3.37,0.91,ml,6,149,0.04934,0.08,av,av93065999,2026-08-20T20:01:47.050Z,"58 km WSW of Nikolski, Alaska",earthquake,0.85,1.32,0.31887429443558,6,reviewed,av,av
2026-08-19T18:51:29.060Z,38.806331634521,-122.81883239746,3.1600000858307,1.06,md,24,57,0.008471,0.02,nc,nc75421362,2026-08-19T19:52:22.444Z,"6 km WNW of The Geysers, CA",earthquake,0.27,0.469999999,0.11,26,automatic,nc,nc
2026-08-19T18:50:27.180Z,38.838,-122.8095,1.25,0.37,md,12,69,0.01459,0.04,nc,nc75421357,2026-08-28T23:38:57.994Z,"8 km WNW of Cobb, CA",earthquake,0.25,0.54,0.115,9,reviewed,nc,nc
2026-08-19T18:47:59.320Z,35.001333333333,-118.18366666667,-0.86,0.62,ml,10,69,0.1277,0.14,ci,ci41530464,2026-08-19T20:20:00.318Z,"6 km S of Mojave, CA",quarry blast,0.43,31.61,0.16565467939091,7,reviewed,ci,ci
2026-08-19T18:45:29.787Z,-17.7629,-178.664,557.465,5.4,mww,245,39,2.273,0.84,us,us6000tlz8,2026-08-20T18:53:34.491Z,"216 km E of Levuka, Fiji",earthquake,10.34,5.42,0.11,8,reviewed,us,us
2026-08-19T18:43:46.700Z,33.866666666667,-116.16466666667,4.38,1.47,ml,57,39,0.05908,0.17,ci,ci41530456,2026-08-19T20:04:40.200Z,"17 km NNE of Indio, CA",earthquake,0.14,0.37,0.12031582247548,25,reviewed,ci,ci
2026-08-19T18:43:08.627Z,38.4376,-116.5095,6.4837,1.72,ml,8,149,0.212,0.1446,nn,nn00923520,2026-08-19T18:59:54.778Z,"75 km ENE of Tonopah, Nevada",earthquake,,6.8525,0.26,3,reviewed,nn,nn
2026-08-19T18:42:00.050Z,60.018833333333,-153.06433333333,1.15,-0.7,ml,5,96,0.02316,0.14,av,av94393758,2026-08-20T05:32:00.820Z,"63 km ENE of Pedro Bay, Alaska",earthquake,0.33,1.23,0.22763640313031,5,reviewed,av,av
2026-08-19T18:39:31.187Z,51.1686,174.4931,10,3.4,ml,24,348,2.627,0.33,us,us6000tlzs,2026-08-20T14:45:44.040Z,"207 km SSE of Attu Station, Alaska",earthquake,17.14,2.028,0.097,14,reviewed,us,us
2026-08-19T18:37:54.410Z,46.033666666667,-122.4205,18.27,1.49,md,16,107,0.1012,0.12,uw,uw714082411,2026-08-20T04:29:48.630Z,"13 km N of Amboy, Washington",earthquake,0.67,0.64,0.32677442853252,12,reviewed,uw,uw
2026-08-19T18:36:26.115Z,62.918,-151.05,113.8,2.6,ml,112,32,0.4,1.1,ak,aka2026qkggsv,2026-08-20T14:37:05.040Z,"49 km NNW of Petersville, Alaska",earthquake,2.2,2.4893,0.3,82,reviewed,ak,ak
2026-08-19T18:34:54.800Z,34.340166666667,-116.88233333333,-1.75,1.18,ml,24,51,0.04607,0.2,ci,ci41530448,2026-08-19T20:12:30.328Z,"9 km NNW of Big Bear City, CA",quarry blast,0.37,31.61,0.1690877022774,24,reviewed,ci,ci
2026-08-19T18:34:32.716Z,61.213,-146.856,10.2,1,ml,10,78,0.4,0.2,ak,aka2026qkgfcj,2026-08-19T20:16:24.817Z,"28 km WNW of Valdez, Alaska",earthquake,4,5.8342,0.1,8,reviewed,ak,ak
2026-08-19T18:34:16.609Z,-8.2605,120.5649,10,4.4,mb,17,104,3.325,0.65,us,us6000tlz6,2026-08-19T21:45:12.040Z,"40 km NNE of Ruteng, Indonesia",earthquake,7.23,1.931,0.19,8,reviewed,us,us
2026-08-19T18:33:11.982Z,52.4707,-173.2542,10.195,2.7,ml,23,174,0.504,0.55,us,us6000tlzn,2026-08-19T21:31:30.040Z,"71 km ENE of Atka, Alaska",earthquake,10.68,6.825,0.097,14,reviewed,us,us
2026-08-19T18:28:16.477Z,61.078,-152.001,90.7,1.4,ml,24,84,0.1,0.6,ak,aka2026qkfzrh,2026-08-19T20:08:09.735Z,"46 km W of Tyonek, Alaska",earthquake,6.8,3.8792,0.3,17,reviewed,ak,ak
2026-08-19T18:25:24.917Z,60.096,-153.469,163.8,3.3,ml,207,19,0.2,1,ak,aka2026qkfxfr,2026-08-19T21:27:48.040Z,"48 km ESE of Port Alsworth, Alaska",earthquake,2.5,1.1636,0.3,136,reviewed,ak,ak
2026-08-19T18:20:19.297Z,51.266,-177.008,32.3,2,ml,16,242,0.5,0.3,ak,aka2026qkfsrw,2026-08-19T20:07:02.662Z,"72 km SSW of Adak, Alaska",earthquake,9.8,6.4187,0.1,13,reviewed,ak,ak
2026-08-19T18:12:15.364Z,51.5345,178.3813,56.244,2.9,ml,29,265,0.415,0.35,us,us6000tlyx,2026-08-19T21:10:25.040Z,"Rat Islands, Aleutian Islands, Alaska",earthquake,7.09,25.619,0.085,18,reviewed,us,us
2026-08-19T18:07:17.251Z,49.4799,155.8633,41.176,5.4,mww,174,115,3.811,0.78,us,us6000tlyv,2026-08-20T18:15:47.456Z,"134 km S of Severo-Kuril’sk, Russia",earthquake,9.19,6.655,0.086,13,reviewed,us,us
2026-08-19T18:05:06.184Z,32.145,-102.694,2.9541,1.1,ml,17,82,0.1,0.1,tx,tx2026qhozjo,2026-08-20T13:14:40.256Z,"19 km NNW of Goldsmith, Texas",earthquake,1.4843944915538,2.3686362369999,0.1,7,reviewed,tx,tx
2026-08-19T18:03:20.080Z,35.361666666667,-117.78916666667,6.92,1.22,ml,34,61,0.1048,0.14,ci,ci41530416,2026-08-19T19:58:10.284Z,"14 km W of Johannesburg, CA",earthquake,0.18,0.54,0.12084409634975,20,reviewed,ci,ci
2026-08-19T18:02:46.940Z,38.796333312988,-122.77449798584,2.9900000095367,1.29,md,24,74,0.01095,0.02,nc,nc75421337,2026-08-19T20:12:27.585Z,"3 km NW of The Geysers, CA",earthquake,0.27,0.50999999,0.19,25,automatic,nc,nc
2026-08-19T17:58:28.200Z,32.9145,-116.92983333333,-0.18,0.65,ml,14,63,0.07464,0.24,ci,ci41530408,2026-08-19T19:53:24.627Z,"6 km N of Lakeside, CA",quarry blast,0.43,31.61,0.15954056165678,11,reviewed,ci,ci
2026-08-19T17:51:47.950Z,34.162833333333,-117.72233333333,10.17,0.81,ml,20,71,0.05272,0.13,ci,ci41530400,2026-08-19T19:50:25.576Z,"7 km N of Claremont, CA",earthquake,0.26,0.37,0.14415430546717,13,reviewed,ci,ci
2026-08-19T17:37:16.540Z,53.3725,-168.24216666667,-0.98,-0.45,ml,6,252,0.05075,0.33,av,av93065989,2026-08-20T05:25:01.340Z,"63 km NE of Nikolski, Alaska",earthquake,1.06,1.32,0.23297789153317,5,reviewed,av,av
2026-08-19T17:36:14.158Z,34.2005,46.3162,10,4.4,mb,60,165,0.939,0.72,us,us6000tlym,2026-08-19T20:59:17.040Z,"50 km SE of Sarpol-e Z̄ahāb, Iran",earthquake,4.94,1.568,0.074,53,reviewed,us,us
2026-08-19T17:24:18.805Z,62.161,-152.041,106.5,2.3,ml,85,51,0.3,0.7,ak,aka2026qkdwfo,2026-08-19T21:04:06.819Z,"38 km WNW of Skwentna, Alaska",earthquake,2.7,2.0744,0.2,60,reviewed,ak,ak
2026-08-19T17:20:11.650Z,34.43016667,-97.48983333,4,1.66,ml,34,73,0.0674867568,0.42,ok,ok2026qfoa,2026-08-20T16:27:51.565Z,"2 km SE of Ratliff City, Oklahoma",earthquake,,1.3,0.26,16,reviewed,ok,ok
2026-08-19T17:20:08.900Z,38.794334411621,-122.78566741943,7.6999998092651,0.27,md,7,88,,0.03,nc,nc75421307,2026-08-19T17:57:24.653Z,"3 km NW of The Geysers, CA",earthquake,1.02,2.5,0.05,7,automatic,nc,nc
2026-08-19T17:19:34.166Z,5.8923,126.6639,10,4.8,mb,54,107,1.591,0.88,us,us6000tlyi,2026-08-19T19:48:47.040Z,"74 km SE of Pondaguitan, Philippines",earthquake,6.83,1.802,0.086,42,reviewed,us,us
2026-08-19T17:18:04.362Z,57.906,-154.991,87.9,2.7,ml,117,70,0.2,0.5,ak,aka2026qkdqtt,2026-08-19T18:15:06.040Z,"49 km NW of Karluk, Alaska",earthquake,3.5,1.6001,0.2,86,reviewed,ak,ak
2026-08-19T17:16:09.904Z,68.146,-153.195,2.3,1.7,ml,9,112,0.5,0.7,ak,aka2026qkdpdj,2026-08-20T03:27:33.613Z,"60 km W of Anaktuvuk Pass, Alaska",earthquake,4.5,4.6954,0.1,7,reviewed,ak,ak
2026-08-19T17:15:19.570Z,38.505166666667,-112.89533333333,1.8,0.79,md,13,77,0.005223,0.1,uu,uu80149421,2026-08-19T18:10:14.160Z,"15 km NE of Milford, Utah",earthquake,0.31,0.35,0.16365290513896,5,reviewed,uu,uu
2026-08-19T17:13:30.012Z,57.725,-154.739,61.9,1.2,ml,11,135,0.2,0.3,ak,aka2026qkdmvi,2026-08-19T18:00:13.937Z,"24 km NW of Karluk, Alaska",earthquake,8.4,5.1435,0.1,8,reviewed,ak,ak
2026-08-19T17:13:08.450Z,38.511333333333,-112.89066666667,2.53,1.83,ml,20,49,0.005802,0.07,uu,uu80149416,2026-08-19T17:58:30.650Z,"16 km NE of Milford, Utah",earthquake,0.25,0.28,0.023644121792722,5,reviewed,uu,uu
2026-08-19T17:09:52.752Z,68.138,-153.182,2.6,1.7,ml,10,112,0.5,0.7,ak,aka2026qkdjrq,2026-08-20T03:24:11.864Z,"60 km W of Anaktuvuk Pass, Alaska",earthquake,4.5,4.3051,0.2,6,reviewed,ak,ak
2026-08-19T17:05:10.270Z,19.186332702637,-155.35234069824,26.25,1.75,md,36,200,0.06642,0.119999997,hv,hv75020857,2026-08-19T17:08:45.210Z,"13 km E of Pāhala, Hawaii",earthquake,0.56,0.469999999,0.18293651316167,13,automatic,hv,hv
2026-08-19T16:51:36.946Z,58.568,-153.744,83.1,1.5,ml,13,95,0.3,0.4,ak,aka2026qkctsk,2026-08-19T17:59:00.526Z,"74 km NW of Aleneva, Alaska",earthquake,8,6.757,0.3,11,reviewed,ak,ak
2026-08-19T16:49:43.559Z,51.726,178.919,119.9,3.9,ml,122,166,0.3,0.9,ak,aka2026qkcrxb,2026-08-19T17:58:51.478Z,"Rat Islands, Aleutian Islands, Alaska",earthquake,10.8,1.4562,0.2,32,reviewed,ak,ak
2026-08-19T16:42:12.231Z,53.838,-165.306,61.3,1.7,ml,12,308,0.4,0.2,ak,aka2026qkclrt,2026-08-19T17:55:43.293Z,"45 km SE of Akutan, Alaska",earthquake,46.8,17.5834,0.1,6,reviewed,ak,ak
2026-08-19T16:35:56.320Z,38.504833333333,-112.887,2.56,0.84,md,11,88,0.003262,0.07,uu,uu80149411,2026-08-19T17:32:12.440Z,"16 km NE of Milford, Utah",earthquake,0.35,0.36,0.45907897396481,3,reviewed,uu,uu
2026-08-19T16:17:38.400Z,-8.1769,120.6643,10,5.5,mww,94,41,3.27,1.15,us,us6000tlxq,2026-08-20T16:28:00.231Z,"52 km NNE of Ruteng, Indonesia",earthquake,7.2,1.851,0.073,18,reviewed,us,us
2026-08-19T16:14:22.130Z,57.079,-156.761,1.8,1.9,ml,24,125,0.6,0.7,ak,aka2026qkbnof,2026-08-19T17:54:15.386Z,"61 km SE of Ugashik, Alaska",earthquake,5.8,3.8428,0.1,19,reviewed,ak,ak
2026-08-19T16:14:08.266Z,61.627,-149.808,52.8,1.5,ml,26,97,0.3,0.9,ak,aka2026qkbnix,2026-08-19T17:52:24.364Z,"0 km SE of Houston, Alaska",earthquake,4.4,3.8934,0.1,19,reviewed,ak,ak
2026-08-19T16:13:03.560Z,38.839832305908,-122.80916595459,1.7799999713898,0.77,md,12,64,0.01477,0.02,nc,nc75421282,2026-08-19T17:07:22.348Z,"8 km WNW of Cobb, CA",earthquake,0.26,0.579999983,0.17,14,automatic,nc,nc
2026-08-19T16:12:44.670Z,38.79666519165,-122.77433013916,3.170000076294,1.04,md,17,73,0.01117,0.02,nc,nc75421277,2026-08-19T18:27:22.845Z,"3 km NW of The Geysers, CA",earthquake,0.3,0.610000014,0.27,18,automatic,nc,nc
2026-08-19T16:11:54.459Z,38.3126,-116.7451,6.688,1.81,ml,9,215,0.964,0.2417,nn,nn00923515,2026-08-19T16:14:34.285Z,"50 km ENE of Tonopah, Nevada",earthquake,,1.1022,0.27,4,automatic,nn,nn
2026-08-19T16:09:40.570Z,38.839168548584,-122.81099700928,2.0499999523163,0.23,md,8,82,0.01823,0.01,nc,nc75421272,2026-08-19T17:57:24.717Z,"8 km WNW of Cobb, CA",earthquake,0.36,1.09000003,0.11,8,automatic,nc,nc
2026-08-19T16:08:54.630Z,38.837833404541,-122.80899810791,1.8200000524521,1.65,md,36,60,0.01444,0.03,nc,nc75421267,2026-08-19T17:32:21.497Z,"8 km WNW of Cobb, CA",earthquake,0.17,0.280000001,0.18,35,automatic,nc,nc
2026-08-19T16:08:41.100Z,32.016,-103.235,5.8179,2,ml,29,49,0.1,0.2,tx,tx2026qhlczi,2026-08-19T17:14:27.543Z,"11 km SSW of Jal, New Mexico",earthquake,0.79576633307453,1.5698226315986,0.1,25,reviewed,tx,tx
2026-08-19T16:04:08.300Z,34.6555,-95.98783333,6,1.34,ml,32,205,0.3356341371,0.22,ok,ok2026qfln,2026-08-20T16:21:31.074Z,"3 km E of Wardville, Oklahoma",earthquake,,1.1,0.23,15,reviewed,ok,ok
2026-08-19T15:50:53.710Z,32.9355,-116.2945,9.81,0.9,ml,31,81,0.02046,0.17,ci,ci41530296,2026-08-19T17:41:31.782Z,"25 km ENE of Pine Valley, CA",earthquake,0.22,0.43,0.099957582002162,12,reviewed,ci,ci
2026-08-19T15:45:22.317Z,51.575,179.776,63.8,2.2,ml,15,146,0.3,0.5,ak,aka2026qkaokz,2026-08-19T17:48:08.644Z,"250 km W of Adak, Alaska",earthquake,11,5.4332,0.4,10,reviewed,ak,ak
2026-08-19T15:40:14.670Z,33.291833333333,-116.264,6.25,0.86,ml,47,39,0.08004,0.18,ci,ci41530272,2026-08-19T20:04:24.094Z,"11 km ENE of Borrego Springs, CA",earthquake,0.19,0.51,0.13215263791709,17,reviewed,ci,ci
2026-08-19T15:38:39.510Z,33.421166666667,-116.63966666667,7.4,0.2,ml,18,78,0.07975,0.11,ci,ci41530264,2026-08-19T19:19:46.550Z,"15 km SSE of Anza, CA",earthquake,0.2,0.56,0.10675160686266,8,reviewed,ci,ci
2026-08-19T15:36:33.257Z,58.915,-153.847,8.6,1.5,ml,22,106,0.1,0.6,ak,aka2026qkagts,2026-08-20T05:06:59.430Z,"78 km SE of Kokhanok, Alaska",earthquake,4.6,4.4615,0.2,18,reviewed,ak,ak
2026-08-19T15:35:23.660Z,34.36566667,-96.78266667,0,1.07,ml,22,131,0.2114585046,0.31,ok,ok2026qfko,2026-08-20T16:13:37.627Z,"5 km SE of Mill Creek, Oklahoma",quarry blast,,0.6,0.19,11,reviewed,ok,ok
2026-08-19T15:33:22.436Z,31.555,-103.457,9.035,1.6,ml,12,92,0.1,0.2,tx,tx2026qhjytn,2026-08-19T16:00:38.446Z,"12 km NNW of Barstow, Texas",earthquake,0.50521724659571,1.8236209245953,0.4,7,reviewed,tx,tx
2026-08-19T15:28:40.144Z,54.154,-162.888,15.9,2.2,ml,19,233,0.7,0.7,ak,aka2026qjzzyc,2026-08-19T17:44:57.348Z,"84 km SSE of False Pass, Alaska",earthquake,6,5.2621,0.1,13,reviewed,ak,ak
2026-08-19T15:17:59.670Z,33.488333333333,-116.485,11.99,1.26,ml,62,36,0.09815,0.2,ci,ci41530232,2026-08-19T19:16:29.126Z,"19 km ESE of Anza, CA",earthquake,0.17,0.45,0.23231197549173,23,reviewed,ci,ci
2026-08-19T15:11:33.330Z,52.2,-175.703,168.5,2.1,ml,20,179,0.2,0.2,ak,aka2026qjzlbq,2026-08-19T17:43:29.770Z,"73 km ENE of Adak, Alaska",earthquake,66.8,4.8708,0.4,15,reviewed,ak,ak
2026-08-19T15:05:51.747Z,31.659,-104.369,8.7531,1.7,ml,19,70,0.1,0.3,tx,tx2026qhjart,2026-08-19T15:26:18.898Z,"57 km S of Whites City, New Mexico",earthquake,0.63936033403607,0.6752346094502,0.1,13,reviewed,tx,tx
2026-08-19T15:02:56.700Z,58.283833333333,-154.9825,2.88,-0.15,ml,8,152,0.04479,0.07,av,av94393458,2026-08-20T04:41:28.180Z,"85 km NNW of Karluk, Alaska",earthquake,0.26,0.69,0.31701625159388,9,reviewed,av,av
2026-08-19T14:57:41.310Z,38.5075,-112.8875,2.7,0.84,md,10,103,0.00595,0.05,uu,uu80149406,2026-08-19T15:54:30.020Z,"16 km NE of Milford, Utah",earthquake,0.24,0.48,0.35868231151902,6,reviewed,uu,uu
2026-08-19T14:48:26.850Z,20.013166666667,-155.43733333333,43.19,2.09,ml,36,254,0.1555,0.13,hv,hv75020807,2026-08-19T20:39:52.510Z,"7 km WSW of Pa‘auilo, Hawaii",earthquake,0.54,0.71,0.11708679450322,7,reviewed,hv,hv
2026-08-19T14:47:02.050Z,33.874166666667,-116.84733333333,18.99,0.79,ml,25,64,0.05802,0.19,ci,ci41530200,2026-08-19T17:38:57.853Z,"6 km SSE of Banning, CA",earthquake,0.33,0.75,0.12932120612914,19,reviewed,ci,ci
2026-08-19T14:41:39.430Z,34.029666666667,-117.15766666667,16.02,1.12,ml,30,65,0.03803,0.16,ci,ci41530192,2026-08-19T14:53:37.395Z,"4 km SE of Redlands, CA",earthquake,0.24,0.54,0.33464574804076,32,reviewed,ci,ci
2026-08-19T14:41:07.940Z,36.118333333333,-118.06783333333,-0.57,0.78,ml,17,58,0.1724,0.16,ci,ci41530184,2026-08-19T14:53:41.368Z,"13 km NW of Coso Junction, CA",earthquake,0.31,0.43,0.1235931627891,10,reviewed,ci,ci
2026-08-19T14:34:05.470Z,32.756,-115.98416666667,10.43,1.11,ml,24,88,0.03079,0.22,ci,ci41530176,2026-08-19T19:01:32.020Z,"2 km NNE of Ocotillo, CA",earthquake,0.32,0.53,0.17523846385682,15,reviewed,ci,ci
2026-08-19T14:32:22.495Z,-5.1696,125.5363,538.071,4.9,mb,56,42,4.726,0.7,us,us6000tlvn,2026-08-19T14:47:38.040Z,Banda Sea,earthquake,11.74,10.408,0.096,34,reviewed,us,us
2026-08-19T14:30:13.850Z,35.313833333333,-117.83616666667,10.86,0.28,ml,4,316,0.04698,0.04,ci,ci41530168,2026-08-19T18:49:23.842Z,"19 km WSW of Johannesburg, CA",earthquake,0.7,0.29,0.039616094249655,3,reviewed,ci,ci
2026-08-19T14:24:01.860Z,36.092666666667,-117.86633333333,5.33,0.93,ml,24,45,0.02654,0.15,ci,ci41530152,2026-08-19T14:53:55.072Z,"9 km NE of Coso Junction, CA",earthquake,0.19,0.39,0.29858685289429,12,reviewed,ci,ci
2026-08-19T14:16:25.739Z,-8.1452,120.6178,10,4.6,mb,32,118,3.227,0.66,us,us6000tlvm,2026-08-30T21:19:53.040Z,"54 km NNE of Ruteng, Indonesia",earthquake,10.44,1.874,0.119,21,reviewed,us,us
2026-08-19T14:16:23.420Z,33.468,-116.5735,10.5,2.25,ml,100,24,0.03584,0.19,ci,ci41530144,2026-08-19T15:26:32.400Z,"13 km SE of Anza, CA",earthquake,0.12,0.23,0.17383227038609,114,reviewed,ci,ci
2026-08-19T14:14:37.630Z,19.344,-155.40516666667,8.39,1.35,ml,41,77,0.02123,0.13,hv,hv75020772,2026-08-19T23:33:32.040Z,"17 km NNE of Pāhala, Hawaii",earthquake,0.3,0.44,0.16876431323356,10,reviewed,hv,hv
2026-08-19T14:06:06.395Z,31.667,-104.364,6.0999,1.8,ml,32,69,0.1,0.2,tx,tx2026qhhbhp,2026-08-19T15:01:00.313Z,"56 km S of Whites City, New Mexico",earthquake,0.91831490757546,1.0374793759103,0.1,28,reviewed,tx,tx
2026-08-19T14:04:37.890Z,18.698833333333,-64.667666666667,53.78,3.24,md,11,228,0.2808,0.36,pr,pr71529018,2026-08-30T21:02:04.040Z,"42 km NNE of Cruz Bay, U.S. Virgin Islands",earthquake,8.18,5.22,0.17944171819512,9,reviewed,pr,pr
2026-08-19T14:03:27.758Z,62.238,-152.37,10,2.8,ml,101,19,0.5,1.2,ak,aka2026qjxeat,2026-08-30T20:00:33.040Z,"57 km WNW of Skwentna, Alaska",earthquake,2,0,0.1,72,reviewed,ak,ak
2026-08-19T13:57:24.020Z,35.315333333333,-117.80983333333,8.41,1.23,ml,30,86,0.05614,0.15,ci,ci41530136,2026-08-19T14:54:25.860Z,"17 km WSW of Johannesburg, CA",earthquake,0.2,0.45,0.19209891635565,23,reviewed,ci,ci
2026-08-19T13:55:05.630Z,36.6055,-121.20866666667,6.67,1.24,md,28,127,0.03858,0.06,nc,nc75421232,2026-08-31T01:32:23.331Z,"10 km NW of Pinnacles, CA",earthquake,0.24,0.44,0.178,19,reviewed,nc,nc
2026-08-19T13:50:59.440Z,34.3525,-116.45383333333,7.73,1.3,ml,37,74,0.08476,0.13,ci,ci41530128,2026-08-19T14:54:43.677Z,"27 km N of Yucca Valley, CA",earthquake,0.18,0.39,0.16385812186938,29,reviewed,ci,ci
2026-08-19T13:45:59.360Z,47.801166666667,-122.8075,20.71,0.45,md,6,214,0.04629,0.14,uw,uw714082181,2026-08-20T18:39:43.770Z,"5 km ESE of Quilcene, Washington",earthquake,1.7,1.2,0.21143190710534,5,reviewed,uw,uw
2026-08-19T13:44:59.600Z,58.174833333333,-155.37433333333,1.9,0.32,ml,10,80,0.04306,0.06,av,av94393388,2026-08-20T03:36:54.910Z,"86 km NW of Karluk, Alaska",earthquake,0.18,0.41,0.19796650889357,10,reviewed,av,av
2026-08-19T13:44:23.991Z,60.419,-147.829,15.5,1.5,ml,13,96,0.5,0.8,ak,aka2026qjwnna,2026-08-19T17:38:28.132Z,"40 km NNE of Chenega, Alaska",earthquake,5.1,3.9816,0.2,11,reviewed,ak,ak
2026-08-19T13:41:27.189Z,59.596,-152.468,71,2,ml,64,82,0.4,0.6,ak,aka2026qjwkuw,2026-08-19T17:38:11.938Z,"40 km NW of Nanwalek, Alaska",earthquake,3.1,2.2858,0.1,48,reviewed,ak,ak
2026-08-19T13:38:30.117Z,56.285,-157.082,15.9,1.9,ml,11,142,0.8,0.3,ak,aka2026qjwikl,2026-08-19T17:37:49.914Z,"81 km E of Chignik, Alaska",earthquake,7.2,12.3098,0.2,8,reviewed,ak,ak
2026-08-19T13:36:51.188Z,38.4298,-116.5039,11.025,1.71,ml,9,149,0.203,0.1518,nn,nn00923512,2026-08-19T15:39:51.484Z,"75 km ENE of Tonopah, Nevada",earthquake,,1.5603,0.06,3,reviewed,nn,nn
2026-08-19T13:35:45.610Z,33.417166666667,-116.64183333333,6.96,0.15,ml,15,92,0.08413,0.1,ci,ci41530120,2026-08-19T18:11:51.687Z,"15 km N of Warner Springs, CA",earthquake,0.22,0.69,0.13594853881296,8,reviewed,ci,ci
2026-08-19T13:23:23.800Z,38.511,-112.88633333333,2.1,0.66,md,11,146,0.005035,0.06,uu,uu80149396,2026-08-19T15:37:05.860Z,"16 km NE of Milford, Utah",earthquake,0.4,0.33,0.55794415585409,4,reviewed,uu,uu
2026-08-19T13:20:05.267Z,38.4221,-116.5172,6.2814,1.77,ml,8,147,0.199,0.156,nn,nn00923510,2026-08-19T16:02:25.723Z,"73 km ENE of Tonopah, Nevada",earthquake,,6.2481,0.36,3,reviewed,nn,nn
2026-08-19T13:19:47.550Z,33.4145,-116.64033333333,6.73,0.55,ml,34,62,0.08611,0.11,ci,ci41530104,2026-08-19T16:43:57.350Z,"15 km N of Warner Springs, CA",earthquake,0.13,0.28,0.10588038677979,13,reviewed,ci,ci
2026-08-19T13:15:56.830Z,59.331,-153.042,92.2,1.2,ml,9,125,0.3,0.3,ak,aka2026qjvovx,2026-08-19T17:36:55.289Z,"63 km W of Nanwalek, Alaska",earthquake,9.2,5.6785,0.1,6,reviewed,ak,ak
2026-08-19T13:14:28.380Z,36.578333333333,-121.18433333333,5.27,1.22,md,32,79,0.006675,0.19,nc,nc75421222,2026-08-31T00:37:22.961Z,"6 km NW of Pinnacles, CA",earthquake,0.28,0.58,0.146,20,reviewed,nc,nc
2026-08-19T13:10:13.700Z,33.176333333333,-116.03416666667,5.04,0.95,ml,40,38,0.04741,0.21,ci,ci41530096,2026-08-19T13:15:27.677Z,"10 km ENE of Ocotillo Wells, CA",earthquake,0.2,0.55,0.16797844356577,21,reviewed,ci,ci
2026-08-19T13:04:52.076Z,38.4511,-116.5174,7.503,1.69,ml,9,195,1.047,0.2354,nn,nn00923508,2026-08-19T13:08:12.887Z,"75 km NE of Tonopah, Nevada",earthquake,,0.9749,0.54,5,automatic,nn,nn
2026-08-19T13:04:42.926Z,-7.9247,120.223,10,4.3,mb,24,85,2.929,0.89,us,us6000tlv5,2026-08-30T19:57:51.040Z,"73 km NNE of Labuan Bajo, Indonesia",earthquake,5.7,1.788,0.142,14,reviewed,us,us
2026-08-19T12:42:20.800Z,18.893999099731,-155.44616699219,29.60000038147,1.79,md,12,259,0.2264,0.109999999,hv,hv75020732,2026-08-19T12:46:02.450Z,"23 km SE of Naalehu, Hawaii",earthquake,1.13,1.73000002,0.085730070396899,16,automatic,hv,hv
2026-08-19T12:41:53.360Z,61.297833333333,-152.3425,-0.15,-0.65,ml,8,137,0.04144,0.1,av,av94393318,2026-08-20T03:18:53.880Z,"69 km WNW of Tyonek, Alaska",earthquake,0.42,3.61,0.30288632265825,8,reviewed,av,av
2026-08-19T12:33:59.110Z,19.3485,-155.24783333333,28.32,1.72,ml,53,66,0.02585,0.12,hv,hv75020722,2026-08-19T20:29:21.520Z,"10 km S of Volcano, Hawaii",earthquake,0.31,0.28,0.34344967416652,24,reviewed,hv,hv
2026-08-19T12:30:47.460Z,38.787498474121,-122.74883270264,1.0099999904633,0.8,md,9,94,0.01038,0.04,nc,nc75421212,2026-08-19T14:32:20.324Z,"1 km NNE of The Geysers, CA",earthquake,0.42,0.639999986,0.43,8,automatic,nc,nc
2026-08-19T12:25:46.100Z,38.5165,-112.88783333333,2.5,0.83,md,11,111,0.006425,0.06,uu,uu80149391,2026-08-19T15:34:29.030Z,"17 km NE of Milford, Utah",earthquake,0.27,0.45,0.48594379220588,5,reviewed,uu,uu
2026-08-19T12:19:02.358Z,-5.9396,106.3523,194.344,4.4,mb,47,110,1.988,0.96,us,us6000tlv2,2026-08-20T07:24:30.040Z,"21 km N of Kresek, Indonesia",earthquake,8.7,5.163,0.088,37,reviewed,us,us
2026-08-19T12:13:55.730Z,18.366166666667,-64.9135,33.77,2.95,md,5,174,0.04307,0.3,pr,pr71529003,2026-08-19T13:12:58.000Z,"3 km NE of Charlotte Amalie, U.S. Virgin Islands",earthquake,10.42,1.74,0.11066393219207,3,reviewed,pr,pr
2026-08-19T12:12:46.930Z,60.4835,-152.74833333333,0.61,-0.75,ml,5,99,0.02742,0.23,av,av93065984,2026-08-20T03:43:55.370Z,"76 km NW of Ninilchik, Alaska",earthquake,0.55,1.02,0.27147297994782,5,reviewed,av,av
2026-08-19T12:12:41.182Z,51.393,177.968,28.2,3.7,ml,40,210,0.7,0.6,ak,aka2026qjtlsw,2026-08-19T16:19:48.197Z,"Rat Islands, Aleutian Islands, Alaska",earthquake,6.8,3.0319,0.1,24,reviewed,ak,ak
2026-08-19T12:09:20.800Z,51.332,-176.114,26.7,2.3,ml,13,285,0.6,0.2,ak,aka2026qjtjba,2026-08-19T17:30:02.558Z,"70 km SSE of Adak, Alaska",earthquake,12.6,9.8796,0.1,11,reviewed,ak,ak
2026-08-19T12:09:03.790Z,19.993166666667,-155.4865,44.87,2.09,ml,39,222,0.1738,0.13,hv,hv75020707,2026-08-19T20:19:50.060Z,"9 km SSW of Honoka‘a, Hawaii",earthquake,0.41,0.59,0.10425099291923,7,reviewed,hv,hv
2026-08-19T12:04:02.810Z,35.313833333333,-117.8005,6.14,1.49,ml,44,36,0.05932,0.16,ci,ci41530080,2026-08-19T13:15:45.676Z,"16 km WSW of Johannesburg, CA",earthquake,0.16,0.43,0.15817208304436,25,reviewed,ci,ci
2026-08-19T12:03:19.267Z,60.3,-140.594,1.6,1.6,ml,20,124,0.4,0.9,ak,aka2026qjtdxt,2026-08-19T17:28:58.329Z,"96 km NNW of Yakutat, Alaska",earthquake,4.6,2.6563,0.1,16,reviewed,ak,ak
2026-08-19T12:02:30.790Z,34.149333333333,-116.71883333333,7.86,1.67,ml,73,32,0.1252,0.16,ci,ci41530072,2026-08-19T13:15:56.880Z,"17 km SE of Big Bear City, CA",earthquake,0.12,0.46,0.13965494198511,26,reviewed,ci,ci
2026-08-19T11:52:04.250Z,33.502666666667,-116.471,18.23,0.42,ml,10,125,0.1099,0.19,ci,ci10248862,2026-08-19T17:58:56.877Z,"20 km ESE of Anza, CA",earthquake,0.52,1.72,0.092815241417152,4,reviewed,ci,ci
2026-08-19T11:52:00.730Z,33.486666666667,-116.47016666667,14.55,0.66,ml,24,102,0.1106,0.14,ci,ci41530064,2026-08-19T17:59:14.602Z,"20 km ESE of Anza, CA",earthquake,0.25,0.38,0.16258216273721,11,reviewed,ci,ci
2026-08-19T11:49:16.164Z,61.608,-146.404,33.8,1.4,ml,22,99,0.3,0.8,ak,aka2026qjsrrz,2026-08-19T17:27:26.554Z,"46 km SSE of Nelchina, Alaska",earthquake,4,3.2279,0.1,17,reviewed,ak,ak
2026-08-19T11:48:56.799Z,34.975,-96.04166667,5.02,0.97,ml,16,186,0.06928640364,0.2,ok,ok2026qfdc,2026-08-20T13:56:34.766Z,"7 km WNW of Arpelar, Oklahoma",earthquake,,1,0.13,7,reviewed,ok,ok
2026-08-19T11:48:51.790Z,38.779666900635,-122.74583435059,0.10000000149012,0.78,md,10,81,0.007962,0.02,nc,nc75421207,2026-08-19T14:07:21.073Z,"1 km ENE of The Geysers, CA",earthquake,0.26,0.469999999,0.39,10,automatic,nc,nc
2026-08-19T11:47:34.640Z,38.505666666667,-112.88433333333,2.16,0.92,md,11,65,0.004465,0.08,uu,uu80149386,2026-08-19T14:06:19.800Z,"16 km NE of Milford, Utah",earthquake,0.26,0.44,0.45711370589458,4,reviewed,uu,uu
2026-08-19T11:45:16.020Z,60.173,-153.103,128.7,1.2,ml,29,78,0.1,0.5,ak,aka2026qjsohj,2026-08-19T17:25:34.163Z,"67 km E of Port Alsworth, Alaska",earthquake,6.1,2.6164,0.4,20,reviewed,ak,ak
2026-08-19T11:43:27.209Z,29.0998,127.9755,227.931,4.4,mb,49,91,2.27,0.98,us,us6000tluu,2026-08-19T12:00:08.040Z,"151 km NW of Uken, Japan",earthquake,8.47,8.116,0.057,88,reviewed,us,us
2026-08-19T11:38:54.070Z,19.350833333333,-155.24416666667,29.28,1.14,ml,40,62,0.02286,0.12,hv,hv75020692,2026-08-29T02:53:54.510Z,"10 km S of Volcano, Hawaii",earthquake,0.51,0.44,0.39242554481815,7,reviewed,hv,hv
2026-08-19T11:38:13.570Z,38.818332672119,-122.82266998291,2.1900000572205,1.03,md,19,61,0.01073,0.02,nc,nc75421202,2026-08-19T12:22:21.378Z,"7 km NW of The Geysers, CA",earthquake,0.22,0.389999986,0.22,20,automatic,nc,nc
2026-08-19T11:36:40.900Z,38.818500518799,-122.82316589356,2.2000000476837,0.77,md,15,65,0.01035,0.01,nc,nc75421197,2026-08-19T12:12:23.306Z,"7 km NW of The Geysers, CA",earthquake,0.28,0.50999999,0.15,18,automatic,nc,nc
2026-08-19T11:30:16.309Z,34.976,-96.0395,5.63,1.12,ml,53,84,0.07018622707,0.42,ok,ok2026qfcm,2026-08-20T13:47:40.726Z,"7 km WNW of Arpelar, Oklahoma",earthquake,,1.1,0.21,23,reviewed,ok,ok
2026-08-19T11:29:39.580Z,33.234833333333,-116.254,9.48,1.62,ml,76,22,0.04203,0.18,ci,ci41530056,2026-08-19T13:22:14.610Z,"11 km ESE of Borrego Springs, CA",earthquake,0.12,0.41,0.15471398637623,26,reviewed,ci,ci
2026-08-19T11:24:17.020Z,38.829833984375,-122.81616973877,1.710000038147,0.8,md,10,79,0.008001,0.01,nc,nc75421192,2026-08-19T11:57:22.200Z,"8 km NW of The Geysers, CA",earthquake,0.35,0.949999988,0.22,13,automatic,nc,nc
2026-08-19T11:19:53.150Z,33.416,-116.638,6.71,0.76,ml,27,69,0.084,0.12,ci,ci41530048,2026-08-19T13:16:33.985Z,"15 km N of Warner Springs, CA",earthquake,0.16,0.35,0.29429368553746,8,reviewed,ci,ci
2026-08-19T11:16:28.470Z,18.531333333333,-66.317166666667,75.13,2.92,md,20,191,0.2086,0.24,pr,pr71528978,2026-08-20T06:13:41.040Z,"7 km NNE of Brenas, Puerto Rico",earthquake,0.92,0.93,0.11512525500097,13,reviewed,pr,pr
2026-08-19T11:10:11.661Z,51.881,-171.337,5.6,2.9,ml,17,231,1.3,0.7,ak,aka2026qjrjwb,2026-08-19T17:22:52.374Z,"199 km E of Atka, Alaska",earthquake,13.7,14.2607,0.1,13,reviewed,ak,ak
2026-08-19T11:06:53.208Z,53.359,-165.533,26.2,2.1,ml,14,306,0.8,0.2,ak,aka2026qjrgxu,2026-08-19T17:15:11.653Z,"87 km SE of Unalaska, Alaska",earthquake,15.8,10.2699,0.1,11,reviewed,ak,ak
2026-08-19T11:03:17.375Z,59.473,-152.745,74.4,1.7,ml,38,83,0.3,0.4,ak,aka2026qjrdvd,2026-08-19T17:06:39.693Z,"48 km WNW of Nanwalek, Alaska",earthquake,3.7,3.0903,0.1,29,reviewed,ak,ak
2026-08-19T11:01:37.358Z,5.4275,125.2714,84.483,4.8,mb,67,81,1.66,0.79,us,us6000tlun,2026-08-19T11:52:06.437Z,"18 km SSW of Balangonan, Philippines",earthquake,8.67,7.619,0.06,86,reviewed,us,us
2026-08-19T10:58:40.880Z,58.172166666667,-155.38083333333,1.69,-0.19,ml,12,69,0.04722,0.11,av,av94393133,2026-08-20T02:53:52.240Z,"86 km NW of Karluk, Alaska",earthquake,0.19,0.42,0.15076360550157,12,reviewed,av,av
2026-08-19T10:57:40.301Z,58.779,-153.634,6.1,1.8,ml,39,49,0.2,0.7,ak,aka2026qjqyyu,2026-08-20T03:09:53.320Z,"90 km NNW of Aleneva, Alaska",earthquake,3.3,2.3485,0.2,31,reviewed,ak,ak
2026-08-19T10:54:35.060Z,57.086,-156.253,4.3,1.8,ml,26,126,0.6,0.7,ak,aka2026qjqwgv,2026-08-19T17:03:43.784Z,"83 km SE of Ugashik, Alaska",earthquake,3.7,2.3789,0.1,20,reviewed,ak,ak
2026-08-19T10:53:03.330Z,38.82833480835,-122.85233306885,2.0499999523163,0.68,md,10,71,0.003633,0.02,nc,nc75421182,2026-08-19T13:12:23.705Z,"10 km NW of The Geysers, CA",earthquake,0.41,0.689999998,0.3,10,automatic,nc,nc
2026-08-19T10:47:40.310Z,33.320833333333,-116.32866666667,12.69,0.44,ml,35,98,0.03275,0.19,ci,ci41530040,2026-08-19T13:16:38.029Z,"8 km NNE of Borrego Springs, CA",earthquake,0.28,0.65,0.13585606556584,4,reviewed,ci,ci
2026-08-19T10:44:59.407Z,-7.8858,120.4442,10.179,4.7,mb,42,64,2.935,0.51,us,us6000tlum,2026-08-19T11:08:15.040Z,"80 km N of Ruteng, Indonesia",earthquake,7.91,4.79,0.108,26,reviewed,us,us
2026-08-19T10:44:48.220Z,51.4557,-177.9603,61.289,2.5,ml,32,201,0.303,0.31,us,us6000tly9,2026-08-20T06:24:00.040Z,"102 km WSW of Adak, Alaska",earthquake,8.11,15.467,0.091,16,reviewed,us,us
2026-08-19T10:40:21.499Z,58.832,-154.503,121.1,1.3,ml,19,157,0.2,0.5,ak,aka2026qjqjyx,2026-08-19T17:00:48.676Z,"69 km SSE of Kokhanok, Alaska",earthquake,8.7,4.5222,0.3,15,reviewed,ak,ak
2026-08-19T10:33:32.297Z,51.679,-173.972,20,2.9,ml,21,277,0.6,1.4,ak,aka2026qjqeaw,2026-08-19T16:58:40.043Z,"59 km SSE of Atka, Alaska",earthquake,15.1,0,0.1,17,reviewed,ak,ak
2026-08-19T10:28:05.035Z,-12.3156,-76.9552,54.038,4.4,mb,35,142,0.344,0.69,us,us6000tluz,2026-08-20T18:11:59.895Z,"20 km WNW of San Bartolo, Peru",earthquake,10.29,7.559,0.09,35,reviewed,us,us
2026-08-19T10:25:35.750Z,61.3175,-152.2515,1.27,0.23,ml,12,124,0.06983,0.07,av,av94393078,2026-08-20T03:05:22.990Z,"65 km WNW of Beluga, Alaska",earthquake,0.19,0.62,0.26761642641439,12,reviewed,av,av
2026-08-19T10:22:01.620Z,33.420666666667,-116.64666666667,7,0.16,ml,19,89,0.08267,0.13,ci,ci41530032,2026-08-19T18:35:17.868Z,"15 km S of Anza, CA",earthquake,0.22,0.72,0.16535363826469,10,reviewed,ci,ci
2026-08-19T10:21:01.070Z,54.143666666667,-165.99366666667,3.28,-0.36,ml,7,107,0.02565,0.3,av,av94393073,2026-08-20T02:59:52.600Z,"14 km W of Akutan, Alaska",earthquake,0.46,1.15,0.282248643707,7,reviewed,av,av
2026-08-19T10:20:23.400Z,32.007,-103.229,7.4841,2,ml,33,45,0.1,0.2,tx,tx2026qgzoxd,2026-08-19T17:45:47.031Z,"12 km SSW of Jal, New Mexico",earthquake,0.69958294332777,1.1586070076757,0.1,31,reviewed,tx,tx
2026-08-19T10:12:04.760Z,33.408,-116.65066666667,4.37,1.24,ml,79,21,0.09344,0.2,ci,ci41530024,2026-08-19T20:21:25.140Z,"14 km N of Warner Springs, CA",earthquake,0.13,0.42,0.15042188370801,26,reviewed,ci,ci
2026-08-19T10:10:30.360Z,38.81600189209,-122.76016998291,1.960000038147,1.04,md,15,116,0.01536,0.02,nc,nc75421177,2026-08-19T10:12:06.156Z,"3 km WSW of Cobb, CA",earthquake,0.3,0.5,0.29,17,automatic,nc,nc
2026-08-19T10:08:23.860Z,48.480333333333,-121.71216666667,5.11,0.85,ml,11,100,0.07058,0.12,uw,uw714082131,2026-08-20T18:35:32.880Z,"7 km SSE of Concrete, Washington",earthquake,0.24,1.82,0.032035946679862,5,reviewed,uw,uw
2026-08-19T10:08:15.340Z,36.5675,-121.172,2.24,0.97,md,21,53,0.01157,0.17,nc,nc75421172,2026-08-31T04:22:22.465Z,"5 km NNW of Pinnacles, CA",earthquake,0.34,0.32,0.178,13,reviewed,nc,nc
2026-08-19T10:07:18.554Z,6.0705,-77.4357,10,4.4,mb,41,137,1.9,0.7,us,us6000tluk,2026-08-20T07:15:14.040Z,"17 km SSW of Bahía Solano, Colombia",earthquake,6.89,1.913,0.103,27,reviewed,us,us
2026-08-19T10:02:51.160Z,38.509333333333,-112.88766666667,1.98,0.78,md,9,136,0.006812,0.04,uu,uu80149376,2026-08-19T15:21:23.730Z,"16 km NE of Milford, Utah",earthquake,0.36,0.38,0.58044879108591,3,reviewed,uu,uu
2026-08-19T10:00:54.251Z,32.009,-103.222,5.0488,1.3,ml,17,71,0.1,0.2,tx,tx2026qgyyfw,2026-08-20T12:57:13.026Z,"11 km SSW of Jal, New Mexico",earthquake,0.99661063701869,1.8546276804172,0.2,6,reviewed,tx,tx
2026-08-19T09:45:42.497Z,58.943,-152.919,72.3,1.6,ml,15,116,0.4,0.3,ak,aka2026qjoool,2026-08-19T16:55:34.861Z,"73 km SW of Nanwalek, Alaska",earthquake,5.3,5.0959,0.2,12,reviewed,ak,ak
2026-08-19T09:43:19.740Z,34.165,-117.45816666667,4.78,0.52,ml,25,78,0.03751,0.15,ci,ci41530016,2026-08-19T20:23:56.192Z,"7 km N of Fontana, CA",earthquake,0.23,0.32,0.12842032959321,6,reviewed,ci,ci
2026-08-19T09:38:59.814Z,52.415,-167.075,11.6,2.4,ml,19,279,1.1,0.4,ak,aka2026qjoiwy,2026-08-19T16:55:20.026Z,"134 km ESE of Nikolski, Alaska",earthquake,13.5,13.1282,0.1,15,reviewed,ak,ak
2026-08-19T09:37:53.470Z,38.832164764404,-122.79533386231,2.420000076294,0.72,md,11,54,0.007353,0.01,nc,nc75421162,2026-08-19T09:39:31.739Z,"6 km W of Cobb, CA",earthquake,0.35,0.550000012,0.11,11,automatic,nc,nc
2026-08-19T09:37:45.180Z,36.579,-121.17316666667,3.29,0.82,md,17,57,0.01225,0.18,nc,nc75421157,2026-08-30T00:42:19.306Z,"6 km NNW of Pinnacles, CA",earthquake,0.37,0.45,0.145,9,reviewed,nc,nc
2026-08-19T09:34:38.390Z,33.8215,-115.78116666667,2.23,0.79,ml,20,102,0.1626,0.14,ci,ci41530008,2026-08-19T19:11:56.431Z,"36 km NNE of North Shore, CA",earthquake,0.24,0.71,0.14417823814317,10,reviewed,ci,ci
2026-08-19T09:31:23.730Z,38.806167602539,-122.81900024414,3.2000000476837,1.1,md,21,57,0.008397,0.02,nc,nc75421152,2026-08-19T12:17:26.341Z,"6 km WNW of The Geysers, CA",earthquake,0.28,0.479999989,0.21,22,automatic,nc,nc
2026-08-19T09:26:53.950Z,53.904333333333,-166.69716666667,6.72,-0.17,ml,6,154,0.02254,0.17,av,av94393033,2026-08-20T02:44:51.670Z,"10 km W of Dutch Harbor, Alaska",earthquake,0.61,0.84,0.16720071892315,6,reviewed,av,av
2026-08-19T09:24:05.930Z,38.805168151855,-122.8184967041,2.9500000476837,0.99,md,15,68,0.009127,0.02,nc,nc75421147,2026-08-19T10:22:20.548Z,"6 km WNW of The Geysers, CA",earthquake,0.31,0.589999974,0.28,18,automatic,nc,nc
2026-08-19T09:23:07.990Z,18.887,-155.241,11.58,2.15,ml,50,258,0.3392,0.19,hv,hv75020637,2026-08-19T20:08:19.210Z,"40 km ESE of Naalehu, Hawaii",earthquake,0.47,0.39,0.10730245823069,15,reviewed,hv,hv
2026-08-19T09:22:53.630Z,38.804332733154,-122.81866455078,3.3099999427795,1.84,md,36,55,0.00938,0.06,nc,nc75421142,2026-08-19T11:52:23.162Z,"6 km WNW of The Geysers, CA",earthquake,0.21,0.349999994,0.17,39,automatic,nc,nc
2026-08-19T09:21:08.880Z,38.806667327881,-122.81916809082,3.2000000476837,1.09,md,24,57,0.008124,0.02,nc,nc75421137,2026-08-19T09:57:21.392Z,"6 km WNW of The Geysers, CA",earthquake,0.26,0.409999996,0.07,25,automatic,nc,nc
2026-08-19T09:19:19.190Z,34.2265,-117.436,12.46,1.32,ml,75,35,0.03455,0.17,ci,ci41530000,2026-08-19T19:09:47.140Z,"3 km W of Devore, CA",earthquake,0.14,0.31,0.18888152885411,22,reviewed,ci,ci
2026-08-19T09:07:19.758Z,-15.9165,-172.7309,10,4.7,mb,36,132,2.197,1.38,us,us6000tluh,2026-08-19T09:32:47.040Z,"114 km E of Hihifo, Tonga",earthquake,10.79,1.89,0.067,67,reviewed,us,us
2026-08-19T09:04:50.070Z,52.077166666667,-176.123,-1.77,0.33,ml,6,130,0.02518,0.28,av,av94392998,2026-08-20T02:34:51.090Z,"41 km ENE of Adak, Alaska",earthquake,0.6,1.22,0.15277655141181,6,reviewed,av,av
2026-08-19T09:04:49.500Z,40.1345,-123.854,23.7,1.45,md,20,33,0.03946,0.1,nc,nc75421132,2026-08-30T01:17:25.531Z,"3 km WNW of Redway, CA",earthquake,0.33,0.49,0.109,11,reviewed,nc,nc
2026-08-19T08:59:15.616Z,38.4955,-116.4708,2.845,1.52,ml,10,200,1.063,0.2284,nn,nn00923503,2026-08-19T09:01:49.020Z,"81 km NE of Tonopah, Nevada",earthquake,,1.5889,0.43,6,automatic,nn,nn
2026-08-19T08:58:27.650Z,38.824001312256,-122.84616851807,2.210000038147,0.98,md,13,105,0.008745,0.01,nc,nc75421127,2026-08-19T09:32:22.233Z,"9 km NW of The Geysers, CA",earthquake,0.27,0.469999999,0.25,16,automatic,nc,nc
2026-08-19T08:54:06.050Z,38.507333333333,-112.89166666667,1.82,1.62,ml,18,47,0.006968,0.13,uu,uu80149371,2026-08-19T14:18:12.410Z,"16 km NE of Milford, Utah",earthquake,0.29,0.52,0.059866714981269,7,reviewed,uu,uu
2026-08-19T08:53:29.740Z,33.5235,-116.95333333333,14.09,0.88,ml,56,21,0.05438,0.2,ci,ci41529992,2026-08-19T13:21:03.010Z,"12 km NW of Aguanga, CA",earthquake,0.17,0.41,0.16929622472474,26,reviewed,ci,ci
2026-08-19T08:51:33.612Z,63.559,-147.314,2.7,1.3,ml,18,93,0.7,0.5,ak,aka2026qjmtpt,2026-08-19T16:54:15.801Z,"81 km ESE of Denali Park, Alaska",earthquake,2.9,3.1802,0.1,13,reviewed,ak,ak
2026-08-19T08:49:35.789Z,38.4792,-116.4746,0.0029,1.53,ml,10,199,1.067,0.1872,nn,nn00923502,2026-08-19T08:52:19.443Z,"80 km NE of Tonopah, Nevada",earthquake,,4.9978,0.35,5,automatic,nn,nn
2026-08-19T08:45:29.450Z,38.821833333333,-122.76166666667,2.24,0.39,md,27,90,0.01076,0.04,nc,nc75421122,2026-08-30T20:37:25.291Z,"3 km W of Cobb, CA",earthquake,0.18,0.24,0.178,23,reviewed,nc,nc
2026-08-19T08:43:15.740Z,38.776000976562,-122.72766876221,1.9299999475479,0.46,md,6,129,0.01011,0.04,nc,nc75421112,2026-08-19T10:57:21.783Z,"2 km E of The Geysers, CA",earthquake,0.51,0.899999976,0.26,7,automatic,nc,nc
2026-08-19T08:34:13.350Z,37.9494,72.4938,121.958,4.1,mb,32,128,0.363,0.77,us,us6000tlud,2026-08-19T09:41:17.040Z,"97 km ENE of Khorugh, Tajikistan",earthquake,7.73,4.773,0.145,13,reviewed,us,us
2026-08-19T08:30:54.952Z,53.965,-165.611,121.4,2,ml,31,186,0.2,0.4,ak,aka2026qjmbst,2026-08-19T16:52:49.723Z,"21 km SSE of Akutan, Alaska",earthquake,34,4.3563,0.4,24,reviewed,ak,ak
2026-08-19T08:29:37.030Z,33.416333333333,-116.63883333333,6.71,1.2418459210833,ml,25,57,0.08395,0.13,ci,ci41529984,2026-08-19T13:19:54.882Z,"15 km N of Warner Springs, CA",earthquake,0.18,0.39,0.38156136870384,6,reviewed,ci,ci
2026-08-19T08:27:23.079Z,34.98316667,-96.036,4.09,1.08,ml,54,99,0.07738481446,0.44,ok,ok2026qewl,2026-08-20T13:35:38.371Z,"7 km NW of Arpelar, Oklahoma",earthquake,,1.3,0.23,22,reviewed,ok,ok
2026-08-19T08:26:22.080Z,33.167166666667,-116.02133333333,7.43,0.47,ml,22,59,0.0371,0.14,ci,ci41529976,2026-08-19T15:40:46.958Z,"11 km ENE of Ocotillo Wells, CA",earthquake,0.22,0.43,0.10533758868652,8,reviewed,ci,ci
2026-08-19T08:25:56.230Z,33.574166666667,-116.80116666667,7.86,0.31,ml,25,42,0.03656,0.15,ci,ci41529968,2026-08-19T13:20:12.577Z,"12 km W of Anza, CA",earthquake,0.21,0.41,0.15043072520196,5,reviewed,ci,ci
2026-08-19T08:23:00.530Z,38.801833333333,-122.92666666667,5.17,0.91,md,26,103,0.02977,0.05,nc,nc75421107,2026-08-29T21:37:44.689Z,"8 km E of Cloverdale, CA",earthquake,0.25,0.59,0.13,12,reviewed,nc,nc
2026-08-19T08:22:41.046Z,57.485,-156.168,89,1.4,ml,19,194,0.2,0.5,ak,aka2026qjlumc,2026-08-19T16:50:19.226Z,"73 km E of Ugashik, Alaska",earthquake,9.1,4.3014,0.1,14,reviewed,ak,ak
2026-08-19T08:22:38.000Z,51.2451,-178.2891,45.41,3.7,mb,40,203,0.451,0.66,us,us6000tlxm,2026-08-26T12:21:38.040Z,"134 km WSW of Adak, Alaska",earthquake,5.2,13.201,0.146,12,reviewed,us,us
2026-08-19T08:22:22.220Z,33.383333333333,-116.39883333333,11.77,0.47,ml,36,68,0.07754,0.19,ci,ci41529960,2026-08-19T13:21:08.600Z,"14 km N of Borrego Springs, CA",earthquake,0.25,0.65,0.087586418515874,8,reviewed,ci,ci
2026-08-19T08:22:05.610Z,46.195166666667,-122.33816666667,10.68,0.15,ml,10,137,0.01391,0.09,uw,uw714082111,2026-08-20T00:04:25.990Z,"32 km NNE of Amboy, Washington",earthquake,0.44,0.51,0.18181636002337,2,reviewed,uw,uw
2026-08-19T08:17:30.240Z,38.513666666667,-112.89216666667,2.72,1.76,ml,23,44,0.005688,0.13,uu,uu80149366,2026-08-19T13:12:03.990Z,"16 km NE of Milford, Utah",earthquake,0.28,0.44,0.1012200580569,7,reviewed,uu,uu
2026-08-19T08:14:30.350Z,35.556166666667,-120.79333333333,4.77,1.59,md,44,49,0.058,0.07,nc,nc75421102,2026-08-29T23:17:28.735Z,"8 km W of Templeton, CA",earthquake,0.17,0.49,0.16,23,reviewed,nc,nc
2026-08-19T08:10:47.544Z,61.683,-150.906,64.1,2.1,ml,69,32,0.2,1,ak,aka2026qjlkgm,2026-08-19T16:48:52.324Z,"26 km NW of Susitna, Alaska",earthquake,2.1,2.6412,0.1,49,reviewed,ak,ak
2026-08-19T08:10:25.820Z,38.808334350586,-122.81700134277,2.9800000190735,1.24,md,28,57,0.009528,0.02,nc,nc75421097,2026-08-19T09:37:21.264Z,"6 km WNW of The Geysers, CA",earthquake,0.23,0.400000006,0.2,28,automatic,nc,nc
2026-08-19T08:08:46.785Z,61.304,-152.295,120.2,1.5,ml,27,38,0.1,0.7,ak,aka2026qjliot,2026-08-19T16:45:44.924Z,"67 km WNW of Beluga, Alaska",earthquake,5,3.6488,0.3,19,reviewed,ak,ak
2026-08-19T08:07:04.310Z,53.899666666667,-166.63533333333,8.97,0.71,ml,12,153,0.03417,0.28,av,av94392908,2026-08-20T02:19:50.200Z,"6 km W of Dutch Harbor, Alaska",earthquake,0.78,0.8,0.21536970986836,15,reviewed,av,av
2026-08-19T08:06:00.510Z,33.413333333333,-116.63716666667,6.92,0.3,ml,34,36,0.08626,0.13,ci,ci41529944,2026-08-19T13:23:19.180Z,"15 km N of Warner Springs, CA",earthquake,0.15,0.55,0.2060336857058,7,reviewed,ci,ci
2026-08-19T08:05:06.240Z,33.2905,-116.73983333333,12.59,0.33,ml,34,44,0.05664,0.15,ci,ci41529936,2026-08-19T13:23:03.590Z,"6 km NNE of Lake Henshaw, CA",earthquake,0.19,0.48,0.068965240898128,3,reviewed,ci,ci
2026-08-19T08:03:52.040Z,33.5165,-116.51266666667,11.43,0.5,ml,34,56,0.0779,0.14,ci,ci41529928,2026-08-19T13:23:20.396Z,"16 km ESE of Anza, CA",earthquake,0.17,0.4,0.11915158601894,7,reviewed,ci,ci
2026-08-19T08:00:57.960Z,34.9775,-96.03733333,4.75,1.65,ml,84,52,0.07198587392,0.38,ok,ok2026qevo,2026-08-19T12:10:43.049Z,"7 km WNW of Arpelar, Oklahoma",earthquake,,0.8,0.25,39,reviewed,ok,ok
2026-08-19T07:55:00.270Z,34.98316667,-96.02333333,5.6,0.93,ml,40,123,0.07828463788,0.39,ok,ok2026qevj,2026-08-20T13:29:47.319Z,"6 km NW of Arpelar, Oklahoma",earthquake,,1.1,0.29,18,reviewed,ok,ok
2026-08-19T07:54:38.090Z,18.916334152222,-155.47900390625,31.930000305176,1.77,md,20,248,0.1895,0.170000002,hv,hv75020592,2026-08-19T07:58:15.030Z,"19 km SSE of Naalehu, Hawaii",earthquake,1.07,1.64999998,0.058592615773783,12,automatic,hv,hv
2026-08-19T07:54:32.000Z,33.415333333333,-116.64033333333,6.64,0.4,ml,39,35,0.08534,0.14,ci,ci41529920,2026-08-19T13:24:28.550Z,"15 km N of Warner Springs, CA",earthquake,0.14,0.38,0.073598968846385,6,reviewed,ci,ci
2026-08-19T07:49:41.945Z,61.758,-150.615,66.4,1.5,ml,24,49,0.3,0.9,ak,aka2026qjkrzo,2026-08-19T16:43:04.983Z,"24 km NNW of Susitna, Alaska",earthquake,4.1,4.368,0.1,19,reviewed,ak,ak
2026-08-19T07:46:23.300Z,54.555,-164.78883333333,32.77,0.99,ml,6,241,0.04024,0.08,av,av93065979,2026-08-20T02:13:19.730Z,"79 km NE of Akutan, Alaska",earthquake,1.04,0.73,0.30366617226089,6,reviewed,av,av
2026-08-19T07:46:09.150Z,33.419,-116.64133333333,6.94,0.37,ml,32,36,0.08228,0.14,ci,ci41529912,2026-08-19T13:23:39.831Z,"15 km N of Warner Springs, CA",earthquake,0.16,0.52,0.099706410631567,8,reviewed,ci,ci
2026-08-19T07:44:19.673Z,52.0677,176.8311,9.618,2.6,ml,14,179,1.045,0.76,us,us6000tly2,2026-08-26T08:06:51.040Z,"262 km ESE of Attu Station, Alaska",earthquake,6.45,6.92,0.097,14,reviewed,us,us
2026-08-19T07:41:33.200Z,38.516833333333,-112.893,2.42,0.87,md,10,114,0.007666,0.07,uu,uu80149361,2026-08-19T14:28:45.110Z,"16 km NE of Milford, Utah",earthquake,0.29,0.5,0.5443182220035,6,reviewed,uu,uu
2026-08-19T07:36:27.360Z,60.45,-152.72766666667,1.12,-0.48,ml,8,167,0.009457,0.23,av,av94392868,2026-08-20T02:03:49.190Z,"73 km NW of Ninilchik, Alaska",earthquake,0.84,0.44,0.24343757362424,8,reviewed,av,av
2026-08-19T07:35:09.500Z,33.419,-116.64016666667,6.62,0.07,ml,22,58,0.0819,0.12,ci,ci10248854,2026-08-19T18:17:23.902Z,"15 km N of Warner Springs, CA",earthquake,0.17,0.4,0.13310089577045,12,reviewed,ci,ci
2026-08-19T07:34:36.530Z,33.416666666667,-116.6405,7.24,0.35,ml,29,39,0.08416,0.14,ci,ci41529904,2026-08-19T17:46:18.858Z,"15 km N of Warner Springs, CA",earthquake,0.17,0.61,0.14061262078439,17,reviewed,ci,ci
2026-08-19T07:34:32.656Z,51.287,-176.152,19.3,2.3,ml,17,229,0.6,0.3,ak,aka2026qjkevl,2026-08-19T16:39:22.476Z,"73 km SSE of Adak, Alaska",earthquake,6.6,5.0868,0.1,12,reviewed,ak,ak
2026-08-19T07:34:11.530Z,33.418833333333,-116.6415,6.73,0.42,ml,23,58,0.08249,0.13,ci,ci10248846,2026-08-19T17:39:30.575Z,"15 km N of Warner Springs, CA",earthquake,0.18,0.39,0.14329105547295,13,reviewed,ci,ci
2026-08-19T07:31:35.950Z,33.406333333333,-116.652,4.73,3.64,ml,132,19,0.09335,0.2,ci,ci41529896,2026-08-26T21:45:48.348Z,"14 km N of Warner Springs, CA",earthquake,0.1,0.42,0.1659650982121,258,reviewed,ci,ci
2026-08-19T07:27:39.195Z,52.0694,176.8034,5.658,2.9,ml,14,179,1.062,0.66,us,us6000tlxz,2026-08-26T07:55:55.040Z,"260 km ESE of Attu Station, Alaska",earthquake,6.29,6.95,0.091,16,reviewed,us,us
2026-08-19T07:25:52.452Z,51.8677,176.8807,10,3.7,ml,16,190,1.013,1.09,us,us6000tlxy,2026-08-26T07:53:14.040Z,"274 km ESE of Attu Station, Alaska",earthquake,4.72,1.984,0.085,18,reviewed,us,us
2026-08-19T07:24:45.282Z,53.575,-163.965,29.9,2.4,ml,22,247,1,0.2,ak,aka2026qjjwim,2026-08-19T16:30:22.953Z,"134 km ESE of Akutan, Alaska",earthquake,10.8,10.9099,0.1,16,reviewed,ak,ak
2026-08-19T07:21:43.420Z,34.97966667,-96.035,4.69,1.12,ml,64,87,0.07378552076,0.31,ok,ok2026qeuh,2026-08-20T13:25:00.737Z,"7 km WNW of Arpelar, Oklahoma",earthquake,,0.8,0.2,24,reviewed,ok,ok
2026-08-19T07:15:02.782Z,51.376,-176.196,24.2,2.1,ml,11,277,0.5,0.3,ak,aka2026qjjnyb,2026-08-19T16:28:41.265Z,"63 km SSE of Adak, Alaska",earthquake,10.2,7.915,0.1,9,reviewed,ak,ak
2026-08-19T07:09:39.282Z,63.565,-147.331,1.9,1.2,ml,18,78,0.7,0.6,ak,aka2026qjjjgo,2026-08-19T16:27:38.219Z,"80 km ESE of Denali Park, Alaska",earthquake,3.3,3.587,0.1,12,reviewed,ak,ak
2026-08-19T07:02:35.979Z,54.3661,-160.3046,10,2.5,ml,17,226,1.197,1.08,us,us6000tlxr,2026-08-26T07:14:19.040Z,"108 km S of Sand Point, Alaska",earthquake,4.98,2.005,0.128,8,reviewed,us,us
2026-08-19T07:02:24.530Z,35.07416667,-97.84333333,8.24,1.34,ml,85,96,0.05848852256,0.41,ok,ok2026qetq,2026-08-20T13:19:29.427Z,"8 km ENE of Chickasha, Oklahoma",earthquake,,1.4,0.21,43,reviewed,ok,ok
2026-08-19T07:01:05.436Z,32.013,-103.232,6.3818,2.3,ml,23,70,0.1,0.2,tx,tx2026qgszdv,2026-08-19T12:52:09.206Z,"11 km SSW of Jal, New Mexico",earthquake,0.72916512817145,1.3674842896799,0.1,12,reviewed,tx,tx
2026-08-19T07:00:21.682Z,38.5887,-116.2724,5.4281,1.65,ml,8,251,1.181,0.2612,nn,nn00923495,2026-08-19T07:02:58.159Z,"97 km SE of Kingston, Nevada",earthquake,,1.1549,0.25,3,automatic,nn,nn
2026-08-19T06:58:46.420Z,53.377,-168.17083333333,3.28,-0.32,ml,8,122,0.02123,0.3,av,av94392783,2026-08-20T01:47:48.350Z,"67 km NE of Nikolski, Alaska",earthquake,0.77,1.16,0.29260339551912,8,reviewed,av,av
2026-08-19T06:50:39.720Z,38.513,-112.8895,2.33,1,md,9,108,0.01162,0.06,uu,uu80149341,2026-08-19T14:43:28.810Z,"16 km NE of Milford, Utah",earthquake,0.28,0.51,0.55980328427723,4,reviewed,uu,uu
2026-08-19T06:39:25.620Z,38.813167572021,-122.82566833496,1.789999961853,1.32,md,26,56,0.005094,0.03,nc,nc75421087,2026-08-19T08:52:21.961Z,"7 km WNW of The Geysers, CA",earthquake,0.18,0.310000002,0.16,25,automatic,nc,nc
2026-08-19T06:38:53.950Z,44.7505,-111.16816666667,13.53,0.27,md,11,82,0.01998,0.13,uu,uu80007873,2026-08-20T16:13:59.600Z,"2 km SE of Hebgen Lake Estates, Montana",earthquake,0.75,1.5,0.12185750940148,9,reviewed,uu,uu
2026-08-19T06:37:59.750Z,44.749333333333,-111.16483333333,13.25,0.47,md,12,78,0.0224,0.12,uu,uu80149336,2026-08-20T16:09:58.320Z,"3 km SE of Hebgen Lake Estates, Montana",earthquake,0.59,1.35,0.14401289850485,11,reviewed,uu,uu
2026-08-19T06:32:48.110Z,33.288,-116.74333333333,13,0.57,ml,39,35,0.05347,0.16,ci,ci41529888,2026-08-19T13:24:14.753Z,"5 km NNE of Lake Henshaw, CA",earthquake,0.19,0.46,0.12731238134416,11,reviewed,ci,ci
2026-08-19T06:31:59.266Z,61.72,-150.751,51.9,2.7,ml,115,21,0.3,1.1,ak,aka2026qjicgs,2026-08-19T16:26:07.700Z,"23 km NNW of Susitna, Alaska",earthquake,1.8,2.8428,0.1,84,reviewed,ak,ak
2026-08-19T06:23:28.630Z,33.485,-116.4675,12.78,0.74,ml,38,38,0.113,0.17,ci,ci41529880,2026-08-19T13:24:10.773Z,"21 km ESE of Anza, CA",earthquake,0.2,0.48,0.16680660796923,13,reviewed,ci,ci
2026-08-19T06:22:00.760Z,38.849666595459,-122.84833526611,1.8600000143051,0.24,md,10,112,0.01493,0.02,nc,nc75421082,2026-08-19T08:22:23.761Z,"11 km WNW of Cobb, CA",earthquake,0.35,0.800000012,0.13,12,automatic,nc,nc
2026-08-19T06:19:44.900Z,34.068166666667,-116.69866666667,9.83,0.62,ml,34,91,0.05145,0.13,ci,ci41529872,2026-08-19T13:24:45.197Z,"11 km WNW of Morongo Valley, CA",earthquake,0.15,0.29,0.093077222257142,13,reviewed,ci,ci
2026-08-19T06:19:21.210Z,38.5155,-112.89133333333,1.59,1.35,ml,16,68,0.007396,0.12,uu,uu80149326,2026-08-19T14:59:57.270Z,"16 km NE of Milford, Utah",earthquake,0.3,0.49,0.20364622848076,4,reviewed,uu,uu
2026-08-19T06:17:46.804Z,49.4239,-119.342,10,2.9,ml,45,159,0.705,1.02,us,us6000tltz,2026-08-20T03:57:59.042Z,"18 km ENE of Okanagan Falls, Canada",earthquake,3.99,2.011,0.045,66,reviewed,us,us
2026-08-19T06:16:10.200Z,47.800333333333,-122.81233333333,20.6,0.56,md,10,209,0.04479,0.14,uw,uw714082081,2026-08-19T23:55:42.080Z,"5 km ESE of Quilcene, Washington",earthquake,0.85,0.69,0.20585470745149,8,reviewed,uw,uw
2026-08-19T06:13:54.490Z,47.797333333333,-122.799,20.05,0.45,md,8,217,0.05302,0.12,uw,uw714082091,2026-08-20T00:00:39.180Z,"6 km ESE of Quilcene, Washington",earthquake,0.77,0.62,0.24909561640007,7,reviewed,uw,uw
2026-08-19T06:02:06.127Z,64.876,-150.467,25.4,1.3,ml,13,69,0.7,0.5,ak,aka2026qjhcrp,2026-08-19T16:23:47.381Z,"16 km SSE of Manley Hot Springs, Alaska",earthquake,4.7,4.4667,0.2,8,reviewed,ak,ak
2026-08-19T06:01:38.380Z,51.801833333333,-178.8055,10.85,1.07,ml,5,127,0.01739,0.21,av,av94392758,2026-08-20T01:39:47.860Z,"149 km W of Adak, Alaska",earthquake,1.29,0.96,0.083651636651279,5,reviewed,av,av
2026-08-19T06:00:40.272Z,64.989,-150.283,14.9,1.4,ml,14,72,0.4,0.7,ak,aka2026qjhblm,2026-08-19T16:22:27.241Z,"16 km E of Manley Hot Springs, Alaska",earthquake,3.7,3.1165,0.2,9,reviewed,ak,ak
2026-08-19T05:56:02.927Z,61.494,-145.8,34.3,1.5,ml,21,79,0.1,0.9,ak,aka2026qjgxkl,2026-08-19T16:20:49.951Z,"37 km WSW of Tonsina, Alaska",earthquake,4,2.5502,0.1,16,reviewed,ak,ak
2026-08-19T05:48:35.540Z,35.312666666667,-117.79916666667,6.75,1.12,ml,33,67,0.05911,0.16,ci,ci41529864,2026-08-19T13:24:53.266Z,"16 km WSW of Johannesburg, CA",earthquake,0.21,0.42,0.12605877957809,18,reviewed,ci,ci
2026-08-19T05:40:03.080Z,38.839168548584,-122.83782958984,1.0499999523163,0.63,md,10,115,0.001919,0.02,nc,nc75421077,2026-08-19T06:17:23.929Z,"10 km NW of The Geysers, CA",earthquake,0.27,0.769999981,0.26,11,automatic,nc,nc
2026-08-19T05:37:50.470Z,38.509,-112.88683333333,2.25,0.98,ml,18,67,0.006516,0.1,uu,uu80149321,2026-08-19T15:17:05.770Z,"16 km NE of Milford, Utah",earthquake,0.28,0.36,0.013073241801701,2,reviewed,uu,uu
2026-08-19T05:32:57.270Z,38.794166564941,-122.76100158691,0.43000000715256,0.74,md,11,81,0.02106,0.01,nc,nc75421072,2026-08-19T06:07:21.857Z,"2 km NNW of The Geysers, CA",earthquake,0.21,0.910000026,0.28,12,automatic,nc,nc
2026-08-19T05:30:40.480Z,46.877833333333,-121.95166666667,4.39,0.47,ml,22,156,0.01106,0.09,uw,uw714082061,2026-08-19T19:29:31.370Z,"14 km NNE of Ashford, Washington",earthquake,0.22,0.42,0.095299435399325,3,reviewed,uw,uw
2026-08-19T05:30:37.820Z,38.793834686279,-122.74816894531,2.2200000286102,1.27,md,19,92,0.01128,0.05,nc,nc75421067,2026-08-19T07:57:20.602Z,"2 km NNE of The Geysers, CA",earthquake,0.31,0.519999981,0.24,21,automatic,nc,nc
2026-08-19T05:26:22.193Z,30.942,-103.624,1.8958,1.1,ml,12,86,0.3,0.2,tx,tx2026qgpvrf,2026-08-19T07:54:57.088Z,"12 km ESE of Balmorhea, Texas",earthquake,0.90724427939391,1.8519964379006,0.1,7,reviewed,tx,tx
2026-08-19T05:22:24.762Z,37.8621,95.5097,10,4.7,mb,33,125,6.828,0.58,us,us6000tltq,2026-08-19T05:40:20.040Z,"265 km SSE of Dunhuang, China",earthquake,11.38,1.168,0.063,77,reviewed,us,us
2026-08-19T05:21:34.470Z,35.896166666667,-118.56116666667,10.1,1.44,ml,30,56,0.1582,0.19,ci,ci41529856,2026-08-19T13:25:01.378Z,"20 km NW of Kernville, CA",earthquake,0.21,0.59,0.25918885093278,19,reviewed,ci,ci
2026-08-19T05:19:41.770Z,33.629833333333,-116.7095,13.64,1.9,ml,103,15,0.04904,0.21,ci,ci41529848,2026-08-19T13:25:34.620Z,"9 km NNW of Anza, CA",earthquake,0.13,0.24,0.20445206075302,26,reviewed,ci,ci
2026-08-19T05:15:15.290Z,38.505666666667,-112.88533333333,2.2,0.97,ml,16,49,0.004208,0.08,uu,uu80149316,2026-08-19T15:11:16.980Z,"16 km NE of Milford, Utah",earthquake,0.29,0.31,0.2934082291308,2,reviewed,uu,uu
2026-08-19T05:10:52.250Z,38.4342,-116.5154,5.6701,1.66,ml,10,149,0.21,0.1533,nn,nn00923493,2026-08-19T22:52:23.745Z,"74 km ENE of Tonopah, Nevada",earthquake,,1.849,0.27,5,reviewed,nn,nn
2026-08-19T05:07:39.860Z,38.823333740234,-122.85566711426,2.7699999809265,0.61,md,12,116,0.01947,0.02,nc,nc75421052,2026-08-19T05:37:19.631Z,"10 km WNW of The Geysers, CA",earthquake,0.34,0.629999995,0.26,11,automatic,nc,nc
2026-08-19T05:05:43.480Z,35.577166666667,-117.41466666667,6.92,0.86,ml,22,58,0.06623,0.16,ci,ci41529840,2026-08-19T13:24:57.250Z,"21 km S of Trona, CA",earthquake,0.25,0.56,0.13486217267298,8,reviewed,ci,ci
2026-08-19T05:03:53.830Z,36.547333333333,-121.13483333333,7.75,0.86,md,14,136,0.04742,0.05,nc,nc75421047,2026-08-29T21:22:22.934Z,"2 km NNE of Pinnacles, CA",earthquake,0.29,0.62,0.143,11,reviewed,nc,nc
2026-08-19T05:03:19.460Z,38.518333333333,-112.88483333333,2.4,0.81,md,10,152,0.005928,0.07,uu,uu80149311,2026-08-19T15:03:13.690Z,"17 km NE of Milford, Utah",earthquake,0.43,0.5,0.89412171995588,3,reviewed,uu,uu
2026-08-19T04:58:59.810Z,58.238,-155.16016666667,4.47,0.26,ml,15,67,0.0438,0.17,av,av94392713,2026-08-20T01:18:16.720Z,"85 km NNW of Karluk, Alaska",earthquake,0.3,0.59,0.2488166377752,15,reviewed,av,av
2026-08-19T04:57:07.036Z,-8.235,120.4092,10,4.4,mb,12,123,3.266,1.45,us,us6000tltj,2026-08-19T23:12:26.040Z,"42 km N of Ruteng, Indonesia",earthquake,9.1,1.919,0.162,11,reviewed,us,us
2026-08-19T04:52:11.450Z,58.246833333333,-155.177,5.16,0.11,ml,17,66,0.03164,0.22,av,av94392693,2026-08-20T01:09:16.170Z,"86 km NNW of Karluk, Alaska",earthquake,0.31,0.64,0.25159682623851,18,reviewed,av,av
2026-08-19T04:51:47.326Z,-21.0451,-68.5483,124.813,4.6,mb,31,75,0.988,0.73,us,us6000tltg,2026-08-19T23:07:42.040Z,"36 km WNW of Ollagüe, Chile",earthquake,6.47,8.49,0.114,23,reviewed,us,us
2026-08-19T04:50:00.117Z,38.4779,-116.4853,3.7433,1.72,ml,9,175,1.059,0.1549,nn,nn00923492,2026-08-19T04:52:37.055Z,"79 km NE of Tonopah, Nevada",earthquake,,1.6436,0.39,6,automatic,nn,nn
2026-08-19T04:48:41.302Z,61.652,-146.375,45.5,1.6,ml,20,85,0.3,0.4,ak,aka2026qjeran,2026-08-19T05:11:33.910Z,"43 km SSE of Nelchina, Alaska",earthquake,4.5,5.2471,0.1,15,reviewed,ak,ak
